Fecha,Código Cliente,Sede,Tipo de Cuenta,Cliente Nuevo ,Neto,Iva
42740,C-148,Barcelona,Cuenta corriente,No,7815,0.21
42740,C-730,Gavà,Cuenta corriente,Si,14868,0.21
42740,C-496,Gavà,Fondo de inversión,No,4489,0.21
42740,B-427,Gavà,Cuenta corriente,Si,8919,0.21
42740,B-609,Gavà,Ahorros,Si,8620,0.21
42740,A-130,Gavà,Hipoteca,Si,2763,0.21
42740,A-309,Tarragona,Ahorros,No,7727,0.21
42740,A-272,Girona,Plan de jubilación,No,3335,0.21
42740,D-258,Girona,Plan de jubilación,Si,12994,0.21
42740,C-407,Lleida,Plan de jubilación,Si,424,0.21
42740,B-450,Lleida,Fondo de inversión,Si,13400,0.21
42740,D-833,Lleida,Fondo de inversión,Si,10436,0.21
42741,B-706,Barcelona,Ahorros,No,10588,0.21
42741,B-912,Barcelona,Ahorros,No,7454,0.21
42741,B-495,Barcelona,Plan de jubilación,No,14868,0.21
42741,A-891,Barcelona,Ahorros,No,12414,0.21
42741,A-668,Barcelona,Hipoteca,No,5806,0.21
42741,B-211,Gavà,Hipoteca,Si,4468,0.21
42741,A-564,Gavà,Cuenta corriente,No,9863,0.21
42741,D-607,Gavà,Cuenta corriente,No,12320,0.21
42741,B-540,Gavà,Cuenta corriente,Si,4719,0.21
42741,C-300,Gavà,Hipoteca,No,2995,0.21
42741,A-529,Gavà,Plan de jubilación,No,11630,0.21
42741,D-503,Gavà,Hipoteca,Si,12962,0.21
42741,C-394,Tarragona,Ahorros,Si,9570,0.21
42741,C-433,Girona,Hipoteca,No,7369,0.21
42741,A-591,Girona,Cuenta corriente,Si,2253,0.21
42741,D-716,Girona,Cuenta corriente,Si,14808,0.21
42741,B-226,Lleida,Hipoteca,Si,4325,0.21
42741,C-230,Lleida,Plan de jubilación,Si,3299,0.21
42742,A-190,Barcelona,Ahorros,Si,12532,0.21
42742,B-943,Barcelona,Hipoteca,No,3908,0.21
42742,B-795,Barcelona,Ahorros,Si,13751,0.21
42742,A-144,Gavà,Fondo de inversión,No,10605,0.21
42742,A-486,Gavà,Cuenta corriente,No,3936,0.21
42742,D-325,Gavà,Fondo de inversión,No,14038,0.21
42742,D-647,Gavà,Plan de jubilación,Si,5775,0.21
42742,B-240,Tarragona,Plan de jubilación,No,13394,0.21
42742,B-430,Tarragona,Plan de jubilación,No,4431,0.21
42742,B-959,Tarragona,Cuenta corriente,No,10921,0.21
42742,B-857,Tarragona,Cuenta corriente,Si,12161,0.21
42742,C-823,Girona,Plan de jubilación,No,13471,0.21
42742,C-438,Girona,Ahorros,Si,6524,0.21
42742,C-714,Lleida,Cuenta corriente,Si,7039,0.21
42742,D-378,Lleida,Hipoteca,Si,4042,0.21
42743,A-212,Barcelona,Plan de jubilación,Si,14527,0.21
42743,D-253,Gavà,Hipoteca,Si,7779,0.21
42743,A-521,Gavà,Fondo de inversión,Si,11360,0.21
42743,A-553,Gavà,Plan de jubilación,Si,3008,0.21
42743,D-216,Tarragona,Cuenta corriente,No,13433,0.21
42743,C-246,Tarragona,Ahorros,No,4131,0.21
42743,D-656,Tarragona,Hipoteca,No,2856,0.21
42743,C-576,Girona,Cuenta corriente,No,9988,0.21
42743,D-261,Girona,Hipoteca,No,5155,0.21
42743,B-991,Girona,Hipoteca,No,1965,0.21
42743,B-289,Girona,Hipoteca,No,7904,0.21
42743,A-114,Girona,Cuenta corriente,No,1062,0.21
42743,D-642,Girona,Cuenta corriente,No,3556,0.21
42743,D-288,Girona,Hipoteca,Si,12681,0.21
42743,C-135,Lleida,Cuenta corriente,No,1057,0.21
42743,C-121,Lleida,Fondo de inversión,No,5339,0.21
42743,D-446,Lleida,Ahorros,No,4879,0.21
42743,B-403,Lleida,Fondo de inversión,Si,13270,0.21
42744,B-822,Barcelona,Cuenta corriente,Si,10202,0.21
42744,B-511,Barcelona,Ahorros,Si,12950,0.21
42744,D-748,Barcelona,Ahorros,Si,9066,0.21
42744,C-101,Gavà,Ahorros,Si,9461,0.21
42744,B-502,Gavà,Ahorros,Si,4417,0.21
42744,A-617,Gavà,Ahorros,No,1511,0.21
42744,A-127,Tarragona,Fondo de inversión,Si,13906,0.21
42744,D-433,Tarragona,Plan de jubilación,No,6789,0.21
42744,D-825,Girona,Hipoteca,Si,12538,0.21
42744,C-691,Girona,Cuenta corriente,No,13929,0.21
42744,A-927,Girona,Cuenta corriente,Si,5136,0.21
42744,A-994,Lleida,Ahorros,No,1387,0.21
42744,C-387,Lleida,Plan de jubilación,No,2863,0.21
42745,B-687,Barcelona,Plan de jubilación,No,9333,0.21
42745,A-980,Gavà,Ahorros,Si,13091,0.21
42745,C-496,Gavà,Ahorros,Si,12722,0.21
42745,A-275,Gavà,Cuenta corriente,No,5108,0.21
42745,B-967,Gavà,Hipoteca,Si,3627,0.21
42745,C-758,Gavà,Ahorros,No,7105,0.21
42745,D-423,Tarragona,Hipoteca,No,8731,0.21
42745,D-461,Tarragona,Ahorros,No,3283,0.21
42745,B-618,Girona,Plan de jubilación,No,11531,0.21
42745,A-971,Lleida,Ahorros,Si,11002,0.21
42746,B-982,Gavà,Fondo de inversión,Si,4819,0.21
42746,C-337,Gavà,Cuenta corriente,No,816,0.21
42746,B-351,Tarragona,Cuenta corriente,No,11004,0.21
42746,A-627,Tarragona,Plan de jubilación,Si,7684,0.21
42746,A-624,Tarragona,Cuenta corriente,No,13172,0.21
42746,D-441,Tarragona,Fondo de inversión,Si,7011,0.21
42746,D-140,Tarragona,Fondo de inversión,No,2468,0.21
42746,A-367,Tarragona,Cuenta corriente,No,13217,0.21
42746,B-198,Lleida,Cuenta corriente,Si,545,0.21
42747,B-247,Barcelona,Hipoteca,Si,4039,0.21
42747,A-962,Barcelona,Plan de jubilación,Si,11041,0.21
42747,D-714,Gavà,Ahorros,No,13433,0.21
42747,C-893,Gavà,Ahorros,Si,13790,0.21
42747,A-226,Tarragona,Plan de jubilación,Si,13208,0.21
42747,B-148,Tarragona,Hipoteca,No,12089,0.21
42747,D-538,Tarragona,Hipoteca,No,11076,0.21
42747,D-258,Girona,Hipoteca,No,10829,0.21
42748,B-206,Barcelona,Fondo de inversión,No,3734,0.21
42748,D-194,Gavà,Fondo de inversión,Si,6342,0.21
42748,B-267,Gavà,Ahorros,No,895,0.21
42748,A-877,Gavà,Cuenta corriente,Si,4351,0.21
42748,A-305,Tarragona,Cuenta corriente,No,5417,0.21
42748,B-872,Tarragona,Fondo de inversión,No,11878,0.21
42748,A-961,Girona,Hipoteca,Si,13439,0.21
42748,C-216,Girona,Cuenta corriente,Si,11313,0.21
42748,D-925,Lleida,Fondo de inversión,Si,258,0.21
42748,D-841,Lleida,Plan de jubilación,Si,12094,0.21
42748,A-811,Lleida,Plan de jubilación,Si,3172,0.21
42748,D-145,Lleida,Hipoteca,No,100,0.21
42749,C-231,Barcelona,Hipoteca,Si,11367,0.21
42749,B-438,Barcelona,Ahorros,No,1519,0.21
42749,A-117,Barcelona,Hipoteca,No,12551,0.21
42749,C-954,Barcelona,Plan de jubilación,Si,14821,0.21
42749,A-519,Barcelona,Cuenta corriente,Si,317,0.21
42749,B-644,Gavà,Ahorros,No,2517,0.21
42749,B-381,Gavà,Hipoteca,Si,3526,0.21
42749,B-110,Gavà,Fondo de inversión,Si,12393,0.21
42749,C-120,Gavà,Hipoteca,No,14562,0.21
42749,B-270,Girona,Cuenta corriente,No,14312,0.21
42749,C-303,Girona,Ahorros,No,3890,0.21
42749,D-829,Lleida,Fondo de inversión,No,7620,0.21
42750,A-471,Barcelona,Plan de jubilación,No,12579,0.21
42750,A-401,Barcelona,Ahorros,Si,11825,0.21
42750,B-150,Gavà,Hipoteca,Si,12777,0.21
42750,C-627,Gavà,Ahorros,No,6950,0.21
42750,D-158,Tarragona,Plan de jubilación,Si,8894,0.21
42750,B-450,Tarragona,Fondo de inversión,Si,6217,0.21
42750,D-247,Tarragona,Plan de jubilación,No,14194,0.21
42750,A-859,Girona,Plan de jubilación,Si,9263,0.21
42750,D-647,Girona,Ahorros,No,5747,0.21
42750,D-478,Girona,Fondo de inversión,No,10242,0.21
42750,B-491,Lleida,Hipoteca,No,5681,0.21
42750,A-212,Lleida,Ahorros,No,5862,0.21
42751,D-655,Barcelona,Cuenta corriente,No,8127,0.21
42751,B-376,Barcelona,Fondo de inversión,No,4189,0.21
42751,B-987,Barcelona,Fondo de inversión,Si,9252,0.21
42751,B-405,Gavà,Cuenta corriente,No,10359,0.21
42751,C-785,Tarragona,Cuenta corriente,No,14506,0.21
42751,A-220,Tarragona,Ahorros,Si,12332,0.21
42751,D-877,Tarragona,Plan de jubilación,No,828,0.21
42751,C-211,Girona,Cuenta corriente,Si,9191,0.21
42751,A-160,Girona,Cuenta corriente,No,6530,0.21
42751,D-611,Girona,Hipoteca,No,13427,0.21
42751,B-860,Girona,Fondo de inversión,No,7360,0.21
42751,C-291,Lleida,Fondo de inversión,Si,13008,0.21
42751,B-386,Lleida,Fondo de inversión,Si,4317,0.21
42751,A-935,Lleida,Ahorros,Si,8117,0.21
42751,A-723,Lleida,Hipoteca,No,11990,0.21
42752,B-344,Barcelona,Fondo de inversión,Si,3066,0.21
42752,B-588,Barcelona,Cuenta corriente,No,5652,0.21
42752,D-626,Gavà,Fondo de inversión,Si,6749,0.21
42752,D-806,Gavà,Plan de jubilación,Si,7886,0.21
42752,B-596,Gavà,Fondo de inversión,No,2764,0.21
42752,B-628,Tarragona,Fondo de inversión,No,13804,0.21
42752,C-940,Tarragona,Cuenta corriente,Si,6593,0.21
42752,C-640,Tarragona,Plan de jubilación,No,13519,0.21
42752,B-256,Tarragona,Fondo de inversión,No,7501,0.21
42752,D-580,Tarragona,Hipoteca,Si,198,0.21
42752,D-171,Girona,Fondo de inversión,No,14189,0.21
42752,D-775,Girona,Cuenta corriente,Si,13749,0.21
42752,A-352,Girona,Fondo de inversión,No,2425,0.21
42752,B-138,Girona,Ahorros,Si,2376,0.21
42752,B-617,Girona,Cuenta corriente,Si,8512,0.21
42752,D-403,Girona,Ahorros,Si,7671,0.21
42752,C-903,Lleida,Ahorros,No,6920,0.21
42752,A-407,Lleida,Cuenta corriente,No,3780,0.21
42752,A-384,Lleida,Hipoteca,Si,7935,0.21
42752,A-387,Lleida,Cuenta corriente,No,7858,0.21
42753,B-457,Barcelona,Cuenta corriente,Si,5516,0.21
42753,A-252,Barcelona,Fondo de inversión,Si,1833,0.21
42753,A-652,Barcelona,Fondo de inversión,No,13765,0.21
42753,A-603,Gavà,Cuenta corriente,No,7511,0.21
42753,B-393,Gavà,Ahorros,No,12409,0.21
42753,C-923,Gavà,Plan de jubilación,No,11997,0.21
42753,B-249,Tarragona,Cuenta corriente,Si,12605,0.21
42753,C-245,Tarragona,Cuenta corriente,Si,14447,0.21
42753,D-458,Tarragona,Hipoteca,No,3733,0.21
42753,B-987,Tarragona,Fondo de inversión,Si,2335,0.21
42753,A-667,Girona,Hipoteca,Si,9542,0.21
42753,B-271,Girona,Fondo de inversión,No,2080,0.21
42753,A-420,Lleida,Ahorros,Si,7833,0.21
42753,C-885,Lleida,Hipoteca,No,12106,0.21
42754,C-740,Barcelona,Hipoteca,Si,6606,0.21
42754,C-765,Barcelona,Hipoteca,Si,8352,0.21
42754,C-729,Barcelona,Ahorros,Si,8248,0.21
42754,C-971,Barcelona,Fondo de inversión,Si,8686,0.21
42754,A-958,Barcelona,Cuenta corriente,No,13540,0.21
42754,A-631,Barcelona,Fondo de inversión,No,12226,0.21
42754,C-738,Gavà,Plan de jubilación,Si,4879,0.21
42754,C-889,Gavà,Plan de jubilación,No,13383,0.21
42754,C-987,Gavà,Ahorros,No,6563,0.21
42754,A-743,Gavà,Cuenta corriente,Si,5713,0.21
42754,D-760,Tarragona,Ahorros,No,541,0.21
42754,A-202,Tarragona,Fondo de inversión,No,9681,0.21
42754,A-273,Tarragona,Cuenta corriente,Si,5004,0.21
42754,C-160,Tarragona,Cuenta corriente,Si,5609,0.21
42754,B-626,Tarragona,Ahorros,No,14382,0.21
42754,A-467,Girona,Cuenta corriente,Si,9414,0.21
42754,B-860,Girona,Ahorros,No,3829,0.21
42754,A-910,Girona,Ahorros,No,13523,0.21
42754,A-841,Girona,Plan de jubilación,Si,8447,0.21
42754,A-919,Lleida,Plan de jubilación,No,10493,0.21
42755,D-235,Barcelona,Ahorros,Si,7110,0.21
42755,D-376,Barcelona,Ahorros,Si,12437,0.21
42755,B-228,Barcelona,Plan de jubilación,Si,647,0.21
42755,C-838,Gavà,Cuenta corriente,No,11514,0.21
42755,A-518,Gavà,Plan de jubilación,Si,10382,0.21
42755,D-350,Gavà,Fondo de inversión,Si,1398,0.21
42755,D-868,Gavà,Plan de jubilación,Si,1726,0.21
42755,D-626,Gavà,Fondo de inversión,No,6158,0.21
42755,D-301,Gavà,Cuenta corriente,Si,7354,0.21
42755,A-143,Gavà,Plan de jubilación,No,8408,0.21
42755,C-740,Gavà,Cuenta corriente,No,14542,0.21
42755,A-923,Gavà,Fondo de inversión,Si,9780,0.21
42755,C-203,Tarragona,Cuenta corriente,Si,6858,0.21
42755,B-124,Tarragona,Fondo de inversión,No,6635,0.21
42755,A-538,Tarragona,Plan de jubilación,Si,14676,0.21
42755,C-646,Tarragona,Ahorros,No,5223,0.21
42755,B-465,Tarragona,Plan de jubilación,Si,13019,0.21
42755,C-686,Girona,Hipoteca,No,12802,0.21
42756,C-330,Barcelona,Hipoteca,Si,7844,0.21
42756,B-894,Gavà,Plan de jubilación,Si,9455,0.21
42756,A-597,Gavà,Cuenta corriente,No,9052,0.21
42756,A-343,Gavà,Plan de jubilación,No,14046,0.21
42756,C-535,Gavà,Ahorros,Si,415,0.21
42756,C-603,Tarragona,Plan de jubilación,Si,4324,0.21
42756,A-626,Tarragona,Cuenta corriente,No,671,0.21
42756,D-205,Tarragona,Hipoteca,Si,14716,0.21
42756,A-654,Tarragona,Fondo de inversión,No,14503,0.21
42756,C-714,Girona,Plan de jubilación,No,7242,0.21
42756,D-614,Lleida,Hipoteca,Si,9950,0.21
42757,B-133,Barcelona,Plan de jubilación,No,8199,0.21
42757,C-623,Barcelona,Ahorros,Si,3396,0.21
42757,B-936,Barcelona,Cuenta corriente,Si,2308,0.21
42757,B-184,Gavà,Hipoteca,Si,609,0.21
42757,B-344,Gavà,Ahorros,No,1672,0.21
42757,D-275,Tarragona,Fondo de inversión,Si,5341,0.21
42757,A-810,Tarragona,Plan de jubilación,Si,679,0.21
42757,C-752,Girona,Plan de jubilación,Si,6451,0.21
42757,D-304,Girona,Ahorros,No,7000,0.21
42757,B-866,Girona,Plan de jubilación,Si,1470,0.21
42757,C-813,Lleida,Cuenta corriente,No,4894,0.21
42757,C-553,Lleida,Hipoteca,No,1730,0.21
42757,C-796,Lleida,Plan de jubilación,No,5334,0.21
42757,B-772,Lleida,Cuenta corriente,No,11041,0.21
42757,A-630,Lleida,Ahorros,No,6800,0.21
42758,A-169,Barcelona,Plan de jubilación,No,3890,0.21
42758,A-150,Barcelona,Ahorros,Si,6587,0.21
42758,B-907,Barcelona,Ahorros,Si,3863,0.21
42758,A-957,Barcelona,Fondo de inversión,Si,11445,0.21
42758,B-527,Barcelona,Plan de jubilación,No,14061,0.21
42758,B-709,Gavà,Cuenta corriente,Si,6081,0.21
42758,C-981,Tarragona,Plan de jubilación,No,14952,0.21
42758,B-539,Tarragona,Fondo de inversión,No,14801,0.21
42758,C-813,Tarragona,Hipoteca,Si,664,0.21
42758,D-254,Lleida,Ahorros,Si,5480,0.21
42758,B-690,Lleida,Hipoteca,No,13501,0.21
42758,C-282,Lleida,Fondo de inversión,No,11670,0.21
42758,A-344,Lleida,Plan de jubilación,Si,6354,0.21
42758,B-513,Lleida,Ahorros,Si,9891,0.21
42759,D-753,Barcelona,Ahorros,No,3315,0.21
42759,C-740,Barcelona,Fondo de inversión,Si,10518,0.21
42759,C-142,Barcelona,Fondo de inversión,Si,2698,0.21
42759,B-326,Gavà,Cuenta corriente,No,6717,0.21
42759,C-167,Gavà,Plan de jubilación,No,7751,0.21
42759,A-169,Tarragona,Fondo de inversión,No,10527,0.21
42759,D-352,Tarragona,Hipoteca,No,12607,0.21
42759,C-355,Girona,Ahorros,Si,4659,0.21
42759,B-405,Girona,Fondo de inversión,No,10235,0.21
42759,A-119,Girona,Cuenta corriente,No,13130,0.21
42759,A-127,Girona,Fondo de inversión,Si,12578,0.21
42759,B-616,Lleida,Fondo de inversión,Si,6372,0.21
42760,B-608,Barcelona,Hipoteca,No,14859,0.21
42760,B-357,Barcelona,Cuenta corriente,No,9724,0.21
42760,C-263,Barcelona,Plan de jubilación,Si,10936,0.21
42760,D-327,Barcelona,Fondo de inversión,No,3690,0.21
42760,B-626,Barcelona,Hipoteca,Si,981,0.21
42760,D-167,Gavà,Fondo de inversión,No,11142,0.21
42760,D-300,Gavà,Cuenta corriente,Si,5836,0.21
42760,C-937,Tarragona,Ahorros,Si,8146,0.21
42760,C-639,Tarragona,Cuenta corriente,No,10457,0.21
42760,A-478,Girona,Cuenta corriente,Si,6907,0.21
42760,B-469,Lleida,Hipoteca,No,4107,0.21
42760,B-690,Lleida,Fondo de inversión,No,12245,0.21
42760,D-478,Lleida,Hipoteca,Si,8257,0.21
42761,D-982,Barcelona,Fondo de inversión,Si,1015,0.21
42761,B-129,Barcelona,Ahorros,Si,8283,0.21
42761,D-757,Barcelona,Cuenta corriente,No,6467,0.21
42761,B-179,Gavà,Fondo de inversión,No,9042,0.21
42761,C-768,Gavà,Ahorros,Si,2129,0.21
42761,B-660,Girona,Fondo de inversión,Si,14523,0.21
42761,B-145,Girona,Cuenta corriente,No,7764,0.21
42761,D-237,Girona,Plan de jubilación,No,11103,0.21
42761,B-766,Lleida,Plan de jubilación,Si,5715,0.21
42761,A-466,Lleida,Plan de jubilación,No,8053,0.21
42761,C-214,Lleida,Plan de jubilación,Si,10067,0.21
42761,D-427,Lleida,Plan de jubilación,No,13727,0.21
42761,D-285,Lleida,Plan de jubilación,Si,11526,0.21
42761,D-185,Lleida,Hipoteca,No,9189,0.21
42762,B-869,Barcelona,Hipoteca,No,8896,0.21
42762,C-720,Barcelona,Hipoteca,No,14875,0.21
42762,C-631,Barcelona,Plan de jubilación,No,9272,0.21
42762,C-264,Barcelona,Cuenta corriente,Si,3737,0.21
42762,B-750,Gavà,Ahorros,Si,14990,0.21
42762,A-661,Gavà,Ahorros,No,3644,0.21
42762,C-736,Gavà,Fondo de inversión,Si,14128,0.21
42762,C-186,Gavà,Fondo de inversión,Si,2951,0.21
42762,C-317,Gavà,Fondo de inversión,Si,10770,0.21
42762,A-160,Tarragona,Cuenta corriente,Si,4836,0.21
42762,B-156,Girona,Ahorros,No,2622,0.21
42762,A-707,Girona,Cuenta corriente,No,11794,0.21
42762,C-841,Girona,Cuenta corriente,Si,11841,0.21
42763,C-644,Barcelona,Plan de jubilación,Si,4180,0.21
42763,B-506,Barcelona,Hipoteca,No,10030,0.21
42763,D-770,Barcelona,Cuenta corriente,Si,6078,0.21
42763,A-498,Gavà,Hipoteca,No,5746,0.21
42763,C-886,Tarragona,Ahorros,No,3680,0.21
42763,A-836,Tarragona,Hipoteca,No,6393,0.21
42763,A-134,Girona,Fondo de inversión,Si,12096,0.21
42763,D-503,Girona,Plan de jubilación,Si,3253,0.21
42763,C-197,Girona,Hipoteca,Si,8852,0.21
42763,B-647,Lleida,Fondo de inversión,Si,9411,0.21
42763,B-601,Lleida,Hipoteca,Si,5772,0.21
42763,B-417,Lleida,Ahorros,Si,10132,0.21
42763,B-879,Lleida,Fondo de inversión,No,11880,0.21
42764,C-586,Barcelona,Ahorros,Si,9239,0.21
42764,B-211,Gavà,Fondo de inversión,No,12730,0.21
42764,B-810,Gavà,Hipoteca,No,4323,0.21
42764,C-360,Tarragona,Ahorros,Si,5629,0.21
42764,D-905,Lleida,Hipoteca,No,14053,0.21
42765,B-873,Barcelona,Cuenta corriente,Si,4047,0.21
42765,D-500,Barcelona,Fondo de inversión,No,4155,0.21
42765,A-712,Barcelona,Hipoteca,No,9189,0.21
42765,D-184,Barcelona,Ahorros,Si,5623,0.21
42765,A-964,Barcelona,Fondo de inversión,Si,10258,0.21
42765,A-930,Gavà,Fondo de inversión,Si,4201,0.21
42765,D-739,Gavà,Cuenta corriente,No,8702,0.21
42765,D-495,Tarragona,Plan de jubilación,No,11755,0.21
42765,C-214,Girona,Cuenta corriente,No,4044,0.21
42765,C-455,Lleida,Cuenta corriente,Si,1203,0.21
42765,D-687,Lleida,Fondo de inversión,Si,1695,0.21
42765,C-193,Lleida,Ahorros,No,12861,0.21
42765,B-266,Lleida,Cuenta corriente,Si,9909,0.21
42766,D-431,Barcelona,Hipoteca,Si,13275,0.21
42766,B-814,Barcelona,Ahorros,No,2553,0.21
42766,C-530,Gavà,Cuenta corriente,No,10090,0.21
42766,C-250,Tarragona,Hipoteca,Si,11294,0.21
42766,D-654,Girona,Hipoteca,Si,7379,0.21
42766,D-308,Girona,Plan de jubilación,No,14775,0.21
42766,D-187,Girona,Cuenta corriente,No,7480,0.21
42766,A-710,Girona,Ahorros,Si,4679,0.21
42766,D-600,Lleida,Plan de jubilación,No,4478,0.21
42766,A-177,Lleida,Fondo de inversión,No,2880,0.21
42766,D-562,Lleida,Ahorros,No,4392,0.21
42767,C-852,Barcelona,Hipoteca,No,8021,0.21
42767,C-855,Barcelona,Plan de jubilación,No,6550,0.21
42767,D-390,Barcelona,Plan de jubilación,No,6700,0.21
42767,C-130,Gavà,Ahorros,No,14648,0.21
42767,A-864,Tarragona,Plan de jubilación,No,11448,0.21
42767,C-500,Tarragona,Fondo de inversión,Si,13176,0.21
42767,B-485,Tarragona,Ahorros,Si,11890,0.21
42767,C-834,Girona,Fondo de inversión,Si,13236,0.21
42767,B-316,Lleida,Hipoteca,No,983,0.21
42767,B-348,Lleida,Cuenta corriente,Si,534,0.21
42768,C-278,Barcelona,Plan de jubilación,No,8660,0.21
42768,C-411,Barcelona,Cuenta corriente,Si,12043,0.21
42768,A-794,Barcelona,Fondo de inversión,No,5272,0.21
42768,A-640,Barcelona,Plan de jubilación,Si,196,0.21
42768,C-120,Gavà,Hipoteca,Si,14190,0.21
42768,A-159,Tarragona,Fondo de inversión,Si,8330,0.21
42768,D-714,Tarragona,Fondo de inversión,No,1688,0.21
42768,B-648,Tarragona,Cuenta corriente,No,2951,0.21
42768,C-296,Lleida,Hipoteca,Si,4929,0.21
42769,D-690,Barcelona,Ahorros,No,5356,0.21
42769,D-418,Barcelona,Cuenta corriente,No,7356,0.21
42769,C-936,Barcelona,Ahorros,Si,2839,0.21
42769,D-101,Gavà,Hipoteca,No,10739,0.21
42769,D-920,Gavà,Fondo de inversión,Si,13450,0.21
42769,C-148,Gavà,Plan de jubilación,Si,14821,0.21
42769,C-123,Tarragona,Ahorros,Si,9744,0.21
42769,B-219,Tarragona,Cuenta corriente,No,11487,0.21
42769,B-937,Tarragona,Hipoteca,No,4281,0.21
42769,A-706,Girona,Cuenta corriente,No,11342,0.21
42769,C-889,Girona,Cuenta corriente,Si,11738,0.21
42769,C-627,Lleida,Ahorros,Si,10090,0.21
42769,A-323,Lleida,Cuenta corriente,Si,8075,0.21
42769,D-725,Lleida,Ahorros,Si,14346,0.21
42769,C-829,Lleida,Ahorros,No,8251,0.21
42770,B-592,Barcelona,Hipoteca,No,10337,0.21
42770,C-441,Barcelona,Fondo de inversión,Si,3253,0.21
42770,C-208,Barcelona,Ahorros,No,14731,0.21
42770,D-997,Gavà,Ahorros,Si,5931,0.21
42770,D-380,Gavà,Fondo de inversión,No,9859,0.21
42770,B-110,Gavà,Cuenta corriente,Si,12226,0.21
42770,C-467,Gavà,Cuenta corriente,Si,155,0.21
42770,B-295,Gavà,Ahorros,No,10893,0.21
42770,D-161,Gavà,Hipoteca,No,2823,0.21
42770,D-907,Gavà,Cuenta corriente,Si,12850,0.21
42770,A-656,Tarragona,Ahorros,Si,5716,0.21
42770,D-295,Tarragona,Fondo de inversión,No,8454,0.21
42770,C-492,Girona,Hipoteca,No,8396,0.21
42770,C-997,Lleida,Hipoteca,Si,7030,0.21
42770,A-786,Lleida,Fondo de inversión,Si,9877,0.21
42770,D-969,Lleida,Cuenta corriente,No,8809,0.21
42770,A-899,Lleida,Hipoteca,No,5378,0.21
42771,D-579,Barcelona,Fondo de inversión,No,5290,0.21
42771,A-179,Barcelona,Fondo de inversión,Si,9477,0.21
42771,D-448,Barcelona,Ahorros,No,4094,0.21
42771,C-535,Gavà,Plan de jubilación,Si,1367,0.21
42771,C-885,Gavà,Cuenta corriente,No,11655,0.21
42771,C-393,Gavà,Plan de jubilación,No,10183,0.21
42771,D-993,Tarragona,Plan de jubilación,No,6055,0.21
42771,C-250,Tarragona,Ahorros,Si,11344,0.21
42771,C-837,Tarragona,Ahorros,No,7078,0.21
42771,C-280,Tarragona,Plan de jubilación,Si,6538,0.21
42771,D-114,Girona,Cuenta corriente,Si,443,0.21
42771,A-858,Girona,Cuenta corriente,Si,10962,0.21
42771,C-126,Lleida,Ahorros,No,14923,0.21
42771,B-127,Lleida,Ahorros,No,4555,0.21
42772,D-912,Barcelona,Ahorros,No,4596,0.21
42772,A-205,Barcelona,Fondo de inversión,No,1824,0.21
42772,B-940,Barcelona,Hipoteca,Si,3380,0.21
42772,C-121,Barcelona,Plan de jubilación,No,14100,0.21
42772,C-788,Barcelona,Fondo de inversión,Si,11741,0.21
42772,C-464,Gavà,Plan de jubilación,No,2470,0.21
42772,B-442,Gavà,Plan de jubilación,No,7253,0.21
42772,D-608,Tarragona,Plan de jubilación,Si,12227,0.21
42772,A-530,Tarragona,Plan de jubilación,Si,8785,0.21
42772,D-223,Tarragona,Fondo de inversión,Si,7830,0.21
42772,A-907,Tarragona,Hipoteca,Si,1145,0.21
42772,C-792,Tarragona,Plan de jubilación,No,4418,0.21
42772,A-802,Girona,Cuenta corriente,Si,3525,0.21
42772,C-194,Lleida,Ahorros,Si,5656,0.21
42772,B-261,Lleida,Fondo de inversión,No,6006,0.21
42773,D-774,Barcelona,Ahorros,No,2357,0.21
42773,A-982,Barcelona,Ahorros,Si,13693,0.21
42773,B-195,Barcelona,Ahorros,Si,9740,0.21
42773,B-909,Gavà,Fondo de inversión,Si,12743,0.21
42773,D-981,Gavà,Hipoteca,No,531,0.21
42773,B-504,Gavà,Fondo de inversión,Si,2550,0.21
42773,D-836,Gavà,Plan de jubilación,No,777,0.21
42773,A-247,Gavà,Hipoteca,Si,2921,0.21
42773,B-328,Tarragona,Cuenta corriente,Si,8434,0.21
42773,B-748,Tarragona,Cuenta corriente,Si,7189,0.21
42773,D-363,Tarragona,Fondo de inversión,Si,13860,0.21
42773,A-542,Girona,Fondo de inversión,No,9692,0.21
42773,B-914,Lleida,Fondo de inversión,No,11553,0.21
42773,A-724,Lleida,Hipoteca,Si,2104,0.21
42774,C-828,Barcelona,Ahorros,No,242,0.21
42774,C-486,Barcelona,Hipoteca,Si,741,0.21
42774,A-325,Barcelona,Fondo de inversión,Si,11328,0.21
42774,B-597,Gavà,Fondo de inversión,Si,14459,0.21
42774,D-449,Gavà,Plan de jubilación,Si,14057,0.21
42774,C-471,Tarragona,Hipoteca,Si,3261,0.21
42774,A-151,Girona,Cuenta corriente,No,14622,0.21
42774,D-729,Girona,Ahorros,No,7242,0.21
42774,A-973,Lleida,Hipoteca,No,9458,0.21
42774,C-418,Lleida,Fondo de inversión,No,3852,0.21
42774,C-750,Lleida,Ahorros,No,9323,0.21
42774,C-745,Lleida,Cuenta corriente,No,5476,0.21
42775,D-362,Gavà,Cuenta corriente,No,6210,0.21
42775,D-684,Gavà,Fondo de inversión,Si,10256,0.21
42775,C-742,Tarragona,Cuenta corriente,No,1930,0.21
42775,A-988,Tarragona,Ahorros,Si,11510,0.21
42775,C-998,Girona,Hipoteca,No,10867,0.21
42775,B-993,Lleida,Plan de jubilación,No,8241,0.21
42775,D-270,Lleida,Ahorros,No,2863,0.21
42775,D-636,Lleida,Cuenta corriente,No,9993,0.21
42775,A-222,Lleida,Plan de jubilación,Si,14742,0.21
42775,D-192,Lleida,Ahorros,No,2349,0.21
42775,D-767,Lleida,Cuenta corriente,No,11878,0.21
42776,C-965,Barcelona,Cuenta corriente,No,1363,0.21
42776,C-130,Gavà,Cuenta corriente,Si,7270,0.21
42776,B-368,Tarragona,Ahorros,No,885,0.21
42776,C-954,Girona,Hipoteca,Si,9121,0.21
42776,C-435,Lleida,Hipoteca,No,10789,0.21
42776,A-565,Lleida,Ahorros,No,1445,0.21
42777,A-175,Barcelona,Plan de jubilación,Si,13736,0.21
42777,C-887,Barcelona,Hipoteca,Si,2828,0.21
42777,D-563,Gavà,Fondo de inversión,No,5692,0.21
42777,A-201,Gavà,Hipoteca,Si,4220,0.21
42777,A-701,Tarragona,Cuenta corriente,Si,14469,0.21
42777,C-662,Tarragona,Plan de jubilación,No,14875,0.21
42777,C-556,Tarragona,Hipoteca,Si,14466,0.21
42777,B-721,Tarragona,Ahorros,No,14964,0.21
42777,A-815,Tarragona,Fondo de inversión,No,12810,0.21
42777,C-245,Lleida,Plan de jubilación,Si,2742,0.21
42777,B-258,Lleida,Hipoteca,Si,7688,0.21
42777,D-520,Lleida,Ahorros,Si,10114,0.21
42778,A-632,Barcelona,Hipoteca,No,4645,0.21
42778,C-303,Tarragona,Hipoteca,No,14040,0.21
42778,B-695,Tarragona,Hipoteca,Si,7920,0.21
42778,D-867,Tarragona,Cuenta corriente,No,6190,0.21
42778,B-933,Tarragona,Plan de jubilación,No,5711,0.21
42778,B-396,Tarragona,Plan de jubilación,Si,10789,0.21
42778,A-206,Tarragona,Fondo de inversión,Si,11873,0.21
42778,D-143,Girona,Ahorros,Si,2422,0.21
42778,B-766,Girona,Plan de jubilación,No,10641,0.21
42778,A-886,Girona,Fondo de inversión,No,7434,0.21
42778,C-776,Girona,Plan de jubilación,Si,14415,0.21
42778,A-976,Girona,Plan de jubilación,Si,8552,0.21
42778,C-359,Lleida,Hipoteca,Si,9905,0.21
42778,D-162,Lleida,Fondo de inversión,Si,221,0.21
42778,A-737,Lleida,Plan de jubilación,Si,7427,0.21
42778,C-664,Lleida,Ahorros,No,9154,0.21
42779,B-643,Gavà,Fondo de inversión,No,5327,0.21
42779,A-734,Gavà,Ahorros,No,3165,0.21
42779,A-138,Gavà,Ahorros,No,9821,0.21
42779,D-354,Girona,Cuenta corriente,No,4271,0.21
42779,C-104,Girona,Plan de jubilación,Si,6017,0.21
42779,A-177,Lleida,Hipoteca,No,5138,0.21
42779,A-950,Lleida,Fondo de inversión,No,13272,0.21
42779,B-621,Lleida,Plan de jubilación,No,14703,0.21
42780,C-990,Barcelona,Fondo de inversión,No,5510,0.21
42780,B-299,Gavà,Hipoteca,No,2356,0.21
42780,D-980,Gavà,Plan de jubilación,Si,727,0.21
42780,C-871,Gavà,Hipoteca,Si,5490,0.21
42780,A-610,Tarragona,Ahorros,No,7039,0.21
42780,C-937,Tarragona,Cuenta corriente,Si,11699,0.21
42780,A-229,Girona,Cuenta corriente,No,4055,0.21
42780,C-768,Lleida,Plan de jubilación,No,12411,0.21
42780,A-475,Lleida,Fondo de inversión,No,6635,0.21
42780,A-857,Lleida,Cuenta corriente,No,5144,0.21
42780,C-225,Lleida,Fondo de inversión,No,12310,0.21
42780,B-845,Lleida,Cuenta corriente,No,3607,0.21
42780,B-866,Lleida,Ahorros,No,4946,0.21
42780,D-757,Lleida,Plan de jubilación,Si,13858,0.21
42781,B-548,Barcelona,Hipoteca,Si,4959,0.21
42781,C-190,Barcelona,Plan de jubilación,Si,551,0.21
42781,C-115,Barcelona,Plan de jubilación,Si,14096,0.21
42781,C-824,Gavà,Ahorros,No,3055,0.21
42781,C-943,Gavà,Hipoteca,Si,12445,0.21
42781,D-800,Gavà,Plan de jubilación,No,139,0.21
42781,D-763,Tarragona,Plan de jubilación,Si,10731,0.21
42781,B-502,Tarragona,Hipoteca,Si,3110,0.21
42781,B-386,Tarragona,Cuenta corriente,No,2738,0.21
42781,D-609,Tarragona,Plan de jubilación,Si,3774,0.21
42781,B-669,Tarragona,Cuenta corriente,Si,10512,0.21
42781,C-293,Girona,Fondo de inversión,Si,12519,0.21
42781,A-192,Girona,Ahorros,No,4943,0.21
42781,D-717,Girona,Fondo de inversión,Si,5134,0.21
42781,B-176,Girona,Cuenta corriente,No,5763,0.21
42781,C-178,Girona,Fondo de inversión,Si,11092,0.21
42781,B-328,Lleida,Ahorros,No,9830,0.21
42781,A-586,Lleida,Ahorros,No,12721,0.21
42781,A-619,Lleida,Plan de jubilación,Si,1376,0.21
42782,C-943,Barcelona,Fondo de inversión,Si,12976,0.21
42782,A-584,Barcelona,Plan de jubilación,Si,4241,0.21
42782,B-618,Gavà,Cuenta corriente,No,5651,0.21
42782,B-628,Gavà,Plan de jubilación,No,416,0.21
42782,B-384,Tarragona,Hipoteca,No,4799,0.21
42782,A-857,Tarragona,Fondo de inversión,Si,1613,0.21
42782,A-428,Girona,Ahorros,No,9601,0.21
42782,B-587,Girona,Fondo de inversión,Si,804,0.21
42782,C-327,Lleida,Hipoteca,No,2133,0.21
42782,D-126,Lleida,Ahorros,Si,7816,0.21
42782,B-917,Lleida,Hipoteca,No,9812,0.21
42783,A-814,Barcelona,Plan de jubilación,No,7493,0.21
42783,A-898,Barcelona,Ahorros,No,2971,0.21
42783,A-972,Gavà,Cuenta corriente,No,7965,0.21
42783,A-340,Gavà,Plan de jubilación,No,8020,0.21
42783,D-634,Gavà,Cuenta corriente,Si,13597,0.21
42783,C-526,Tarragona,Cuenta corriente,Si,3876,0.21
42783,D-393,Girona,Cuenta corriente,No,4043,0.21
42783,C-882,Lleida,Hipoteca,Si,203,0.21
42783,A-316,Lleida,Fondo de inversión,Si,12312,0.21
42783,D-452,Lleida,Ahorros,Si,13213,0.21
42783,D-193,Lleida,Plan de jubilación,No,11605,0.21
42784,C-308,Barcelona,Ahorros,Si,10280,0.21
42784,D-677,Barcelona,Ahorros,No,477,0.21
42784,C-542,Barcelona,Cuenta corriente,Si,2362,0.21
42784,B-906,Gavà,Plan de jubilación,No,9390,0.21
42784,C-291,Gavà,Hipoteca,No,9766,0.21
42784,D-899,Tarragona,Hipoteca,No,9312,0.21
42784,D-659,Girona,Plan de jubilación,Si,8480,0.21
42784,A-302,Girona,Hipoteca,Si,14737,0.21
42785,D-435,Barcelona,Ahorros,Si,11326,0.21
42785,B-585,Gavà,Fondo de inversión,Si,7742,0.21
42785,C-339,Gavà,Hipoteca,No,8960,0.21
42785,B-987,Gavà,Ahorros,No,8792,0.21
42785,D-382,Gavà,Hipoteca,Si,4161,0.21
42785,D-564,Tarragona,Fondo de inversión,Si,141,0.21
42785,B-702,Tarragona,Plan de jubilación,Si,599,0.21
42785,D-751,Tarragona,Hipoteca,No,1785,0.21
42785,C-182,Tarragona,Hipoteca,No,9513,0.21
42785,A-195,Tarragona,Hipoteca,No,6534,0.21
42785,A-162,Girona,Fondo de inversión,No,11369,0.21
42785,A-599,Girona,Ahorros,Si,10819,0.21
42786,D-582,Barcelona,Fondo de inversión,Si,846,0.21
42786,A-941,Barcelona,Plan de jubilación,No,1535,0.21
42786,C-273,Barcelona,Plan de jubilación,No,12395,0.21
42786,A-934,Gavà,Ahorros,No,10102,0.21
42786,B-309,Gavà,Ahorros,No,6220,0.21
42786,B-208,Gavà,Hipoteca,Si,12944,0.21
42786,C-731,Gavà,Hipoteca,No,6896,0.21
42786,C-932,Gavà,Cuenta corriente,Si,13931,0.21
42786,D-338,Gavà,Fondo de inversión,Si,12925,0.21
42786,B-437,Tarragona,Cuenta corriente,Si,14912,0.21
42786,C-940,Tarragona,Fondo de inversión,Si,4191,0.21
42786,C-363,Tarragona,Plan de jubilación,Si,8358,0.21
42786,B-930,Girona,Cuenta corriente,No,13459,0.21
42786,D-989,Lleida,Fondo de inversión,Si,10567,0.21
42786,B-759,Lleida,Hipoteca,No,5313,0.21
42787,D-512,Barcelona,Ahorros,No,7607,0.21
42787,B-536,Barcelona,Ahorros,Si,10535,0.21
42787,A-112,Barcelona,Plan de jubilación,No,241,0.21
42787,C-303,Gavà,Hipoteca,Si,10285,0.21
42787,D-739,Tarragona,Fondo de inversión,No,9515,0.21
42787,A-600,Tarragona,Cuenta corriente,Si,2399,0.21
42787,D-523,Tarragona,Cuenta corriente,No,8817,0.21
42787,C-268,Tarragona,Cuenta corriente,No,7271,0.21
42787,A-492,Girona,Hipoteca,Si,3356,0.21
42787,B-398,Girona,Ahorros,No,12998,0.21
42787,C-153,Lleida,Hipoteca,Si,4072,0.21
42788,B-705,Gavà,Plan de jubilación,Si,5570,0.21
42788,A-408,Gavà,Hipoteca,No,1116,0.21
42788,D-861,Gavà,Cuenta corriente,No,7298,0.21
42788,D-915,Gavà,Cuenta corriente,No,8851,0.21
42788,B-827,Gavà,Ahorros,Si,13768,0.21
42788,A-416,Tarragona,Cuenta corriente,No,191,0.21
42788,B-458,Tarragona,Fondo de inversión,No,14431,0.21
42788,D-468,Tarragona,Hipoteca,Si,681,0.21
42788,D-724,Girona,Hipoteca,Si,3117,0.21
42788,A-510,Girona,Fondo de inversión,Si,3791,0.21
42788,A-617,Girona,Hipoteca,Si,14743,0.21
42788,D-877,Girona,Plan de jubilación,Si,14365,0.21
42788,D-892,Girona,Fondo de inversión,No,4712,0.21
42788,A-792,Girona,Cuenta corriente,Si,14049,0.21
42788,C-903,Girona,Cuenta corriente,No,8545,0.21
42788,C-632,Lleida,Cuenta corriente,Si,11263,0.21
42788,B-498,Lleida,Ahorros,Si,12294,0.21
42789,A-730,Barcelona,Cuenta corriente,Si,11284,0.21
42789,D-160,Barcelona,Ahorros,Si,5979,0.21
42789,A-351,Barcelona,Ahorros,No,766,0.21
42789,B-414,Barcelona,Hipoteca,No,6807,0.21
42789,C-207,Barcelona,Ahorros,Si,3578,0.21
42789,D-484,Barcelona,Plan de jubilación,No,5489,0.21
42789,C-717,Barcelona,Cuenta corriente,Si,7856,0.21
42789,D-350,Barcelona,Ahorros,No,3957,0.21
42789,C-742,Gavà,Cuenta corriente,No,2525,0.21
42789,B-896,Gavà,Cuenta corriente,Si,1788,0.21
42789,A-926,Tarragona,Plan de jubilación,No,5629,0.21
42789,B-628,Tarragona,Ahorros,Si,7304,0.21
42789,D-888,Tarragona,Cuenta corriente,No,2283,0.21
42789,D-105,Tarragona,Ahorros,Si,12382,0.21
42789,C-438,Girona,Ahorros,No,8206,0.21
42789,A-772,Girona,Plan de jubilación,No,3542,0.21
42789,A-528,Girona,Fondo de inversión,Si,410,0.21
42789,B-588,Lleida,Plan de jubilación,Si,4732,0.21
42790,C-619,Barcelona,Fondo de inversión,No,4572,0.21
42790,D-198,Barcelona,Hipoteca,Si,7790,0.21
42790,D-447,Barcelona,Ahorros,Si,5913,0.21
42790,D-135,Barcelona,Ahorros,No,11683,0.21
42790,C-578,Gavà,Cuenta corriente,No,13401,0.21
42790,A-358,Gavà,Plan de jubilación,Si,6062,0.21
42790,D-533,Tarragona,Ahorros,Si,7001,0.21
42790,D-295,Tarragona,Fondo de inversión,Si,10867,0.21
42790,A-255,Tarragona,Plan de jubilación,Si,937,0.21
42790,B-668,Tarragona,Hipoteca,No,5072,0.21
42790,B-491,Tarragona,Hipoteca,No,7456,0.21
42790,A-847,Girona,Ahorros,No,7208,0.21
42790,A-359,Lleida,Plan de jubilación,Si,12308,0.21
42790,B-902,Lleida,Cuenta corriente,Si,4038,0.21
42791,A-712,Barcelona,Fondo de inversión,Si,4532,0.21
42791,A-451,Barcelona,Hipoteca,Si,4411,0.21
42791,B-910,Barcelona,Hipoteca,Si,6575,0.21
42791,D-296,Gavà,Cuenta corriente,No,12910,0.21
42791,A-429,Gavà,Cuenta corriente,Si,1084,0.21
42791,A-547,Gavà,Cuenta corriente,Si,12058,0.21
42791,B-125,Girona,Plan de jubilación,No,1936,0.21
42791,D-858,Girona,Ahorros,No,3274,0.21
42791,C-227,Girona,Cuenta corriente,Si,10952,0.21
42791,A-488,Girona,Hipoteca,No,14451,0.21
42791,B-490,Girona,Cuenta corriente,Si,2351,0.21
42791,D-483,Girona,Hipoteca,Si,11624,0.21
42791,B-603,Lleida,Hipoteca,Si,10629,0.21
42792,B-715,Barcelona,Fondo de inversión,Si,12323,0.21
42792,D-670,Barcelona,Ahorros,No,590,0.21
42792,A-296,Barcelona,Plan de jubilación,No,6798,0.21
42792,C-384,Gavà,Hipoteca,No,3548,0.21
42792,D-554,Gavà,Hipoteca,Si,7235,0.21
42792,B-412,Gavà,Hipoteca,No,9934,0.21
42792,A-158,Tarragona,Plan de jubilación,Si,1184,0.21
42792,C-893,Tarragona,Plan de jubilación,Si,5257,0.21
42792,D-604,Tarragona,Fondo de inversión,No,13359,0.21
42792,D-774,Girona,Hipoteca,Si,11096,0.21
42792,C-524,Girona,Hipoteca,No,12282,0.21
42792,C-399,Girona,Plan de jubilación,No,11245,0.21
42792,D-241,Lleida,Cuenta corriente,No,454,0.21
42793,D-289,Barcelona,Ahorros,Si,13493,0.21
42793,C-314,Barcelona,Fondo de inversión,No,3987,0.21
42793,D-287,Gavà,Hipoteca,Si,14933,0.21
42793,D-544,Gavà,Fondo de inversión,No,2362,0.21
42793,C-890,Gavà,Ahorros,Si,9012,0.21
42793,B-917,Tarragona,Fondo de inversión,No,9817,0.21
42793,A-883,Girona,Fondo de inversión,No,7448,0.21
42793,C-600,Girona,Hipoteca,Si,12423,0.21
42793,A-809,Girona,Fondo de inversión,Si,2308,0.21
42793,A-602,Girona,Fondo de inversión,Si,518,0.21
42793,C-964,Lleida,Ahorros,Si,9806,0.21
42794,D-938,Barcelona,Fondo de inversión,Si,14172,0.21
42794,B-989,Barcelona,Ahorros,No,13020,0.21
42794,B-674,Girona,Fondo de inversión,No,12754,0.21
42794,C-713,Girona,Hipoteca,Si,13510,0.21
42794,A-302,Girona,Cuenta corriente,Si,5313,0.21
42795,A-929,Barcelona,Plan de jubilación,Si,2639,0.21
42795,D-757,Barcelona,Plan de jubilación,No,4272,0.21
42795,D-530,Barcelona,Ahorros,Si,7819,0.21
42795,C-300,Gavà,Cuenta corriente,No,2695,0.21
42795,B-525,Tarragona,Hipoteca,No,7330,0.21
42795,D-866,Tarragona,Ahorros,Si,6627,0.21
42795,B-438,Tarragona,Plan de jubilación,No,2874,0.21
42795,C-533,Tarragona,Plan de jubilación,Si,14559,0.21
42795,D-407,Girona,Plan de jubilación,Si,6489,0.21
42795,A-485,Girona,Hipoteca,Si,13648,0.21
42795,A-533,Girona,Plan de jubilación,Si,12472,0.21
42795,D-971,Lleida,Hipoteca,Si,664,0.21
42795,C-556,Lleida,Plan de jubilación,Si,1377,0.21
42795,D-244,Lleida,Hipoteca,Si,5052,0.21
42796,A-684,Barcelona,Fondo de inversión,Si,1729,0.21
42796,C-823,Barcelona,Fondo de inversión,No,9238,0.21
42796,B-238,Gavà,Ahorros,Si,6838,0.21
42796,C-471,Gavà,Fondo de inversión,Si,4682,0.21
42796,C-749,Gavà,Fondo de inversión,No,5342,0.21
42796,C-779,Gavà,Plan de jubilación,No,12128,0.21
42796,D-328,Tarragona,Plan de jubilación,Si,1304,0.21
42796,A-292,Tarragona,Cuenta corriente,Si,4670,0.21
42796,A-724,Tarragona,Cuenta corriente,No,4922,0.21
42796,D-525,Girona,Fondo de inversión,Si,10688,0.21
42796,C-168,Girona,Hipoteca,No,2223,0.21
42796,C-759,Girona,Hipoteca,No,5317,0.21
42796,B-943,Lleida,Fondo de inversión,No,1266,0.21
42796,B-267,Lleida,Hipoteca,Si,9183,0.21
42796,C-823,Lleida,Ahorros,No,3976,0.21
42796,B-303,Lleida,Hipoteca,No,8264,0.21
42797,D-537,Barcelona,Ahorros,Si,1710,0.21
42797,A-795,Barcelona,Hipoteca,Si,5009,0.21
42797,C-742,Barcelona,Plan de jubilación,No,2825,0.21
42797,D-791,Gavà,Ahorros,Si,6825,0.21
42797,D-208,Gavà,Cuenta corriente,Si,3310,0.21
42797,C-200,Gavà,Fondo de inversión,No,8592,0.21
42797,C-725,Gavà,Cuenta corriente,No,12263,0.21
42797,B-509,Tarragona,Ahorros,Si,7335,0.21
42797,D-594,Tarragona,Plan de jubilación,No,13671,0.21
42797,C-288,Tarragona,Ahorros,Si,782,0.21
42797,A-907,Tarragona,Hipoteca,Si,4759,0.21
42797,B-302,Girona,Ahorros,No,2881,0.21
42797,C-629,Girona,Ahorros,Si,6190,0.21
42797,A-955,Girona,Plan de jubilación,Si,10092,0.21
42797,C-770,Girona,Plan de jubilación,Si,14930,0.21
42797,A-667,Lleida,Plan de jubilación,Si,3797,0.21
42797,B-979,Lleida,Fondo de inversión,Si,11153,0.21
42797,B-876,Lleida,Hipoteca,No,9750,0.21
42798,B-950,Gavà,Fondo de inversión,Si,9853,0.21
42798,D-920,Gavà,Ahorros,Si,9116,0.21
42798,A-506,Gavà,Plan de jubilación,Si,4558,0.21
42798,C-262,Tarragona,Hipoteca,Si,3422,0.21
42798,B-657,Tarragona,Plan de jubilación,No,13584,0.21
42798,A-119,Girona,Hipoteca,No,10741,0.21
42798,A-709,Girona,Plan de jubilación,No,11947,0.21
42798,C-982,Girona,Fondo de inversión,No,614,0.21
42798,C-567,Lleida,Cuenta corriente,Si,14575,0.21
42798,A-700,Lleida,Plan de jubilación,Si,7162,0.21
42799,C-163,Barcelona,Fondo de inversión,No,3308,0.21
42799,C-757,Barcelona,Hipoteca,Si,12034,0.21
42799,D-609,Barcelona,Plan de jubilación,No,13967,0.21
42799,D-251,Gavà,Cuenta corriente,Si,7842,0.21
42799,C-828,Gavà,Fondo de inversión,No,9464,0.21
42799,D-363,Tarragona,Ahorros,No,8540,0.21
42799,A-554,Tarragona,Ahorros,No,3171,0.21
42799,A-199,Girona,Fondo de inversión,No,5743,0.21
42799,A-148,Lleida,Plan de jubilación,No,8066,0.21
42799,D-594,Lleida,Cuenta corriente,No,8362,0.21
42799,B-999,Lleida,Fondo de inversión,No,11686,0.21
42799,B-742,Lleida,Ahorros,No,11155,0.21
42799,D-381,Lleida,Hipoteca,No,349,0.21
42799,A-526,Lleida,Plan de jubilación,Si,6453,0.21
42799,A-111,Lleida,Fondo de inversión,No,9681,0.21
42800,D-432,Barcelona,Ahorros,Si,13336,0.21
42800,A-717,Barcelona,Plan de jubilación,No,13064,0.21
42800,C-945,Barcelona,Hipoteca,Si,2177,0.21
42800,B-327,Barcelona,Fondo de inversión,No,13432,0.21
42800,D-701,Barcelona,Cuenta corriente,Si,8998,0.21
42800,C-354,Gavà,Plan de jubilación,No,11452,0.21
42800,A-193,Gavà,Hipoteca,Si,8444,0.21
42800,C-136,Tarragona,Ahorros,Si,1091,0.21
42800,D-541,Tarragona,Cuenta corriente,No,14003,0.21
42800,D-235,Girona,Plan de jubilación,No,4655,0.21
42800,B-254,Girona,Ahorros,Si,7916,0.21
42800,D-879,Girona,Cuenta corriente,Si,13116,0.21
42800,C-280,Girona,Cuenta corriente,Si,5797,0.21
42800,C-454,Girona,Hipoteca,No,4600,0.21
42800,A-283,Girona,Fondo de inversión,No,9417,0.21
42800,D-236,Lleida,Hipoteca,No,3778,0.21
42801,D-615,Gavà,Fondo de inversión,No,12966,0.21
42801,C-858,Girona,Plan de jubilación,Si,347,0.21
42802,D-615,Barcelona,Plan de jubilación,No,13298,0.21
42802,C-926,Barcelona,Hipoteca,Si,5570,0.21
42802,A-362,Barcelona,Plan de jubilación,Si,8186,0.21
42802,A-932,Barcelona,Ahorros,No,9769,0.21
42802,A-718,Barcelona,Plan de jubilación,No,9602,0.21
42802,C-542,Barcelona,Hipoteca,Si,13506,0.21
42802,A-220,Gavà,Cuenta corriente,No,2184,0.21
42802,C-441,Gavà,Cuenta corriente,Si,3292,0.21
42802,C-654,Gavà,Plan de jubilación,Si,693,0.21
42802,A-187,Gavà,Fondo de inversión,Si,251,0.21
42802,B-349,Tarragona,Ahorros,Si,3604,0.21
42802,B-130,Girona,Hipoteca,No,10811,0.21
42802,A-592,Girona,Cuenta corriente,No,5005,0.21
42802,C-645,Girona,Fondo de inversión,Si,11355,0.21
42802,A-206,Lleida,Cuenta corriente,No,8394,0.21
42803,B-653,Barcelona,Cuenta corriente,No,3836,0.21
42803,B-876,Barcelona,Plan de jubilación,Si,10529,0.21
42803,D-463,Barcelona,Fondo de inversión,Si,6808,0.21
42803,B-956,Barcelona,Plan de jubilación,No,10765,0.21
42803,B-688,Barcelona,Plan de jubilación,Si,14964,0.21
42803,B-931,Barcelona,Ahorros,Si,9264,0.21
42803,C-894,Barcelona,Cuenta corriente,No,1603,0.21
42803,B-110,Gavà,Ahorros,Si,1844,0.21
42803,D-349,Girona,Cuenta corriente,No,14818,0.21
42803,A-430,Girona,Fondo de inversión,Si,940,0.21
42803,C-333,Girona,Cuenta corriente,Si,8476,0.21
42803,D-383,Lleida,Hipoteca,Si,3584,0.21
42803,B-987,Lleida,Hipoteca,Si,7772,0.21
42803,D-558,Lleida,Hipoteca,Si,8566,0.21
42803,D-185,Lleida,Plan de jubilación,No,1716,0.21
42804,D-993,Barcelona,Cuenta corriente,No,11176,0.21
42804,A-692,Barcelona,Ahorros,No,8204,0.21
42804,D-709,Barcelona,Fondo de inversión,No,1500,0.21
42804,C-478,Gavà,Cuenta corriente,No,9359,0.21
42804,B-116,Gavà,Plan de jubilación,No,1053,0.21
42804,A-888,Gavà,Cuenta corriente,Si,2328,0.21
42804,A-812,Gavà,Plan de jubilación,No,8267,0.21
42804,A-794,Tarragona,Ahorros,Si,12497,0.21
42804,C-581,Girona,Plan de jubilación,Si,1960,0.21
42804,D-447,Girona,Cuenta corriente,No,7022,0.21
42804,B-674,Girona,Hipoteca,No,8459,0.21
42804,B-736,Girona,Cuenta corriente,No,621,0.21
42804,B-694,Lleida,Hipoteca,No,13669,0.21
42805,A-273,Barcelona,Plan de jubilación,Si,5614,0.21
42805,C-547,Gavà,Ahorros,No,1046,0.21
42805,A-359,Gavà,Ahorros,Si,4572,0.21
42805,C-815,Gavà,Cuenta corriente,No,8747,0.21
42805,B-799,Gavà,Cuenta corriente,Si,443,0.21
42805,B-818,Gavà,Plan de jubilación,No,8544,0.21
42805,B-722,Tarragona,Fondo de inversión,Si,3904,0.21
42805,A-702,Tarragona,Plan de jubilación,Si,6967,0.21
42805,A-972,Girona,Plan de jubilación,No,4249,0.21
42805,B-191,Girona,Plan de jubilación,Si,5641,0.21
42805,C-145,Girona,Plan de jubilación,Si,1510,0.21
42805,C-724,Lleida,Ahorros,No,4484,0.21
42805,B-845,Lleida,Plan de jubilación,Si,7942,0.21
42805,C-405,Lleida,Plan de jubilación,Si,11557,0.21
42805,A-881,Lleida,Hipoteca,No,13636,0.21
42806,B-826,Barcelona,Fondo de inversión,Si,7462,0.21
42806,A-922,Barcelona,Ahorros,No,4768,0.21
42806,A-201,Barcelona,Ahorros,No,8625,0.21
42806,B-426,Barcelona,Plan de jubilación,Si,8155,0.21
42806,A-774,Gavà,Cuenta corriente,No,1288,0.21
42806,C-318,Gavà,Hipoteca,No,966,0.21
42806,C-359,Gavà,Ahorros,Si,4862,0.21
42806,B-824,Tarragona,Plan de jubilación,No,10213,0.21
42806,A-297,Tarragona,Ahorros,Si,14016,0.21
42806,C-560,Tarragona,Plan de jubilación,Si,4195,0.21
42806,D-920,Girona,Cuenta corriente,No,13514,0.21
42806,C-739,Girona,Hipoteca,No,13718,0.21
42806,B-708,Girona,Hipoteca,No,9784,0.21
42806,C-409,Girona,Ahorros,No,888,0.21
42806,A-118,Lleida,Ahorros,No,2230,0.21
42806,B-821,Lleida,Hipoteca,No,14904,0.21
42806,A-657,Lleida,Hipoteca,No,9297,0.21
42806,A-478,Lleida,Ahorros,Si,7245,0.21
42806,C-203,Lleida,Cuenta corriente,Si,13583,0.21
42807,B-818,Barcelona,Cuenta corriente,No,6423,0.21
42807,C-808,Gavà,Cuenta corriente,No,9866,0.21
42807,A-272,Gavà,Plan de jubilación,No,808,0.21
42807,A-351,Gavà,Ahorros,No,13732,0.21
42807,B-619,Gavà,Hipoteca,No,3718,0.21
42807,C-531,Tarragona,Hipoteca,No,9932,0.21
42807,D-763,Tarragona,Ahorros,No,13825,0.21
42807,A-246,Girona,Cuenta corriente,Si,3095,0.21
42807,B-968,Girona,Plan de jubilación,No,14931,0.21
42807,B-653,Girona,Cuenta corriente,Si,615,0.21
42807,D-974,Girona,Plan de jubilación,No,12643,0.21
42807,B-912,Girona,Ahorros,No,3134,0.21
42807,B-426,Lleida,Plan de jubilación,Si,7311,0.21
42808,D-599,Barcelona,Hipoteca,Si,11692,0.21
42808,D-329,Gavà,Fondo de inversión,Si,3523,0.21
42808,C-316,Gavà,Cuenta corriente,Si,6258,0.21
42808,B-937,Gavà,Fondo de inversión,Si,5561,0.21
42808,D-281,Tarragona,Cuenta corriente,Si,10960,0.21
42808,B-936,Girona,Plan de jubilación,Si,8648,0.21
42808,C-217,Girona,Hipoteca,Si,12517,0.21
42808,D-526,Girona,Fondo de inversión,No,12668,0.21
42808,A-706,Lleida,Ahorros,Si,5968,0.21
42809,A-843,Barcelona,Cuenta corriente,Si,11553,0.21
42809,A-204,Gavà,Cuenta corriente,No,5552,0.21
42809,B-122,Tarragona,Cuenta corriente,No,8336,0.21
42809,C-344,Girona,Ahorros,No,10962,0.21
42809,D-529,Girona,Ahorros,No,730,0.21
42809,C-550,Girona,Plan de jubilación,Si,10792,0.21
42809,B-434,Lleida,Cuenta corriente,No,7538,0.21
42809,C-930,Lleida,Hipoteca,Si,7127,0.21
42809,B-516,Lleida,Hipoteca,No,10654,0.21
42809,B-504,Lleida,Hipoteca,No,7478,0.21
42810,A-150,Barcelona,Cuenta corriente,Si,8835,0.21
42810,A-195,Barcelona,Plan de jubilación,Si,7562,0.21
42810,D-953,Barcelona,Ahorros,Si,13239,0.21
42810,C-365,Barcelona,Fondo de inversión,Si,8390,0.21
42810,B-458,Gavà,Hipoteca,No,1981,0.21
42810,D-586,Tarragona,Fondo de inversión,Si,4698,0.21
42810,B-360,Girona,Plan de jubilación,No,12202,0.21
42810,D-974,Girona,Plan de jubilación,Si,4463,0.21
42810,B-681,Girona,Hipoteca,Si,6898,0.21
42810,C-387,Girona,Hipoteca,Si,13046,0.21
42810,A-115,Lleida,Cuenta corriente,Si,3140,0.21
42810,A-876,Lleida,Hipoteca,No,10284,0.21
42811,B-320,Barcelona,Cuenta corriente,Si,9564,0.21
42811,A-307,Barcelona,Fondo de inversión,Si,4905,0.21
42811,A-172,Gavà,Hipoteca,No,4948,0.21
42811,A-488,Gavà,Hipoteca,Si,8383,0.21
42811,D-474,Tarragona,Fondo de inversión,Si,12320,0.21
42811,A-198,Tarragona,Cuenta corriente,Si,3783,0.21
42811,D-390,Girona,Fondo de inversión,No,5128,0.21
42811,C-215,Girona,Hipoteca,Si,467,0.21
42811,B-341,Lleida,Hipoteca,No,2030,0.21
42811,A-338,Lleida,Fondo de inversión,No,5731,0.21
42811,A-894,Lleida,Hipoteca,Si,11089,0.21
42811,A-190,Lleida,Hipoteca,No,769,0.21
42811,A-824,Lleida,Plan de jubilación,No,13838,0.21
42812,A-902,Barcelona,Fondo de inversión,No,7621,0.21
42812,A-341,Barcelona,Ahorros,Si,402,0.21
42812,B-786,Gavà,Plan de jubilación,Si,2875,0.21
42812,D-367,Gavà,Cuenta corriente,Si,1129,0.21
42812,C-706,Tarragona,Ahorros,Si,14309,0.21
42812,C-201,Tarragona,Cuenta corriente,No,3663,0.21
42812,B-142,Girona,Hipoteca,Si,7564,0.21
42812,C-576,Girona,Hipoteca,Si,13813,0.21
42812,C-419,Lleida,Fondo de inversión,No,14443,0.21
42813,D-620,Barcelona,Hipoteca,No,3250,0.21
42813,D-905,Barcelona,Ahorros,Si,6491,0.21
42813,A-843,Barcelona,Cuenta corriente,Si,2544,0.21
42813,A-718,Gavà,Cuenta corriente,No,12017,0.21
42813,C-909,Gavà,Ahorros,No,11812,0.21
42813,D-890,Tarragona,Fondo de inversión,No,13806,0.21
42813,C-722,Tarragona,Ahorros,Si,10113,0.21
42813,D-731,Tarragona,Ahorros,No,11837,0.21
42813,D-653,Tarragona,Hipoteca,No,3553,0.21
42813,D-109,Girona,Plan de jubilación,Si,8742,0.21
42813,C-775,Girona,Ahorros,No,5971,0.21
42813,A-292,Girona,Hipoteca,Si,6199,0.21
42813,B-558,Lleida,Hipoteca,No,7157,0.21
42813,C-499,Lleida,Hipoteca,Si,6006,0.21
42813,C-113,Lleida,Cuenta corriente,No,12825,0.21
42813,A-190,Lleida,Fondo de inversión,Si,13035,0.21
42813,A-240,Lleida,Hipoteca,No,4535,0.21
42814,A-179,Barcelona,Hipoteca,Si,4765,0.21
42814,B-168,Barcelona,Ahorros,No,9557,0.21
42814,B-719,Barcelona,Fondo de inversión,No,3282,0.21
42814,C-327,Barcelona,Hipoteca,Si,13248,0.21
42814,B-426,Barcelona,Ahorros,Si,11591,0.21
42814,B-284,Gavà,Plan de jubilación,No,12199,0.21
42814,D-508,Gavà,Fondo de inversión,No,9744,0.21
42814,D-466,Tarragona,Ahorros,No,416,0.21
42814,B-392,Tarragona,Cuenta corriente,Si,8660,0.21
42814,A-371,Tarragona,Fondo de inversión,No,997,0.21
42814,A-140,Girona,Fondo de inversión,No,3429,0.21
42814,C-492,Girona,Ahorros,No,8596,0.21
42814,C-485,Girona,Ahorros,Si,6373,0.21
42814,C-278,Lleida,Hipoteca,No,5806,0.21
42814,B-440,Lleida,Hipoteca,Si,5707,0.21
42814,C-792,Lleida,Cuenta corriente,Si,2994,0.21
42814,B-921,Lleida,Cuenta corriente,No,12551,0.21
42815,B-651,Barcelona,Ahorros,Si,8833,0.21
42815,A-548,Barcelona,Ahorros,No,711,0.21
42815,C-375,Barcelona,Fondo de inversión,Si,4349,0.21
42815,B-898,Barcelona,Cuenta corriente,No,6917,0.21
42815,C-483,Barcelona,Cuenta corriente,No,4364,0.21
42815,B-210,Barcelona,Hipoteca,No,11902,0.21
42815,C-165,Gavà,Ahorros,No,7342,0.21
42815,A-730,Gavà,Fondo de inversión,No,11393,0.21
42815,C-659,Gavà,Fondo de inversión,No,6436,0.21
42815,B-877,Tarragona,Fondo de inversión,No,8103,0.21
42815,C-305,Girona,Fondo de inversión,No,10467,0.21
42815,B-398,Girona,Hipoteca,No,2943,0.21
42815,B-112,Girona,Cuenta corriente,Si,2260,0.21
42815,C-354,Lleida,Hipoteca,Si,7278,0.21
42815,B-804,Lleida,Cuenta corriente,No,9552,0.21
42815,C-447,Lleida,Cuenta corriente,Si,8934,0.21
42815,A-819,Lleida,Fondo de inversión,No,12739,0.21
42816,A-277,Barcelona,Fondo de inversión,No,1524,0.21
42816,A-964,Barcelona,Fondo de inversión,Si,12305,0.21
42816,B-455,Barcelona,Ahorros,No,9785,0.21
42816,D-780,Barcelona,Hipoteca,Si,11141,0.21
42816,A-346,Barcelona,Fondo de inversión,No,14278,0.21
42816,D-460,Gavà,Plan de jubilación,No,3470,0.21
42816,C-470,Gavà,Plan de jubilación,Si,2510,0.21
42816,D-690,Gavà,Plan de jubilación,No,7289,0.21
42816,B-925,Tarragona,Cuenta corriente,No,1372,0.21
42816,D-537,Tarragona,Ahorros,Si,10578,0.21
42816,B-564,Tarragona,Cuenta corriente,No,5038,0.21
42816,B-774,Girona,Fondo de inversión,Si,11522,0.21
42816,D-993,Girona,Plan de jubilación,No,7699,0.21
42816,B-858,Girona,Plan de jubilación,Si,9661,0.21
42816,D-858,Girona,Fondo de inversión,Si,14087,0.21
42816,C-338,Girona,Cuenta corriente,Si,13030,0.21
42816,A-804,Lleida,Cuenta corriente,Si,8598,0.21
42816,D-396,Lleida,Ahorros,No,3195,0.21
42816,D-912,Lleida,Hipoteca,Si,2592,0.21
42817,A-621,Barcelona,Cuenta corriente,Si,4740,0.21
42817,C-776,Gavà,Plan de jubilación,Si,4273,0.21
42817,A-743,Gavà,Plan de jubilación,No,14631,0.21
42817,C-281,Gavà,Cuenta corriente,Si,12762,0.21
42817,A-964,Gavà,Plan de jubilación,No,13843,0.21
42817,A-519,Gavà,Ahorros,Si,11507,0.21
42817,D-731,Tarragona,Cuenta corriente,No,5679,0.21
42817,A-819,Girona,Cuenta corriente,No,8219,0.21
42817,D-825,Girona,Fondo de inversión,Si,14203,0.21
42817,D-397,Girona,Fondo de inversión,No,7952,0.21
42817,B-843,Lleida,Ahorros,No,10290,0.21
42817,D-328,Lleida,Hipoteca,Si,2964,0.21
42818,D-574,Barcelona,Ahorros,Si,3429,0.21
42818,A-230,Barcelona,Cuenta corriente,Si,11581,0.21
42818,A-325,Gavà,Hipoteca,No,12512,0.21
42818,D-853,Gavà,Plan de jubilación,Si,1247,0.21
42818,D-563,Gavà,Ahorros,Si,7232,0.21
42818,C-441,Gavà,Cuenta corriente,No,123,0.21
42818,B-615,Gavà,Ahorros,Si,10874,0.21
42818,C-960,Tarragona,Fondo de inversión,Si,2756,0.21
42818,B-502,Tarragona,Fondo de inversión,No,895,0.21
42818,D-588,Tarragona,Plan de jubilación,No,5001,0.21
42818,D-833,Girona,Ahorros,No,6645,0.21
42818,C-852,Girona,Ahorros,Si,13955,0.21
42818,C-817,Lleida,Fondo de inversión,No,1698,0.21
42818,C-672,Lleida,Ahorros,Si,9232,0.21
42819,C-569,Barcelona,Hipoteca,No,9450,0.21
42819,D-573,Barcelona,Cuenta corriente,Si,11525,0.21
42819,B-563,Gavà,Plan de jubilación,Si,5728,0.21
42819,C-246,Tarragona,Plan de jubilación,Si,12194,0.21
42819,B-790,Tarragona,Ahorros,No,10526,0.21
42819,C-397,Tarragona,Fondo de inversión,No,13358,0.21
42819,A-223,Tarragona,Hipoteca,No,2695,0.21
42819,C-135,Girona,Hipoteca,No,11273,0.21
42819,A-919,Girona,Fondo de inversión,Si,1769,0.21
42819,C-876,Lleida,Cuenta corriente,No,8592,0.21
42819,B-930,Lleida,Cuenta corriente,No,4921,0.21
42820,A-863,Barcelona,Plan de jubilación,No,8732,0.21
42820,B-470,Gavà,Ahorros,No,5353,0.21
42820,D-458,Gavà,Plan de jubilación,No,12067,0.21
42820,C-845,Tarragona,Hipoteca,No,14474,0.21
42820,D-933,Tarragona,Fondo de inversión,No,5678,0.21
42820,D-770,Tarragona,Ahorros,No,13385,0.21
42820,B-923,Girona,Hipoteca,No,1910,0.21
42820,B-707,Girona,Hipoteca,Si,10716,0.21
42820,C-761,Lleida,Fondo de inversión,No,8888,0.21
42820,D-715,Lleida,Ahorros,No,3268,0.21
42820,B-474,Lleida,Hipoteca,No,11441,0.21
42821,D-314,Barcelona,Hipoteca,Si,10819,0.21
42821,D-711,Gavà,Ahorros,Si,7452,0.21
42821,C-492,Gavà,Plan de jubilación,No,11864,0.21
42821,A-563,Gavà,Plan de jubilación,Si,6310,0.21
42821,B-202,Tarragona,Hipoteca,Si,9613,0.21
42821,C-677,Tarragona,Cuenta corriente,Si,13919,0.21
42821,A-730,Tarragona,Cuenta corriente,Si,4522,0.21
42821,C-234,Girona,Cuenta corriente,No,4653,0.21
42821,D-400,Girona,Hipoteca,Si,14164,0.21
42821,D-844,Girona,Plan de jubilación,No,14137,0.21
42821,D-221,Lleida,Plan de jubilación,No,10143,0.21
42821,A-856,Lleida,Ahorros,No,13874,0.21
42821,A-944,Lleida,Fondo de inversión,No,1097,0.21
42821,D-648,Lleida,Fondo de inversión,Si,11060,0.21
42822,A-352,Barcelona,Hipoteca,Si,8873,0.21
42822,A-120,Barcelona,Plan de jubilación,No,6801,0.21
42822,B-464,Gavà,Cuenta corriente,No,13405,0.21
42822,D-715,Gavà,Cuenta corriente,Si,4626,0.21
42822,B-447,Girona,Cuenta corriente,No,1582,0.21
42822,A-304,Girona,Plan de jubilación,No,10056,0.21
42822,B-785,Girona,Hipoteca,Si,11049,0.21
42822,C-550,Lleida,Cuenta corriente,No,13309,0.21
42822,D-292,Lleida,Cuenta corriente,Si,13161,0.21
42822,B-925,Lleida,Ahorros,No,10664,0.21
42822,D-995,Lleida,Plan de jubilación,Si,13789,0.21
42823,B-114,Barcelona,Cuenta corriente,Si,6337,0.21
42823,D-740,Barcelona,Hipoteca,No,10804,0.21
42823,C-980,Barcelona,Fondo de inversión,Si,13330,0.21
42823,A-760,Barcelona,Fondo de inversión,Si,14367,0.21
42823,D-824,Barcelona,Ahorros,Si,13416,0.21
42823,A-396,Barcelona,Ahorros,Si,5991,0.21
42823,A-736,Gavà,Ahorros,No,11711,0.21
42823,A-156,Gavà,Cuenta corriente,Si,7667,0.21
42823,B-993,Gavà,Fondo de inversión,No,5127,0.21
42823,D-285,Tarragona,Ahorros,Si,13728,0.21
42823,D-574,Tarragona,Hipoteca,Si,5883,0.21
42823,D-847,Tarragona,Cuenta corriente,No,7979,0.21
42823,A-711,Girona,Fondo de inversión,Si,7107,0.21
42823,D-737,Girona,Cuenta corriente,No,10786,0.21
42823,C-110,Girona,Fondo de inversión,No,2399,0.21
42823,C-881,Lleida,Ahorros,No,8412,0.21
42824,D-528,Barcelona,Ahorros,Si,4602,0.21
42824,B-302,Barcelona,Hipoteca,No,10064,0.21
42824,B-469,Gavà,Cuenta corriente,Si,14803,0.21
42824,A-776,Gavà,Ahorros,Si,11758,0.21
42824,D-109,Tarragona,Hipoteca,No,7967,0.21
42824,C-994,Tarragona,Fondo de inversión,No,6540,0.21
42824,C-664,Tarragona,Cuenta corriente,Si,2790,0.21
42824,D-221,Lleida,Ahorros,No,12329,0.21
42824,B-764,Lleida,Cuenta corriente,No,224,0.21
42824,B-406,Lleida,Fondo de inversión,Si,7350,0.21
42824,B-975,Lleida,Fondo de inversión,No,3225,0.21
42824,D-775,Lleida,Ahorros,No,1232,0.21
42825,D-836,Barcelona,Cuenta corriente,No,12510,0.21
42825,D-644,Barcelona,Hipoteca,Si,13210,0.21
42825,C-201,Barcelona,Plan de jubilación,Si,12530,0.21
42825,A-672,Gavà,Plan de jubilación,Si,13045,0.21
42825,B-870,Gavà,Plan de jubilación,Si,4984,0.21
42825,C-261,Tarragona,Ahorros,Si,5810,0.21
42825,A-754,Tarragona,Plan de jubilación,Si,3773,0.21
42825,A-149,Tarragona,Ahorros,Si,13186,0.21
42825,D-917,Girona,Ahorros,Si,2998,0.21
42825,B-751,Girona,Fondo de inversión,No,12795,0.21
42825,A-763,Girona,Ahorros,Si,4373,0.21
42825,A-844,Girona,Cuenta corriente,No,6994,0.21
42825,B-776,Girona,Fondo de inversión,Si,9098,0.21
42825,C-715,Lleida,Plan de jubilación,No,10250,0.21
42825,D-301,Lleida,Plan de jubilación,Si,776,0.21
42825,D-451,Lleida,Fondo de inversión,No,14172,0.21
42826,B-977,Barcelona,Fondo de inversión,Si,5644,0.21
42826,D-683,Barcelona,Cuenta corriente,Si,14352,0.21
42826,C-589,Barcelona,Hipoteca,No,7302,0.21
42826,C-872,Barcelona,Hipoteca,No,9875,0.21
42826,C-423,Girona,Fondo de inversión,Si,3234,0.21
42826,A-500,Lleida,Hipoteca,No,13282,0.21
42826,C-225,Lleida,Cuenta corriente,No,231,0.21
42826,A-633,Lleida,Cuenta corriente,No,12349,0.21
42827,C-244,Barcelona,Fondo de inversión,No,10361,0.21
42827,D-319,Barcelona,Hipoteca,No,8067,0.21
42827,D-590,Barcelona,Cuenta corriente,Si,9499,0.21
42827,C-786,Barcelona,Hipoteca,Si,11604,0.21
42827,A-724,Gavà,Ahorros,No,3872,0.21
42827,B-525,Gavà,Fondo de inversión,Si,7255,0.21
42827,B-483,Gavà,Ahorros,Si,11364,0.21
42827,C-569,Gavà,Hipoteca,No,10243,0.21
42827,A-441,Tarragona,Cuenta corriente,No,8381,0.21
42827,B-200,Girona,Cuenta corriente,No,13304,0.21
42827,D-133,Lleida,Fondo de inversión,Si,11755,0.21
42827,C-807,Lleida,Hipoteca,Si,3553,0.21
42828,D-689,Barcelona,Ahorros,Si,14002,0.21
42828,A-555,Barcelona,Ahorros,No,3547,0.21
42828,D-543,Barcelona,Cuenta corriente,Si,14417,0.21
42828,B-347,Gavà,Plan de jubilación,No,752,0.21
42828,D-124,Gavà,Fondo de inversión,No,4722,0.21
42828,A-589,Tarragona,Hipoteca,Si,14180,0.21
42828,C-221,Girona,Plan de jubilación,No,7094,0.21
42828,D-680,Girona,Ahorros,Si,7396,0.21
42828,A-999,Lleida,Cuenta corriente,No,2397,0.21
42828,D-580,Lleida,Cuenta corriente,Si,2295,0.21
42828,A-651,Lleida,Hipoteca,No,2773,0.21
42828,C-143,Lleida,Plan de jubilación,No,1252,0.21
42829,C-988,Barcelona,Fondo de inversión,Si,4993,0.21
42829,B-620,Barcelona,Cuenta corriente,Si,8217,0.21
42829,D-680,Gavà,Ahorros,No,11441,0.21
42829,B-765,Gavà,Ahorros,No,7317,0.21
42829,C-380,Gavà,Plan de jubilación,Si,2798,0.21
42829,A-578,Gavà,Hipoteca,Si,10773,0.21
42829,A-447,Gavà,Hipoteca,No,6714,0.21
42829,C-745,Tarragona,Hipoteca,Si,12448,0.21
42829,B-790,Tarragona,Plan de jubilación,No,3910,0.21
42829,D-436,Tarragona,Plan de jubilación,Si,11824,0.21
42829,C-288,Girona,Fondo de inversión,No,10178,0.21
42829,A-236,Lleida,Fondo de inversión,No,8814,0.21
42829,C-696,Lleida,Hipoteca,Si,6471,0.21
42830,B-930,Barcelona,Ahorros,No,10820,0.21
42830,C-321,Barcelona,Hipoteca,Si,7259,0.21
42830,A-216,Barcelona,Cuenta corriente,Si,4507,0.21
42830,C-224,Barcelona,Plan de jubilación,Si,11661,0.21
42830,B-556,Barcelona,Ahorros,Si,9521,0.21
42830,A-453,Barcelona,Plan de jubilación,No,1230,0.21
42830,A-128,Barcelona,Plan de jubilación,No,4801,0.21
42830,B-412,Gavà,Plan de jubilación,Si,6021,0.21
42830,C-783,Gavà,Hipoteca,Si,1769,0.21
42830,A-353,Tarragona,Hipoteca,No,13010,0.21
42830,A-982,Tarragona,Hipoteca,Si,8303,0.21
42830,A-399,Lleida,Hipoteca,Si,2982,0.21
42830,C-295,Lleida,Plan de jubilación,Si,12507,0.21
42831,B-699,Barcelona,Hipoteca,Si,3501,0.21
42831,B-313,Barcelona,Fondo de inversión,Si,8019,0.21
42831,A-903,Barcelona,Cuenta corriente,No,2575,0.21
42831,B-985,Gavà,Ahorros,No,7376,0.21
42831,B-864,Gavà,Hipoteca,No,4127,0.21
42831,C-540,Gavà,Plan de jubilación,No,10743,0.21
42831,C-947,Gavà,Fondo de inversión,Si,8911,0.21
42831,A-412,Gavà,Plan de jubilación,No,8518,0.21
42831,B-448,Tarragona,Cuenta corriente,No,9560,0.21
42831,A-277,Tarragona,Hipoteca,No,12331,0.21
42831,D-629,Tarragona,Hipoteca,Si,11458,0.21
42831,C-711,Tarragona,Fondo de inversión,Si,1596,0.21
42831,B-393,Tarragona,Cuenta corriente,Si,1389,0.21
42831,B-269,Tarragona,Hipoteca,No,12935,0.21
42831,C-638,Girona,Hipoteca,No,13445,0.21
42831,B-173,Girona,Fondo de inversión,No,11053,0.21
42831,B-181,Girona,Ahorros,Si,12056,0.21
42831,A-972,Girona,Plan de jubilación,No,10657,0.21
42831,B-688,Girona,Plan de jubilación,Si,391,0.21
42831,B-418,Lleida,Hipoteca,No,12202,0.21
42831,D-494,Lleida,Fondo de inversión,Si,6915,0.21
42831,C-384,Lleida,Ahorros,No,3448,0.21
42831,D-467,Lleida,Fondo de inversión,No,6233,0.21
42832,D-894,Barcelona,Cuenta corriente,Si,13720,0.21
42832,B-513,Barcelona,Cuenta corriente,No,14929,0.21
42832,C-242,Barcelona,Cuenta corriente,Si,8361,0.21
42832,A-175,Gavà,Cuenta corriente,No,8721,0.21
42832,D-987,Gavà,Cuenta corriente,Si,12251,0.21
42832,C-683,Tarragona,Ahorros,No,11292,0.21
42832,B-645,Tarragona,Hipoteca,Si,6632,0.21
42832,A-694,Tarragona,Cuenta corriente,No,7415,0.21
42832,C-305,Tarragona,Ahorros,Si,5199,0.21
42832,B-126,Lleida,Ahorros,No,592,0.21
42833,D-530,Barcelona,Cuenta corriente,Si,3812,0.21
42833,D-932,Barcelona,Cuenta corriente,Si,137,0.21
42833,B-525,Barcelona,Hipoteca,Si,6072,0.21
42833,B-568,Gavà,Ahorros,Si,9328,0.21
42833,D-948,Gavà,Plan de jubilación,Si,13812,0.21
42833,D-380,Tarragona,Hipoteca,No,8008,0.21
42833,B-195,Girona,Cuenta corriente,No,6137,0.21
42833,C-746,Girona,Cuenta corriente,Si,2768,0.21
42833,D-190,Girona,Plan de jubilación,No,13429,0.21
42833,D-794,Girona,Cuenta corriente,No,12706,0.21
42833,D-321,Lleida,Hipoteca,Si,3880,0.21
42833,B-810,Lleida,Cuenta corriente,Si,9229,0.21
42833,A-109,Lleida,Cuenta corriente,Si,12736,0.21
42833,C-658,Lleida,Plan de jubilación,Si,5193,0.21
42833,C-601,Lleida,Hipoteca,Si,12299,0.21
42834,A-760,Barcelona,Fondo de inversión,Si,13698,0.21
42834,A-781,Barcelona,Cuenta corriente,Si,6688,0.21
42834,A-277,Barcelona,Cuenta corriente,Si,1116,0.21
42834,C-655,Gavà,Hipoteca,Si,6342,0.21
42834,C-498,Gavà,Cuenta corriente,Si,8669,0.21
42834,C-642,Gavà,Fondo de inversión,No,3670,0.21
42834,C-370,Girona,Hipoteca,No,5093,0.21
42834,A-879,Girona,Cuenta corriente,Si,8423,0.21
42834,C-331,Girona,Cuenta corriente,Si,2567,0.21
42834,B-254,Girona,Hipoteca,Si,6364,0.21
42834,A-141,Girona,Ahorros,Si,7151,0.21
42834,C-182,Girona,Cuenta corriente,Si,9514,0.21
42834,C-243,Lleida,Cuenta corriente,No,7875,0.21
42834,C-186,Lleida,Plan de jubilación,Si,11956,0.21
42834,A-947,Lleida,Hipoteca,Si,1812,0.21
42835,A-766,Barcelona,Ahorros,Si,3060,0.21
42835,B-768,Barcelona,Plan de jubilación,Si,4402,0.21
42835,D-823,Gavà,Fondo de inversión,No,14690,0.21
42835,A-376,Tarragona,Fondo de inversión,No,8831,0.21
42835,D-926,Tarragona,Cuenta corriente,No,860,0.21
42835,C-154,Girona,Plan de jubilación,Si,11745,0.21
42835,D-161,Lleida,Ahorros,Si,2914,0.21
42836,B-444,Barcelona,Fondo de inversión,No,2855,0.21
42836,B-898,Gavà,Hipoteca,Si,11883,0.21
42836,C-207,Tarragona,Hipoteca,Si,967,0.21
42836,B-415,Girona,Plan de jubilación,Si,10721,0.21
42836,B-358,Girona,Cuenta corriente,Si,8553,0.21
42836,C-418,Girona,Fondo de inversión,No,1557,0.21
42836,B-782,Girona,Ahorros,Si,3189,0.21
42836,D-683,Girona,Hipoteca,No,1492,0.21
42836,A-701,Girona,Cuenta corriente,No,5894,0.21
42836,B-414,Girona,Plan de jubilación,No,12670,0.21
42836,B-298,Lleida,Ahorros,Si,6999,0.21
42836,C-411,Lleida,Fondo de inversión,Si,1357,0.21
42836,D-735,Lleida,Cuenta corriente,Si,7265,0.21
42836,B-499,Lleida,Fondo de inversión,Si,9537,0.21
42836,A-706,Lleida,Plan de jubilación,No,1266,0.21
42837,C-534,Barcelona,Hipoteca,Si,7183,0.21
42837,D-254,Gavà,Cuenta corriente,Si,757,0.21
42837,A-341,Tarragona,Fondo de inversión,No,13979,0.21
42837,D-231,Tarragona,Plan de jubilación,No,12295,0.21
42837,B-564,Tarragona,Cuenta corriente,No,6194,0.21
42837,C-413,Girona,Cuenta corriente,Si,2912,0.21
42837,D-270,Girona,Cuenta corriente,Si,1175,0.21
42837,D-816,Girona,Cuenta corriente,No,4680,0.21
42837,D-687,Girona,Plan de jubilación,No,6931,0.21
42837,C-794,Lleida,Fondo de inversión,No,5625,0.21
42838,B-925,Barcelona,Ahorros,Si,6316,0.21
42838,C-290,Barcelona,Hipoteca,No,3448,0.21
42838,B-138,Barcelona,Fondo de inversión,No,6519,0.21
42838,D-449,Barcelona,Ahorros,Si,3771,0.21
42838,A-186,Barcelona,Fondo de inversión,Si,4250,0.21
42838,C-596,Gavà,Fondo de inversión,No,1104,0.21
42838,B-795,Gavà,Plan de jubilación,Si,11147,0.21
42838,A-510,Gavà,Fondo de inversión,No,2673,0.21
42838,B-817,Tarragona,Cuenta corriente,No,839,0.21
42838,C-243,Girona,Fondo de inversión,Si,4690,0.21
42838,B-992,Girona,Ahorros,Si,14211,0.21
42838,C-473,Girona,Fondo de inversión,No,2175,0.21
42838,D-767,Lleida,Plan de jubilación,Si,12279,0.21
42838,B-536,Lleida,Plan de jubilación,Si,1929,0.21
42838,C-972,Lleida,Hipoteca,No,9306,0.21
42839,A-479,Barcelona,Hipoteca,Si,4128,0.21
42839,A-973,Barcelona,Ahorros,No,12732,0.21
42839,D-103,Barcelona,Fondo de inversión,No,6323,0.21
42839,C-867,Barcelona,Plan de jubilación,No,11685,0.21
42839,D-189,Gavà,Ahorros,No,14547,0.21
42839,C-904,Gavà,Ahorros,No,14206,0.21
42839,B-826,Gavà,Hipoteca,No,13628,0.21
42839,B-125,Gavà,Ahorros,Si,218,0.21
42839,B-444,Gavà,Plan de jubilación,No,9729,0.21
42839,C-609,Tarragona,Cuenta corriente,No,6943,0.21
42839,C-473,Tarragona,Fondo de inversión,No,13051,0.21
42839,C-219,Tarragona,Plan de jubilación,No,4726,0.21
42839,D-578,Tarragona,Ahorros,No,6008,0.21
42839,C-807,Girona,Ahorros,No,7860,0.21
42839,C-142,Girona,Fondo de inversión,No,10370,0.21
42839,A-270,Girona,Cuenta corriente,No,4008,0.21
42839,C-267,Girona,Fondo de inversión,No,1680,0.21
42839,C-235,Lleida,Hipoteca,No,435,0.21
42839,D-518,Lleida,Fondo de inversión,Si,10852,0.21
42840,A-382,Barcelona,Ahorros,No,13077,0.21
42840,D-424,Barcelona,Cuenta corriente,Si,7613,0.21
42840,C-125,Barcelona,Hipoteca,Si,9723,0.21
42840,D-751,Barcelona,Fondo de inversión,No,11593,0.21
42840,D-453,Gavà,Plan de jubilación,Si,13430,0.21
42840,B-377,Tarragona,Plan de jubilación,Si,703,0.21
42840,A-719,Tarragona,Hipoteca,Si,7663,0.21
42840,D-550,Tarragona,Ahorros,No,1114,0.21
42840,D-568,Girona,Hipoteca,No,6916,0.21
42840,C-662,Lleida,Fondo de inversión,No,12017,0.21
42840,D-928,Lleida,Fondo de inversión,No,8255,0.21
42840,B-129,Lleida,Cuenta corriente,No,848,0.21
42840,D-708,Lleida,Fondo de inversión,No,5155,0.21
42840,C-775,Lleida,Ahorros,Si,8874,0.21
42841,D-388,Barcelona,Cuenta corriente,No,3166,0.21
42841,B-667,Gavà,Fondo de inversión,No,11901,0.21
42841,D-368,Gavà,Cuenta corriente,No,6781,0.21
42841,B-768,Gavà,Plan de jubilación,No,9831,0.21
42841,B-958,Gavà,Fondo de inversión,No,5642,0.21
42841,D-482,Tarragona,Hipoteca,Si,5186,0.21
42841,C-218,Girona,Cuenta corriente,No,4978,0.21
42841,D-298,Girona,Hipoteca,No,6879,0.21
42842,A-464,Gavà,Plan de jubilación,Si,3648,0.21
42842,A-567,Gavà,Fondo de inversión,Si,6050,0.21
42842,C-315,Gavà,Fondo de inversión,Si,421,0.21
42842,D-685,Tarragona,Hipoteca,Si,912,0.21
42842,C-491,Girona,Plan de jubilación,No,14458,0.21
42842,C-951,Girona,Cuenta corriente,Si,11200,0.21
42842,D-691,Lleida,Ahorros,No,4179,0.21
42843,D-122,Barcelona,Plan de jubilación,No,12330,0.21
42843,C-630,Barcelona,Plan de jubilación,No,14792,0.21
42843,D-772,Gavà,Hipoteca,Si,245,0.21
42843,A-320,Gavà,Fondo de inversión,Si,4454,0.21
42843,A-441,Gavà,Plan de jubilación,No,14083,0.21
42843,A-572,Gavà,Plan de jubilación,Si,12181,0.21
42843,C-819,Tarragona,Cuenta corriente,No,2619,0.21
42843,B-814,Tarragona,Hipoteca,No,9745,0.21
42843,A-684,Tarragona,Plan de jubilación,No,10484,0.21
42843,A-434,Girona,Fondo de inversión,No,2808,0.21
42843,A-742,Girona,Fondo de inversión,No,9001,0.21
42843,A-498,Girona,Cuenta corriente,No,5883,0.21
42843,A-602,Lleida,Ahorros,No,13112,0.21
42843,A-120,Lleida,Fondo de inversión,No,9607,0.21
42843,D-162,Lleida,Ahorros,Si,2889,0.21
42844,B-239,Barcelona,Cuenta corriente,No,5276,0.21
42844,A-889,Barcelona,Plan de jubilación,No,14353,0.21
42844,A-122,Barcelona,Cuenta corriente,No,12876,0.21
42844,B-842,Barcelona,Ahorros,No,5982,0.21
42844,A-411,Gavà,Fondo de inversión,Si,14351,0.21
42844,A-524,Gavà,Cuenta corriente,No,10821,0.21
42844,D-805,Gavà,Cuenta corriente,Si,599,0.21
42844,B-259,Gavà,Hipoteca,No,14789,0.21
42844,D-571,Tarragona,Ahorros,No,2246,0.21
42844,D-203,Tarragona,Ahorros,Si,8494,0.21
42844,A-937,Tarragona,Cuenta corriente,No,3467,0.21
42844,B-839,Tarragona,Plan de jubilación,Si,5654,0.21
42844,B-907,Girona,Cuenta corriente,Si,10990,0.21
42844,A-257,Girona,Cuenta corriente,Si,10976,0.21
42844,D-977,Girona,Hipoteca,No,5208,0.21
42844,C-513,Lleida,Plan de jubilación,No,8486,0.21
42845,D-654,Barcelona,Fondo de inversión,No,6065,0.21
42845,C-287,Barcelona,Cuenta corriente,No,6420,0.21
42845,C-888,Barcelona,Ahorros,Si,6907,0.21
42845,C-673,Barcelona,Ahorros,No,11063,0.21
42845,A-487,Gavà,Hipoteca,No,11348,0.21
42845,B-313,Gavà,Ahorros,Si,5799,0.21
42845,A-236,Gavà,Hipoteca,No,6948,0.21
42845,C-554,Tarragona,Ahorros,No,5457,0.21
42845,B-618,Girona,Cuenta corriente,No,11032,0.21
42845,A-116,Girona,Plan de jubilación,Si,4926,0.21
42845,A-271,Lleida,Hipoteca,Si,12610,0.21
42845,A-136,Lleida,Ahorros,Si,2347,0.21
42846,C-863,Barcelona,Ahorros,No,1559,0.21
42846,B-619,Barcelona,Ahorros,No,8117,0.21
42846,A-351,Barcelona,Fondo de inversión,Si,13971,0.21
42846,A-498,Barcelona,Plan de jubilación,Si,1826,0.21
42846,D-935,Gavà,Fondo de inversión,No,659,0.21
42846,C-283,Gavà,Fondo de inversión,Si,12463,0.21
42846,C-253,Gavà,Ahorros,No,2151,0.21
42846,B-752,Gavà,Hipoteca,Si,13773,0.21
42846,D-106,Gavà,Plan de jubilación,Si,10954,0.21
42846,C-806,Tarragona,Hipoteca,Si,8680,0.21
42846,C-676,Tarragona,Cuenta corriente,Si,7158,0.21
42846,D-377,Girona,Hipoteca,Si,4114,0.21
42846,C-583,Girona,Plan de jubilación,No,13786,0.21
42846,D-512,Girona,Hipoteca,Si,2480,0.21
42846,B-651,Girona,Cuenta corriente,Si,2190,0.21
42846,B-907,Lleida,Plan de jubilación,Si,11910,0.21
42846,A-177,Lleida,Cuenta corriente,No,6063,0.21
42847,C-671,Barcelona,Hipoteca,Si,4584,0.21
42847,A-532,Barcelona,Fondo de inversión,No,9916,0.21
42847,C-124,Gavà,Fondo de inversión,No,14059,0.21
42847,A-891,Tarragona,Ahorros,Si,2604,0.21
42847,B-647,Tarragona,Plan de jubilación,No,3720,0.21
42847,D-159,Tarragona,Hipoteca,No,8311,0.21
42847,C-403,Tarragona,Ahorros,No,12560,0.21
42847,D-936,Girona,Fondo de inversión,Si,8770,0.21
42847,C-363,Girona,Cuenta corriente,Si,9615,0.21
42847,B-636,Girona,Hipoteca,No,12288,0.21
42847,A-426,Girona,Fondo de inversión,No,14519,0.21
42847,B-677,Girona,Plan de jubilación,Si,14740,0.21
42847,C-788,Lleida,Hipoteca,Si,1130,0.21
42847,C-204,Lleida,Fondo de inversión,No,10955,0.21
42847,A-824,Lleida,Plan de jubilación,Si,12740,0.21
42848,A-633,Barcelona,Fondo de inversión,No,531,0.21
42848,B-103,Barcelona,Fondo de inversión,Si,13723,0.21
42848,D-851,Barcelona,Cuenta corriente,Si,9745,0.21
42848,D-395,Gavà,Hipoteca,No,7430,0.21
42848,B-413,Tarragona,Fondo de inversión,Si,2789,0.21
42848,D-214,Tarragona,Ahorros,No,7866,0.21
42848,C-247,Tarragona,Ahorros,No,10479,0.21
42848,A-518,Tarragona,Ahorros,Si,8464,0.21
42848,D-257,Tarragona,Fondo de inversión,Si,7277,0.21
42848,B-994,Tarragona,Plan de jubilación,Si,13886,0.21
42848,A-450,Girona,Cuenta corriente,Si,2707,0.21
42848,C-903,Girona,Cuenta corriente,Si,4419,0.21
42848,D-426,Girona,Plan de jubilación,No,9719,0.21
42848,B-740,Lleida,Cuenta corriente,No,3878,0.21
42848,D-166,Lleida,Ahorros,Si,5731,0.21
42848,A-643,Lleida,Fondo de inversión,Si,13364,0.21
42849,D-656,Barcelona,Hipoteca,No,14134,0.21
42849,D-558,Barcelona,Fondo de inversión,No,9033,0.21
42849,D-407,Barcelona,Hipoteca,No,9096,0.21
42849,C-428,Gavà,Ahorros,Si,8116,0.21
42849,A-534,Tarragona,Plan de jubilación,Si,6501,0.21
42849,C-892,Tarragona,Cuenta corriente,Si,14556,0.21
42849,B-273,Tarragona,Fondo de inversión,No,10928,0.21
42849,A-979,Girona,Hipoteca,No,5405,0.21
42849,C-282,Lleida,Plan de jubilación,Si,6120,0.21
42850,B-322,Barcelona,Ahorros,Si,2303,0.21
42850,A-359,Barcelona,Hipoteca,Si,5356,0.21
42850,D-860,Barcelona,Fondo de inversión,Si,13660,0.21
42850,D-396,Barcelona,Plan de jubilación,No,6408,0.21
42850,B-307,Gavà,Hipoteca,No,4716,0.21
42850,A-775,Gavà,Hipoteca,No,12328,0.21
42850,D-600,Gavà,Hipoteca,Si,1057,0.21
42850,A-509,Girona,Plan de jubilación,Si,2326,0.21
42850,A-852,Lleida,Cuenta corriente,No,5844,0.21
42850,D-627,Lleida,Plan de jubilación,No,1050,0.21
42851,A-943,Barcelona,Ahorros,No,1413,0.21
42851,B-408,Barcelona,Fondo de inversión,Si,8373,0.21
42851,A-950,Barcelona,Hipoteca,Si,9775,0.21
42851,C-744,Barcelona,Ahorros,Si,10022,0.21
42851,C-743,Barcelona,Fondo de inversión,Si,14942,0.21
42851,A-346,Gavà,Ahorros,No,9078,0.21
42851,B-459,Gavà,Cuenta corriente,No,6881,0.21
42851,A-892,Gavà,Cuenta corriente,No,4882,0.21
42851,B-829,Gavà,Hipoteca,Si,8179,0.21
42851,A-252,Gavà,Fondo de inversión,Si,10948,0.21
42851,A-111,Tarragona,Plan de jubilación,No,13766,0.21
42851,B-715,Tarragona,Cuenta corriente,No,14661,0.21
42851,B-733,Tarragona,Cuenta corriente,No,10299,0.21
42851,C-613,Tarragona,Ahorros,Si,4669,0.21
42851,B-299,Tarragona,Fondo de inversión,No,1535,0.21
42851,A-373,Girona,Fondo de inversión,Si,6458,0.21
42851,B-674,Girona,Cuenta corriente,Si,10714,0.21
42851,D-556,Girona,Fondo de inversión,Si,937,0.21
42851,B-964,Girona,Cuenta corriente,No,13769,0.21
42851,A-848,Lleida,Fondo de inversión,No,12023,0.21
42851,B-415,Lleida,Plan de jubilación,No,6950,0.21
42851,B-171,Lleida,Ahorros,Si,326,0.21
42852,D-367,Tarragona,Ahorros,Si,14925,0.21
42852,B-993,Tarragona,Ahorros,Si,4349,0.21
42852,A-384,Tarragona,Fondo de inversión,No,12083,0.21
42852,C-547,Girona,Cuenta corriente,No,7575,0.21
42852,A-536,Girona,Plan de jubilación,No,4164,0.21
42852,A-931,Girona,Plan de jubilación,No,11072,0.21
42852,D-878,Girona,Ahorros,Si,3563,0.21
42852,A-521,Lleida,Plan de jubilación,Si,6749,0.21
42852,A-675,Lleida,Cuenta corriente,Si,10078,0.21
42852,D-806,Lleida,Plan de jubilación,No,9859,0.21
42852,B-190,Lleida,Ahorros,Si,5943,0.21
42853,D-120,Barcelona,Hipoteca,Si,2606,0.21
42853,B-402,Barcelona,Cuenta corriente,Si,3298,0.21
42853,A-968,Gavà,Cuenta corriente,No,9661,0.21
42853,A-944,Gavà,Plan de jubilación,Si,10101,0.21
42853,C-999,Gavà,Hipoteca,Si,10226,0.21
42853,B-838,Gavà,Plan de jubilación,No,478,0.21
42853,A-236,Gavà,Hipoteca,No,3259,0.21
42853,C-337,Tarragona,Hipoteca,No,10712,0.21
42853,C-617,Lleida,Hipoteca,Si,11562,0.21
42853,C-124,Lleida,Plan de jubilación,No,2637,0.21
42854,D-624,Barcelona,Cuenta corriente,No,8608,0.21
42854,A-988,Barcelona,Fondo de inversión,Si,4432,0.21
42854,D-649,Gavà,Hipoteca,No,2972,0.21
42854,B-190,Gavà,Hipoteca,Si,1537,0.21
42854,D-780,Gavà,Fondo de inversión,Si,4304,0.21
42854,D-125,Gavà,Fondo de inversión,Si,2737,0.21
42854,A-868,Gavà,Cuenta corriente,Si,8276,0.21
42854,B-219,Lleida,Ahorros,Si,8461,0.21
42854,C-693,Lleida,Fondo de inversión,No,10209,0.21
42855,D-340,Gavà,Hipoteca,Si,5381,0.21
42855,C-123,Gavà,Plan de jubilación,No,6302,0.21
42855,B-906,Tarragona,Plan de jubilación,Si,816,0.21
42855,B-881,Tarragona,Ahorros,Si,8598,0.21
42855,C-121,Tarragona,Cuenta corriente,Si,7951,0.21
42855,D-829,Tarragona,Fondo de inversión,Si,11253,0.21
42855,D-875,Girona,Cuenta corriente,Si,11664,0.21
42855,D-719,Lleida,Cuenta corriente,Si,2209,0.21
42856,C-253,Barcelona,Ahorros,Si,7335,0.21
42856,B-695,Barcelona,Ahorros,Si,6413,0.21
42856,B-531,Barcelona,Cuenta corriente,No,8126,0.21
42856,C-937,Barcelona,Cuenta corriente,Si,8898,0.21
42856,D-889,Barcelona,Cuenta corriente,No,5779,0.21
42856,D-658,Barcelona,Fondo de inversión,Si,3105,0.21
42856,B-293,Gavà,Ahorros,Si,13307,0.21
42856,B-564,Tarragona,Plan de jubilación,No,7302,0.21
42856,C-436,Tarragona,Fondo de inversión,No,5312,0.21
42856,B-145,Girona,Cuenta corriente,Si,4218,0.21
42856,C-985,Girona,Cuenta corriente,No,5771,0.21
42856,B-903,Girona,Plan de jubilación,Si,14029,0.21
42856,B-284,Girona,Hipoteca,Si,13919,0.21
42856,C-175,Girona,Hipoteca,No,7204,0.21
42856,B-860,Lleida,Cuenta corriente,Si,5511,0.21
42856,C-479,Lleida,Hipoteca,Si,4887,0.21
42857,B-275,Barcelona,Ahorros,No,1898,0.21
42857,A-647,Gavà,Plan de jubilación,Si,5631,0.21
42857,D-841,Gavà,Fondo de inversión,No,2376,0.21
42857,B-545,Tarragona,Plan de jubilación,Si,6153,0.21
42857,B-416,Tarragona,Ahorros,No,7033,0.21
42857,A-691,Tarragona,Plan de jubilación,Si,9128,0.21
42857,B-306,Girona,Hipoteca,Si,1546,0.21
42857,A-205,Girona,Hipoteca,No,6629,0.21
42857,B-566,Girona,Fondo de inversión,Si,6685,0.21
42857,C-380,Girona,Hipoteca,Si,3817,0.21
42857,D-361,Lleida,Cuenta corriente,No,8567,0.21
42857,B-966,Lleida,Plan de jubilación,Si,14693,0.21
42857,C-597,Lleida,Cuenta corriente,No,1855,0.21
42858,B-331,Barcelona,Ahorros,No,6842,0.21
42858,D-802,Barcelona,Ahorros,No,13670,0.21
42858,B-702,Barcelona,Fondo de inversión,No,4338,0.21
42858,B-136,Tarragona,Fondo de inversión,Si,11429,0.21
42858,B-344,Tarragona,Cuenta corriente,Si,2554,0.21
42858,B-307,Tarragona,Plan de jubilación,No,8011,0.21
42858,B-588,Tarragona,Hipoteca,Si,2550,0.21
42858,A-776,Tarragona,Fondo de inversión,Si,4916,0.21
42858,C-999,Girona,Ahorros,Si,14770,0.21
42858,B-618,Girona,Ahorros,Si,4214,0.21
42858,D-358,Girona,Ahorros,Si,1509,0.21
42858,A-860,Girona,Ahorros,Si,2520,0.21
42858,C-337,Lleida,Cuenta corriente,No,5873,0.21
42858,B-919,Lleida,Fondo de inversión,No,3160,0.21
42859,D-182,Barcelona,Hipoteca,No,14946,0.21
42859,B-469,Barcelona,Hipoteca,No,2246,0.21
42859,D-256,Barcelona,Cuenta corriente,No,14615,0.21
42859,D-189,Barcelona,Ahorros,No,12169,0.21
42859,C-854,Gavà,Hipoteca,Si,7008,0.21
42859,C-615,Gavà,Cuenta corriente,No,7959,0.21
42859,B-362,Gavà,Fondo de inversión,Si,11377,0.21
42859,A-799,Gavà,Fondo de inversión,Si,1225,0.21
42859,D-733,Tarragona,Cuenta corriente,No,12930,0.21
42859,D-222,Tarragona,Fondo de inversión,No,9988,0.21
42859,D-879,Tarragona,Fondo de inversión,No,14377,0.21
42859,B-239,Tarragona,Cuenta corriente,Si,13132,0.21
42859,C-852,Tarragona,Plan de jubilación,Si,5814,0.21
42859,D-135,Tarragona,Ahorros,Si,6621,0.21
42859,D-682,Girona,Ahorros,No,4194,0.21
42859,D-853,Lleida,Plan de jubilación,Si,9827,0.21
42859,C-392,Lleida,Plan de jubilación,No,8139,0.21
42859,A-881,Lleida,Ahorros,Si,10605,0.21
42859,D-629,Lleida,Fondo de inversión,Si,11463,0.21
42860,D-970,Barcelona,Cuenta corriente,No,12135,0.21
42860,D-240,Barcelona,Fondo de inversión,No,7210,0.21
42860,A-989,Gavà,Plan de jubilación,Si,8415,0.21
42860,A-599,Gavà,Cuenta corriente,Si,7263,0.21
42860,B-455,Tarragona,Cuenta corriente,No,2174,0.21
42860,D-657,Tarragona,Plan de jubilación,Si,13772,0.21
42860,D-316,Tarragona,Ahorros,No,12490,0.21
42860,A-544,Tarragona,Cuenta corriente,No,4522,0.21
42860,D-797,Tarragona,Plan de jubilación,No,6526,0.21
42860,C-732,Tarragona,Plan de jubilación,No,2807,0.21
42860,A-912,Tarragona,Fondo de inversión,No,586,0.21
42860,A-778,Girona,Plan de jubilación,Si,4511,0.21
42860,B-186,Lleida,Cuenta corriente,Si,11722,0.21
42861,B-748,Barcelona,Cuenta corriente,No,11664,0.21
42861,B-647,Barcelona,Ahorros,No,852,0.21
42861,D-926,Barcelona,Hipoteca,No,3356,0.21
42861,D-109,Barcelona,Plan de jubilación,No,10749,0.21
42861,C-123,Barcelona,Fondo de inversión,Si,14120,0.21
42861,C-193,Gavà,Plan de jubilación,No,1675,0.21
42861,B-954,Gavà,Plan de jubilación,No,11194,0.21
42861,B-542,Tarragona,Plan de jubilación,Si,6289,0.21
42861,B-456,Tarragona,Fondo de inversión,No,7712,0.21
42861,B-856,Tarragona,Cuenta corriente,No,8547,0.21
42861,C-571,Tarragona,Plan de jubilación,No,882,0.21
42861,C-964,Tarragona,Ahorros,Si,8807,0.21
42861,C-110,Tarragona,Cuenta corriente,No,141,0.21
42861,C-677,Tarragona,Cuenta corriente,Si,10296,0.21
42861,A-271,Girona,Ahorros,Si,2275,0.21
42861,B-837,Lleida,Plan de jubilación,Si,4840,0.21
42862,B-504,Barcelona,Hipoteca,No,11300,0.21
42862,B-951,Barcelona,Hipoteca,Si,6224,0.21
42862,A-192,Barcelona,Ahorros,No,2393,0.21
42862,A-480,Tarragona,Cuenta corriente,Si,8071,0.21
42862,D-978,Tarragona,Hipoteca,Si,14387,0.21
42862,D-665,Girona,Ahorros,Si,7083,0.21
42862,D-710,Girona,Plan de jubilación,No,9106,0.21
42862,C-866,Girona,Plan de jubilación,Si,5290,0.21
42862,C-432,Girona,Plan de jubilación,No,10268,0.21
42862,C-278,Girona,Fondo de inversión,Si,3783,0.21
42862,C-266,Lleida,Plan de jubilación,Si,14426,0.21
42862,A-218,Lleida,Ahorros,Si,7840,0.21
42862,D-258,Lleida,Fondo de inversión,No,4647,0.21
42862,C-564,Lleida,Cuenta corriente,No,2247,0.21
42862,D-398,Lleida,Hipoteca,Si,4020,0.21
42863,B-567,Barcelona,Cuenta corriente,No,3289,0.21
42863,B-782,Barcelona,Ahorros,No,5576,0.21
42863,C-848,Barcelona,Hipoteca,No,6270,0.21
42863,B-959,Barcelona,Hipoteca,No,6998,0.21
42863,C-373,Gavà,Cuenta corriente,Si,6738,0.21
42863,D-587,Gavà,Ahorros,No,161,0.21
42863,B-352,Tarragona,Fondo de inversión,Si,9758,0.21
42863,B-579,Tarragona,Ahorros,Si,2824,0.21
42863,D-597,Tarragona,Cuenta corriente,No,14229,0.21
42863,A-520,Tarragona,Plan de jubilación,Si,12870,0.21
42863,A-215,Girona,Ahorros,No,5635,0.21
42863,D-101,Girona,Fondo de inversión,No,1187,0.21
42863,B-959,Girona,Ahorros,No,14853,0.21
42863,C-997,Girona,Cuenta corriente,No,12082,0.21
42863,D-891,Lleida,Fondo de inversión,Si,3200,0.21
42863,B-130,Lleida,Hipoteca,Si,14953,0.21
42864,B-772,Barcelona,Plan de jubilación,Si,7813,0.21
42864,B-415,Barcelona,Cuenta corriente,Si,8722,0.21
42864,C-759,Barcelona,Ahorros,Si,545,0.21
42864,A-879,Barcelona,Ahorros,Si,1463,0.21
42864,A-327,Gavà,Hipoteca,Si,12709,0.21
42864,B-538,Gavà,Hipoteca,No,3604,0.21
42864,C-116,Gavà,Cuenta corriente,Si,14497,0.21
42864,C-689,Tarragona,Hipoteca,No,4923,0.21
42864,D-478,Tarragona,Ahorros,Si,3005,0.21
42864,A-351,Tarragona,Cuenta corriente,No,8757,0.21
42864,A-338,Girona,Hipoteca,Si,10952,0.21
42864,B-848,Girona,Fondo de inversión,Si,5073,0.21
42864,B-113,Lleida,Fondo de inversión,No,12852,0.21
42865,C-323,Barcelona,Fondo de inversión,No,8089,0.21
42865,A-916,Barcelona,Hipoteca,Si,3960,0.21
42865,B-380,Gavà,Cuenta corriente,No,10736,0.21
42865,B-953,Tarragona,Fondo de inversión,Si,13131,0.21
42865,C-768,Tarragona,Fondo de inversión,Si,2306,0.21
42865,B-295,Tarragona,Ahorros,No,10642,0.21
42865,A-610,Tarragona,Ahorros,No,6213,0.21
42865,B-373,Girona,Ahorros,Si,9554,0.21
42865,C-981,Girona,Cuenta corriente,Si,11182,0.21
42865,C-816,Lleida,Plan de jubilación,No,12467,0.21
42865,C-161,Lleida,Cuenta corriente,No,13801,0.21
42865,B-587,Lleida,Fondo de inversión,Si,10910,0.21
42865,B-195,Lleida,Cuenta corriente,No,8494,0.21
42865,A-507,Lleida,Cuenta corriente,Si,12989,0.21
42866,D-479,Barcelona,Hipoteca,Si,313,0.21
42866,A-192,Barcelona,Hipoteca,Si,3775,0.21
42866,D-332,Barcelona,Fondo de inversión,Si,10471,0.21
42866,C-307,Gavà,Hipoteca,Si,13577,0.21
42866,B-239,Tarragona,Ahorros,Si,9881,0.21
42866,A-328,Girona,Cuenta corriente,Si,7013,0.21
42866,B-592,Girona,Cuenta corriente,No,2879,0.21
42866,A-921,Girona,Ahorros,Si,7623,0.21
42866,A-183,Girona,Cuenta corriente,Si,6567,0.21
42866,C-361,Lleida,Fondo de inversión,No,3066,0.21
42867,C-537,Barcelona,Fondo de inversión,No,6181,0.21
42867,A-701,Gavà,Ahorros,Si,4133,0.21
42867,A-451,Tarragona,Ahorros,Si,3684,0.21
42867,A-737,Tarragona,Cuenta corriente,Si,9601,0.21
42867,C-867,Tarragona,Cuenta corriente,Si,11230,0.21
42867,A-836,Tarragona,Hipoteca,Si,9699,0.21
42867,A-979,Girona,Cuenta corriente,No,6966,0.21
42867,C-352,Girona,Cuenta corriente,No,2890,0.21
42867,B-786,Lleida,Hipoteca,Si,8702,0.21
42867,D-300,Lleida,Cuenta corriente,Si,9627,0.21
42867,B-136,Lleida,Hipoteca,Si,11738,0.21
42868,B-485,Barcelona,Fondo de inversión,Si,4049,0.21
42868,B-356,Barcelona,Plan de jubilación,No,14416,0.21
42868,C-634,Barcelona,Ahorros,Si,494,0.21
42868,D-796,Gavà,Plan de jubilación,Si,12507,0.21
42868,B-263,Gavà,Hipoteca,Si,4144,0.21
42868,D-398,Tarragona,Fondo de inversión,Si,4418,0.21
42868,C-124,Girona,Hipoteca,No,3135,0.21
42868,D-163,Girona,Ahorros,Si,14951,0.21
42868,A-625,Lleida,Cuenta corriente,Si,10932,0.21
42868,D-960,Lleida,Hipoteca,Si,14762,0.21
42869,D-547,Barcelona,Ahorros,No,13090,0.21
42869,A-615,Barcelona,Fondo de inversión,No,2309,0.21
42869,B-235,Tarragona,Cuenta corriente,No,13146,0.21
42869,B-881,Tarragona,Cuenta corriente,Si,4728,0.21
42869,C-126,Tarragona,Plan de jubilación,No,1344,0.21
42869,B-488,Tarragona,Ahorros,Si,5258,0.21
42869,A-450,Girona,Cuenta corriente,Si,12093,0.21
42869,A-452,Girona,Cuenta corriente,No,4026,0.21
42869,B-620,Girona,Plan de jubilación,No,3516,0.21
42869,A-616,Girona,Hipoteca,No,14256,0.21
42869,A-269,Girona,Plan de jubilación,Si,8058,0.21
42869,D-462,Girona,Plan de jubilación,No,4694,0.21
42869,C-891,Lleida,Hipoteca,Si,7073,0.21
42869,A-556,Lleida,Fondo de inversión,No,10549,0.21
42870,B-476,Barcelona,Fondo de inversión,Si,2862,0.21
42870,D-158,Gavà,Plan de jubilación,No,7648,0.21
42870,A-110,Gavà,Plan de jubilación,No,12604,0.21
42870,B-306,Gavà,Plan de jubilación,Si,3463,0.21
42870,C-384,Tarragona,Fondo de inversión,No,5306,0.21
42870,A-796,Tarragona,Hipoteca,Si,14240,0.21
42870,C-812,Tarragona,Cuenta corriente,Si,7817,0.21
42870,A-430,Girona,Fondo de inversión,Si,2175,0.21
42870,B-456,Lleida,Ahorros,Si,14171,0.21
42870,C-753,Lleida,Ahorros,No,4643,0.21
42871,C-524,Barcelona,Fondo de inversión,No,11141,0.21
42871,A-986,Barcelona,Cuenta corriente,Si,3315,0.21
42871,D-401,Barcelona,Ahorros,No,12735,0.21
42871,B-354,Barcelona,Ahorros,Si,401,0.21
42871,C-260,Barcelona,Ahorros,Si,8954,0.21
42871,B-700,Barcelona,Plan de jubilación,No,733,0.21
42871,A-997,Gavà,Hipoteca,No,4684,0.21
42871,B-905,Gavà,Ahorros,No,2977,0.21
42871,D-772,Tarragona,Hipoteca,No,2352,0.21
42871,A-140,Girona,Plan de jubilación,No,9484,0.21
42871,A-236,Lleida,Plan de jubilación,No,8371,0.21
42871,C-764,Lleida,Hipoteca,No,2490,0.21
42871,A-495,Lleida,Fondo de inversión,Si,5407,0.21
42872,C-682,Barcelona,Fondo de inversión,Si,2308,0.21
42872,B-638,Barcelona,Hipoteca,No,4681,0.21
42872,C-517,Barcelona,Ahorros,No,12486,0.21
42872,B-153,Barcelona,Fondo de inversión,No,2399,0.21
42872,A-717,Barcelona,Ahorros,No,12759,0.21
42872,B-437,Barcelona,Fondo de inversión,Si,14437,0.21
42872,B-138,Barcelona,Cuenta corriente,Si,3530,0.21
42872,C-979,Barcelona,Hipoteca,No,9990,0.21
42872,A-407,Gavà,Cuenta corriente,Si,5937,0.21
42872,D-273,Tarragona,Ahorros,Si,11070,0.21
42872,C-840,Tarragona,Hipoteca,No,8817,0.21
42872,C-578,Girona,Ahorros,Si,9778,0.21
42872,C-572,Lleida,Fondo de inversión,No,178,0.21
42872,C-434,Lleida,Ahorros,No,14667,0.21
42872,D-344,Lleida,Plan de jubilación,Si,2260,0.21
42872,C-339,Lleida,Cuenta corriente,Si,13777,0.21
42872,B-772,Lleida,Hipoteca,Si,12879,0.21
42872,C-812,Lleida,Fondo de inversión,No,13675,0.21
42873,B-498,Barcelona,Plan de jubilación,Si,11381,0.21
42873,A-540,Gavà,Cuenta corriente,Si,7997,0.21
42873,A-170,Tarragona,Cuenta corriente,Si,14993,0.21
42873,A-340,Tarragona,Plan de jubilación,No,1790,0.21
42873,C-188,Tarragona,Hipoteca,No,4536,0.21
42873,A-797,Tarragona,Fondo de inversión,Si,887,0.21
42873,A-530,Girona,Plan de jubilación,No,8833,0.21
42873,C-934,Girona,Cuenta corriente,Si,10474,0.21
42873,D-160,Girona,Cuenta corriente,Si,3018,0.21
42873,C-678,Girona,Ahorros,Si,11454,0.21
42873,D-252,Lleida,Fondo de inversión,Si,14800,0.21
42873,C-241,Lleida,Ahorros,No,889,0.21
42874,B-154,Barcelona,Hipoteca,Si,4242,0.21
42874,D-824,Barcelona,Ahorros,Si,6515,0.21
42874,C-270,Barcelona,Plan de jubilación,Si,13386,0.21
42874,D-880,Gavà,Hipoteca,Si,8867,0.21
42874,D-932,Tarragona,Fondo de inversión,Si,12038,0.21
42874,B-708,Girona,Cuenta corriente,No,2083,0.21
42874,D-189,Girona,Hipoteca,No,3830,0.21
42874,C-579,Lleida,Cuenta corriente,No,11629,0.21
42875,C-787,Barcelona,Ahorros,No,2683,0.21
42875,B-545,Barcelona,Cuenta corriente,Si,764,0.21
42875,D-489,Gavà,Hipoteca,No,445,0.21
42875,A-279,Tarragona,Ahorros,No,4523,0.21
42875,A-181,Tarragona,Plan de jubilación,No,1194,0.21
42875,D-414,Girona,Ahorros,No,4340,0.21
42875,D-208,Girona,Ahorros,No,3916,0.21
42875,C-424,Girona,Hipoteca,No,4943,0.21
42875,C-156,Girona,Hipoteca,Si,4747,0.21
42875,D-996,Lleida,Cuenta corriente,Si,4701,0.21
42876,C-860,Barcelona,Cuenta corriente,No,6826,0.21
42876,D-825,Barcelona,Cuenta corriente,No,6588,0.21
42876,C-434,Barcelona,Cuenta corriente,No,3442,0.21
42876,C-483,Gavà,Fondo de inversión,No,12623,0.21
42876,A-140,Tarragona,Plan de jubilación,Si,12607,0.21
42876,C-829,Tarragona,Plan de jubilación,Si,12186,0.21
42876,D-592,Tarragona,Hipoteca,Si,6492,0.21
42876,D-336,Tarragona,Fondo de inversión,Si,9813,0.21
42876,C-597,Lleida,Fondo de inversión,No,3528,0.21
42876,B-433,Lleida,Fondo de inversión,Si,5171,0.21
42877,B-725,Barcelona,Plan de jubilación,No,10985,0.21
42877,A-964,Barcelona,Plan de jubilación,No,2710,0.21
42877,C-725,Barcelona,Plan de jubilación,Si,5803,0.21
42877,A-141,Barcelona,Cuenta corriente,Si,5676,0.21
42877,C-779,Tarragona,Hipoteca,No,10030,0.21
42877,B-964,Tarragona,Plan de jubilación,No,4839,0.21
42877,B-317,Tarragona,Cuenta corriente,No,4191,0.21
42877,A-331,Girona,Fondo de inversión,No,13716,0.21
42877,A-683,Girona,Plan de jubilación,No,947,0.21
42877,D-251,Girona,Plan de jubilación,No,12569,0.21
42877,B-242,Girona,Hipoteca,Si,3628,0.21
42877,C-743,Girona,Plan de jubilación,No,14262,0.21
42877,C-865,Lleida,Ahorros,Si,10256,0.21
42877,D-928,Lleida,Plan de jubilación,Si,1280,0.21
42878,D-864,Barcelona,Hipoteca,Si,4991,0.21
42878,B-294,Barcelona,Cuenta corriente,Si,12528,0.21
42878,A-113,Barcelona,Plan de jubilación,Si,13582,0.21
42878,C-902,Gavà,Hipoteca,Si,1275,0.21
42878,C-438,Gavà,Ahorros,Si,2602,0.21
42878,B-505,Tarragona,Cuenta corriente,No,7388,0.21
42878,D-182,Tarragona,Ahorros,No,860,0.21
42878,D-255,Tarragona,Cuenta corriente,No,11287,0.21
42878,D-866,Tarragona,Plan de jubilación,No,2207,0.21
42878,A-734,Girona,Plan de jubilación,Si,12631,0.21
42878,B-461,Girona,Ahorros,Si,5720,0.21
42878,D-936,Girona,Hipoteca,No,2365,0.21
42878,C-132,Girona,Plan de jubilación,Si,9340,0.21
42878,D-542,Lleida,Ahorros,Si,5224,0.21
42878,B-535,Lleida,Cuenta corriente,Si,8908,0.21
42879,C-469,Barcelona,Plan de jubilación,No,11228,0.21
42879,D-399,Barcelona,Fondo de inversión,No,8060,0.21
42879,A-676,Gavà,Hipoteca,No,4948,0.21
42879,D-707,Tarragona,Cuenta corriente,No,14623,0.21
42879,A-387,Tarragona,Cuenta corriente,No,14126,0.21
42879,B-173,Tarragona,Plan de jubilación,No,291,0.21
42879,C-707,Girona,Plan de jubilación,No,10095,0.21
42879,D-281,Girona,Hipoteca,Si,3307,0.21
42879,A-628,Girona,Fondo de inversión,Si,6352,0.21
42879,A-897,Lleida,Cuenta corriente,Si,8895,0.21
42879,C-628,Lleida,Fondo de inversión,Si,1784,0.21
42879,B-973,Lleida,Ahorros,Si,14313,0.21
42879,B-411,Lleida,Plan de jubilación,No,7537,0.21
42879,D-957,Lleida,Cuenta corriente,Si,12462,0.21
42879,B-241,Lleida,Ahorros,No,1099,0.21
42879,D-608,Lleida,Fondo de inversión,No,7288,0.21
42880,C-723,Barcelona,Hipoteca,No,13363,0.21
42880,A-604,Barcelona,Plan de jubilación,Si,2479,0.21
42880,A-449,Barcelona,Plan de jubilación,No,8133,0.21
42880,D-505,Barcelona,Hipoteca,No,9164,0.21
42880,A-837,Gavà,Cuenta corriente,No,12047,0.21
42880,C-849,Gavà,Plan de jubilación,Si,12956,0.21
42880,B-847,Gavà,Fondo de inversión,No,1810,0.21
42880,B-935,Gavà,Cuenta corriente,No,5081,0.21
42880,D-126,Gavà,Fondo de inversión,No,11896,0.21
42880,A-473,Tarragona,Cuenta corriente,No,3517,0.21
42880,D-473,Girona,Cuenta corriente,Si,2326,0.21
42880,A-234,Lleida,Hipoteca,No,6011,0.21
42880,C-249,Lleida,Cuenta corriente,Si,5443,0.21
42881,D-379,Barcelona,Fondo de inversión,No,9295,0.21
42881,D-766,Barcelona,Cuenta corriente,No,13714,0.21
42881,B-847,Barcelona,Ahorros,No,8443,0.21
42881,A-873,Gavà,Fondo de inversión,Si,2112,0.21
42881,D-543,Gavà,Plan de jubilación,No,6761,0.21
42881,A-828,Tarragona,Cuenta corriente,Si,5203,0.21
42881,D-611,Tarragona,Plan de jubilación,Si,6893,0.21
42881,C-539,Lleida,Cuenta corriente,Si,11296,0.21
42881,D-215,Lleida,Cuenta corriente,Si,2006,0.21
42882,C-702,Barcelona,Cuenta corriente,Si,6157,0.21
42882,C-881,Barcelona,Hipoteca,Si,8255,0.21
42882,A-649,Barcelona,Fondo de inversión,No,11918,0.21
42882,A-811,Barcelona,Cuenta corriente,No,8084,0.21
42882,B-460,Gavà,Plan de jubilación,No,2267,0.21
42882,D-994,Gavà,Ahorros,Si,3090,0.21
42882,A-300,Gavà,Hipoteca,Si,1641,0.21
42882,C-950,Gavà,Cuenta corriente,No,10809,0.21
42882,A-490,Tarragona,Fondo de inversión,Si,9092,0.21
42882,A-148,Tarragona,Fondo de inversión,No,3004,0.21
42882,B-314,Girona,Hipoteca,Si,13808,0.21
42882,C-883,Girona,Fondo de inversión,Si,8469,0.21
42882,C-875,Lleida,Hipoteca,No,9112,0.21
42883,C-321,Barcelona,Fondo de inversión,No,1916,0.21
42883,C-200,Barcelona,Cuenta corriente,No,4513,0.21
42883,B-670,Barcelona,Fondo de inversión,Si,9753,0.21
42883,D-924,Barcelona,Plan de jubilación,Si,7042,0.21
42883,A-172,Barcelona,Hipoteca,Si,6911,0.21
42883,C-131,Barcelona,Plan de jubilación,No,7698,0.21
42883,A-366,Gavà,Hipoteca,Si,4844,0.21
42883,C-931,Gavà,Fondo de inversión,Si,3571,0.21
42883,A-768,Tarragona,Plan de jubilación,No,14542,0.21
42883,B-690,Tarragona,Fondo de inversión,Si,14999,0.21
42883,D-304,Tarragona,Ahorros,No,7278,0.21
42883,D-968,Tarragona,Fondo de inversión,Si,5735,0.21
42883,B-516,Girona,Ahorros,Si,8594,0.21
42883,B-221,Lleida,Plan de jubilación,Si,7371,0.21
42884,D-454,Barcelona,Cuenta corriente,No,14964,0.21
42884,B-805,Barcelona,Cuenta corriente,Si,3612,0.21
42884,A-784,Barcelona,Ahorros,No,5266,0.21
42884,C-940,Barcelona,Cuenta corriente,No,5819,0.21
42884,B-174,Gavà,Ahorros,No,8370,0.21
42884,C-263,Tarragona,Hipoteca,No,11737,0.21
42884,C-539,Tarragona,Hipoteca,No,4431,0.21
42884,D-230,Tarragona,Plan de jubilación,No,1369,0.21
42884,C-589,Girona,Ahorros,Si,8336,0.21
42884,C-219,Lleida,Fondo de inversión,No,5069,0.21
42884,B-661,Lleida,Hipoteca,Si,13180,0.21
42884,C-189,Lleida,Hipoteca,Si,11906,0.21
42885,C-117,Barcelona,Fondo de inversión,No,10761,0.21
42885,C-829,Barcelona,Fondo de inversión,No,6044,0.21
42885,D-428,Barcelona,Ahorros,Si,13766,0.21
42885,B-727,Barcelona,Hipoteca,No,10527,0.21
42885,A-892,Gavà,Fondo de inversión,Si,8376,0.21
42885,B-346,Gavà,Ahorros,No,4280,0.21
42885,C-114,Tarragona,Plan de jubilación,No,12809,0.21
42885,A-381,Tarragona,Cuenta corriente,Si,1380,0.21
42885,A-347,Tarragona,Plan de jubilación,Si,14640,0.21
42885,D-939,Girona,Hipoteca,Si,14220,0.21
42885,C-246,Girona,Cuenta corriente,Si,8030,0.21
42885,C-382,Lleida,Hipoteca,Si,156,0.21
42885,A-727,Lleida,Plan de jubilación,Si,8592,0.21
42885,D-798,Lleida,Plan de jubilación,Si,10331,0.21
42886,C-917,Barcelona,Plan de jubilación,Si,13221,0.21
42886,B-185,Barcelona,Plan de jubilación,Si,9811,0.21
42886,B-706,Barcelona,Plan de jubilación,No,14045,0.21
42886,A-561,Gavà,Fondo de inversión,No,13125,0.21
42886,C-496,Tarragona,Fondo de inversión,Si,10986,0.21
42886,D-547,Tarragona,Hipoteca,Si,11045,0.21
42886,A-801,Girona,Hipoteca,Si,3875,0.21
42886,B-402,Girona,Fondo de inversión,Si,1135,0.21
42886,A-352,Girona,Fondo de inversión,Si,10846,0.21
42886,C-480,Girona,Hipoteca,Si,7550,0.21
42886,C-195,Lleida,Hipoteca,Si,9036,0.21
42886,C-505,Lleida,Cuenta corriente,No,1856,0.21
42887,A-280,Barcelona,Ahorros,No,10427,0.21
42887,A-250,Barcelona,Hipoteca,No,5977,0.21
42887,B-257,Gavà,Ahorros,No,5893,0.21
42887,D-478,Gavà,Ahorros,Si,12190,0.21
42887,C-348,Tarragona,Plan de jubilación,Si,4866,0.21
42887,C-833,Tarragona,Cuenta corriente,Si,4804,0.21
42887,B-740,Tarragona,Fondo de inversión,No,8005,0.21
42887,B-136,Girona,Cuenta corriente,No,3543,0.21
42887,B-109,Girona,Plan de jubilación,Si,5220,0.21
42887,D-947,Girona,Cuenta corriente,No,9389,0.21
42887,D-635,Girona,Ahorros,No,12249,0.21
42887,C-938,Lleida,Hipoteca,No,6540,0.21
42887,C-119,Lleida,Fondo de inversión,No,14685,0.21
42888,C-173,Barcelona,Cuenta corriente,No,1892,0.21
42888,C-950,Barcelona,Plan de jubilación,Si,12822,0.21
42888,D-913,Gavà,Fondo de inversión,Si,5734,0.21
42888,D-205,Tarragona,Cuenta corriente,No,2126,0.21
42888,D-828,Tarragona,Cuenta corriente,Si,4921,0.21
42888,B-274,Tarragona,Cuenta corriente,Si,955,0.21
42888,C-973,Tarragona,Ahorros,No,4513,0.21
42888,B-432,Tarragona,Ahorros,No,3232,0.21
42888,D-636,Girona,Fondo de inversión,No,5997,0.21
42888,A-678,Girona,Plan de jubilación,Si,14798,0.21
42888,D-272,Girona,Hipoteca,No,7248,0.21
42888,A-712,Lleida,Hipoteca,Si,4381,0.21
42888,B-376,Lleida,Fondo de inversión,No,13745,0.21
42888,A-906,Lleida,Cuenta corriente,No,11616,0.21
42888,B-396,Lleida,Hipoteca,No,9330,0.21
42889,C-676,Barcelona,Cuenta corriente,Si,13581,0.21
42889,D-409,Barcelona,Plan de jubilación,Si,1655,0.21
42889,A-702,Gavà,Cuenta corriente,No,11723,0.21
42889,D-383,Gavà,Ahorros,Si,9409,0.21
42889,A-687,Gavà,Plan de jubilación,No,13140,0.21
42889,D-774,Gavà,Cuenta corriente,Si,2205,0.21
42889,A-500,Tarragona,Plan de jubilación,No,3285,0.21
42889,B-983,Tarragona,Cuenta corriente,Si,11915,0.21
42889,B-808,Tarragona,Ahorros,Si,4401,0.21
42889,D-846,Girona,Fondo de inversión,Si,8081,0.21
42889,C-206,Girona,Plan de jubilación,Si,1529,0.21
42889,A-329,Girona,Cuenta corriente,No,6169,0.21
42889,A-548,Lleida,Hipoteca,Si,14098,0.21
42890,A-803,Barcelona,Plan de jubilación,Si,8376,0.21
42890,D-781,Barcelona,Hipoteca,No,3160,0.21
42890,D-874,Barcelona,Hipoteca,No,8658,0.21
42890,C-213,Gavà,Plan de jubilación,No,4925,0.21
42890,C-714,Gavà,Plan de jubilación,No,9046,0.21
42890,C-659,Gavà,Ahorros,Si,1203,0.21
42890,B-508,Gavà,Ahorros,No,3621,0.21
42890,A-927,Tarragona,Plan de jubilación,No,4891,0.21
42890,C-957,Girona,Ahorros,No,5332,0.21
42890,B-328,Girona,Cuenta corriente,Si,6092,0.21
42890,D-328,Lleida,Fondo de inversión,No,14055,0.21
42890,D-592,Lleida,Hipoteca,Si,1450,0.21
42890,B-825,Lleida,Fondo de inversión,Si,7326,0.21
42890,D-950,Lleida,Ahorros,No,14488,0.21
42890,A-452,Lleida,Hipoteca,No,4812,0.21
42890,B-511,Lleida,Cuenta corriente,No,2760,0.21
42891,D-101,Gavà,Ahorros,Si,1201,0.21
42891,B-595,Gavà,Cuenta corriente,Si,13720,0.21
42891,B-515,Tarragona,Ahorros,No,9206,0.21
42891,A-560,Tarragona,Hipoteca,Si,7063,0.21
42891,A-806,Tarragona,Hipoteca,Si,9796,0.21
42891,A-213,Tarragona,Fondo de inversión,No,4956,0.21
42891,A-804,Girona,Plan de jubilación,No,9121,0.21
42891,B-144,Girona,Hipoteca,No,8373,0.21
42891,B-991,Girona,Fondo de inversión,Si,14185,0.21
42891,D-928,Girona,Fondo de inversión,Si,11133,0.21
42891,C-483,Lleida,Ahorros,Si,9277,0.21
42892,B-237,Gavà,Plan de jubilación,No,1673,0.21
42892,D-448,Gavà,Fondo de inversión,No,8793,0.21
42892,B-152,Gavà,Ahorros,No,2149,0.21
42892,D-428,Girona,Hipoteca,No,11157,0.21
42892,B-788,Girona,Hipoteca,No,10381,0.21
42892,D-560,Girona,Cuenta corriente,Si,3796,0.21
42892,C-461,Girona,Ahorros,Si,5071,0.21
42892,A-312,Girona,Cuenta corriente,No,5624,0.21
42892,D-523,Lleida,Fondo de inversión,Si,5700,0.21
42892,A-565,Lleida,Ahorros,No,12551,0.21
42892,C-779,Lleida,Cuenta corriente,No,12626,0.21
42893,D-865,Barcelona,Cuenta corriente,Si,11236,0.21
42893,C-140,Barcelona,Cuenta corriente,Si,7153,0.21
42893,C-926,Barcelona,Ahorros,Si,2164,0.21
42893,B-642,Gavà,Ahorros,No,11272,0.21
42893,D-595,Gavà,Cuenta corriente,No,13409,0.21
42893,B-828,Gavà,Fondo de inversión,Si,14504,0.21
42893,C-577,Gavà,Cuenta corriente,No,5317,0.21
42893,D-946,Tarragona,Plan de jubilación,Si,10235,0.21
42893,C-819,Tarragona,Cuenta corriente,Si,9895,0.21
42893,A-755,Tarragona,Cuenta corriente,Si,9990,0.21
42893,B-514,Girona,Plan de jubilación,No,10979,0.21
42893,B-765,Lleida,Ahorros,Si,913,0.21
42893,B-625,Lleida,Fondo de inversión,Si,6347,0.21
42893,C-629,Lleida,Ahorros,Si,11901,0.21
42893,C-600,Lleida,Plan de jubilación,No,6343,0.21
42893,C-539,Lleida,Fondo de inversión,Si,11525,0.21
42893,D-253,Lleida,Fondo de inversión,Si,2852,0.21
42893,D-985,Lleida,Hipoteca,No,516,0.21
42893,C-991,Lleida,Plan de jubilación,No,11407,0.21
42893,A-227,Lleida,Fondo de inversión,Si,4614,0.21
42894,A-591,Barcelona,Cuenta corriente,Si,4677,0.21
42894,C-991,Barcelona,Cuenta corriente,Si,1203,0.21
42894,A-119,Barcelona,Plan de jubilación,No,12692,0.21
42894,D-855,Barcelona,Cuenta corriente,Si,9672,0.21
42894,A-174,Barcelona,Hipoteca,Si,126,0.21
42894,A-631,Gavà,Ahorros,No,1723,0.21
42894,A-665,Gavà,Ahorros,Si,12072,0.21
42894,D-286,Gavà,Cuenta corriente,No,2585,0.21
42894,B-511,Gavà,Cuenta corriente,Si,9474,0.21
42894,A-393,Gavà,Ahorros,Si,1372,0.21
42894,A-155,Gavà,Fondo de inversión,No,5751,0.21
42894,C-379,Tarragona,Fondo de inversión,No,3665,0.21
42894,C-705,Tarragona,Plan de jubilación,Si,11319,0.21
42894,B-262,Girona,Hipoteca,Si,1848,0.21
42894,C-665,Girona,Ahorros,Si,5864,0.21
42894,D-313,Girona,Plan de jubilación,No,12714,0.21
42894,B-962,Lleida,Fondo de inversión,No,11634,0.21
42894,B-639,Lleida,Fondo de inversión,Si,6865,0.21
42894,D-293,Lleida,Cuenta corriente,Si,2052,0.21
42895,B-949,Barcelona,Fondo de inversión,Si,9225,0.21
42895,C-904,Barcelona,Cuenta corriente,Si,8030,0.21
42895,B-828,Barcelona,Hipoteca,No,3031,0.21
42895,D-692,Barcelona,Plan de jubilación,No,14290,0.21
42895,D-665,Barcelona,Hipoteca,Si,11357,0.21
42895,A-473,Barcelona,Ahorros,Si,9832,0.21
42895,A-116,Gavà,Cuenta corriente,Si,9136,0.21
42895,D-580,Gavà,Ahorros,Si,5835,0.21
42895,C-574,Gavà,Cuenta corriente,No,6079,0.21
42895,B-422,Tarragona,Plan de jubilación,Si,3076,0.21
42895,C-549,Tarragona,Plan de jubilación,No,10460,0.21
42895,B-591,Tarragona,Hipoteca,No,6378,0.21
42895,D-250,Tarragona,Fondo de inversión,Si,14217,0.21
42895,A-333,Girona,Ahorros,No,9908,0.21
42895,B-771,Girona,Plan de jubilación,Si,6687,0.21
42895,B-109,Girona,Plan de jubilación,Si,1227,0.21
42895,C-841,Girona,Hipoteca,No,7422,0.21
42895,A-834,Girona,Fondo de inversión,Si,6807,0.21
42895,A-396,Girona,Ahorros,Si,7918,0.21
42895,B-136,Lleida,Ahorros,Si,11939,0.21
42895,D-131,Lleida,Hipoteca,No,6567,0.21
42896,D-929,Barcelona,Cuenta corriente,Si,13760,0.21
42896,A-247,Barcelona,Fondo de inversión,No,12908,0.21
42896,B-783,Barcelona,Hipoteca,Si,7361,0.21
42896,C-191,Gavà,Plan de jubilación,Si,7011,0.21
42896,C-410,Gavà,Ahorros,No,11852,0.21
42896,D-101,Tarragona,Ahorros,No,8776,0.21
42896,D-495,Tarragona,Hipoteca,Si,12589,0.21
42896,D-532,Tarragona,Ahorros,No,9785,0.21
42896,A-430,Girona,Fondo de inversión,Si,725,0.21
42896,C-816,Girona,Plan de jubilación,Si,11396,0.21
42896,A-732,Lleida,Ahorros,No,8256,0.21
42897,A-380,Barcelona,Plan de jubilación,Si,14990,0.21
42897,A-890,Barcelona,Hipoteca,No,3049,0.21
42897,C-150,Barcelona,Fondo de inversión,No,478,0.21
42897,B-398,Barcelona,Plan de jubilación,No,9379,0.21
42897,D-923,Barcelona,Cuenta corriente,No,7463,0.21
42897,D-677,Barcelona,Fondo de inversión,Si,1184,0.21
42897,B-613,Barcelona,Fondo de inversión,No,10331,0.21
42897,B-252,Barcelona,Plan de jubilación,No,1855,0.21
42897,C-960,Gavà,Cuenta corriente,Si,11668,0.21
42897,B-955,Gavà,Ahorros,No,10808,0.21
42897,A-981,Girona,Fondo de inversión,Si,11753,0.21
42897,B-652,Girona,Plan de jubilación,Si,10004,0.21
42897,B-403,Lleida,Fondo de inversión,No,9330,0.21
42897,C-272,Lleida,Cuenta corriente,Si,9464,0.21
42897,B-228,Lleida,Cuenta corriente,No,7510,0.21
42898,D-210,Barcelona,Ahorros,Si,11674,0.21
42898,A-435,Barcelona,Hipoteca,Si,10893,0.21
42898,D-524,Gavà,Hipoteca,No,11899,0.21
42898,D-266,Gavà,Fondo de inversión,No,7484,0.21
42898,D-613,Gavà,Fondo de inversión,Si,14346,0.21
42898,C-966,Gavà,Ahorros,No,9520,0.21
42898,C-886,Tarragona,Hipoteca,Si,14582,0.21
42898,A-653,Tarragona,Fondo de inversión,Si,5580,0.21
42898,A-136,Girona,Hipoteca,Si,10524,0.21
42898,A-114,Girona,Plan de jubilación,No,9912,0.21
42898,C-344,Lleida,Cuenta corriente,Si,8677,0.21
42899,C-376,Barcelona,Hipoteca,No,13486,0.21
42899,C-215,Barcelona,Fondo de inversión,Si,931,0.21
42899,A-404,Barcelona,Cuenta corriente,No,13155,0.21
42899,C-627,Barcelona,Ahorros,No,3792,0.21
42899,D-277,Barcelona,Cuenta corriente,Si,11385,0.21
42899,D-211,Barcelona,Ahorros,Si,6993,0.21
42899,C-437,Barcelona,Ahorros,Si,4845,0.21
42899,A-179,Gavà,Fondo de inversión,Si,13559,0.21
42899,C-345,Gavà,Plan de jubilación,No,8096,0.21
42899,B-637,Gavà,Ahorros,No,12662,0.21
42899,C-379,Tarragona,Ahorros,Si,1721,0.21
42899,C-215,Tarragona,Hipoteca,Si,12857,0.21
42899,D-881,Tarragona,Fondo de inversión,Si,10300,0.21
42899,A-746,Tarragona,Fondo de inversión,Si,643,0.21
42899,D-302,Tarragona,Cuenta corriente,No,4256,0.21
42899,B-792,Girona,Fondo de inversión,No,8827,0.21
42899,D-841,Girona,Fondo de inversión,No,13930,0.21
42899,B-804,Lleida,Plan de jubilación,No,11387,0.21
42899,A-884,Lleida,Hipoteca,Si,5804,0.21
42899,D-174,Lleida,Hipoteca,No,1146,0.21
42900,C-184,Barcelona,Plan de jubilación,Si,12258,0.21
42900,D-959,Barcelona,Fondo de inversión,Si,3537,0.21
42900,A-287,Gavà,Cuenta corriente,Si,615,0.21
42900,A-306,Gavà,Ahorros,No,6340,0.21
42900,A-772,Tarragona,Ahorros,Si,2722,0.21
42900,A-719,Tarragona,Hipoteca,Si,6966,0.21
42900,A-500,Tarragona,Plan de jubilación,No,1392,0.21
42900,A-170,Tarragona,Fondo de inversión,Si,6996,0.21
42900,B-585,Lleida,Plan de jubilación,Si,11279,0.21
42900,C-102,Lleida,Ahorros,No,11165,0.21
42900,A-184,Lleida,Fondo de inversión,Si,967,0.21
42900,B-561,Lleida,Cuenta corriente,Si,1561,0.21
42900,A-122,Lleida,Plan de jubilación,Si,1125,0.21
42900,A-104,Lleida,Cuenta corriente,Si,6684,0.21
42900,D-129,Lleida,Hipoteca,No,7352,0.21
42900,C-983,Lleida,Fondo de inversión,No,4446,0.21
42901,C-584,Barcelona,Ahorros,Si,9107,0.21
42901,A-669,Barcelona,Ahorros,No,13730,0.21
42901,C-859,Gavà,Hipoteca,No,482,0.21
42901,C-953,Gavà,Ahorros,Si,7546,0.21
42901,A-642,Gavà,Fondo de inversión,Si,11350,0.21
42901,A-411,Gavà,Hipoteca,Si,4757,0.21
42901,B-421,Tarragona,Hipoteca,Si,3538,0.21
42901,C-760,Tarragona,Hipoteca,No,144,0.21
42901,D-809,Girona,Fondo de inversión,Si,6553,0.21
42901,D-317,Lleida,Fondo de inversión,Si,5242,0.21
42901,C-803,Lleida,Cuenta corriente,No,14717,0.21
42902,B-887,Barcelona,Fondo de inversión,Si,5038,0.21
42902,D-710,Tarragona,Plan de jubilación,Si,6245,0.21
42902,D-535,Tarragona,Ahorros,No,580,0.21
42902,A-712,Girona,Cuenta corriente,No,13348,0.21
42902,D-676,Lleida,Cuenta corriente,No,4770,0.21
42902,B-599,Lleida,Ahorros,Si,4535,0.21
42902,B-134,Lleida,Ahorros,No,9750,0.21
42902,B-985,Lleida,Fondo de inversión,No,8358,0.21
42902,A-763,Lleida,Ahorros,No,10832,0.21
42903,C-971,Barcelona,Fondo de inversión,Si,10183,0.21
42903,A-967,Barcelona,Plan de jubilación,No,13800,0.21
42903,D-289,Gavà,Plan de jubilación,No,3452,0.21
42903,D-744,Tarragona,Fondo de inversión,Si,1419,0.21
42903,A-655,Tarragona,Hipoteca,Si,11381,0.21
42903,A-419,Tarragona,Fondo de inversión,Si,1604,0.21
42903,D-349,Girona,Fondo de inversión,Si,3375,0.21
42903,D-661,Lleida,Ahorros,Si,5529,0.21
42903,B-100,Lleida,Ahorros,No,4381,0.21
42903,D-981,Lleida,Fondo de inversión,Si,4808,0.21
42904,C-158,Barcelona,Cuenta corriente,No,9852,0.21
42904,B-383,Barcelona,Hipoteca,Si,4446,0.21
42904,D-556,Gavà,Fondo de inversión,Si,10100,0.21
42904,A-950,Gavà,Plan de jubilación,No,9640,0.21
42904,A-247,Gavà,Hipoteca,No,9738,0.21
42904,B-940,Tarragona,Hipoteca,Si,10012,0.21
42904,D-517,Girona,Hipoteca,No,5046,0.21
42904,C-537,Girona,Cuenta corriente,Si,6748,0.21
42904,B-888,Lleida,Fondo de inversión,Si,14079,0.21
42904,A-856,Lleida,Fondo de inversión,Si,5877,0.21
42904,A-233,Lleida,Plan de jubilación,No,2523,0.21
42904,A-379,Lleida,Hipoteca,Si,13453,0.21
42905,A-898,Barcelona,Ahorros,Si,14718,0.21
42905,D-435,Barcelona,Plan de jubilación,Si,9388,0.21
42905,B-931,Barcelona,Cuenta corriente,No,14265,0.21
42905,D-579,Gavà,Cuenta corriente,Si,9823,0.21
42905,B-766,Gavà,Cuenta corriente,No,10920,0.21
42905,C-180,Tarragona,Cuenta corriente,Si,9847,0.21
42905,C-908,Tarragona,Ahorros,No,3637,0.21
42905,B-677,Girona,Fondo de inversión,No,6560,0.21
42905,A-979,Girona,Ahorros,No,7765,0.21
42905,D-243,Girona,Hipoteca,No,176,0.21
42905,C-538,Lleida,Plan de jubilación,Si,11141,0.21
42905,D-388,Lleida,Cuenta corriente,No,13712,0.21
42906,B-274,Barcelona,Fondo de inversión,Si,12719,0.21
42906,A-507,Barcelona,Plan de jubilación,Si,1230,0.21
42906,B-797,Tarragona,Ahorros,No,10762,0.21
42906,A-280,Tarragona,Ahorros,No,14167,0.21
42906,D-959,Tarragona,Cuenta corriente,No,3901,0.21
42906,D-788,Lleida,Cuenta corriente,Si,5961,0.21
42906,A-615,Lleida,Ahorros,Si,14562,0.21
42906,C-497,Lleida,Plan de jubilación,Si,2044,0.21
42907,D-389,Barcelona,Ahorros,No,8683,0.21
42907,C-432,Gavà,Ahorros,No,6538,0.21
42907,D-828,Gavà,Fondo de inversión,No,11581,0.21
42907,D-457,Tarragona,Cuenta corriente,Si,2261,0.21
42907,D-739,Tarragona,Hipoteca,Si,3679,0.21
42907,B-407,Lleida,Hipoteca,No,2505,0.21
42907,A-644,Lleida,Hipoteca,Si,4879,0.21
42907,B-129,Lleida,Cuenta corriente,Si,11070,0.21
42907,D-328,Lleida,Fondo de inversión,Si,12029,0.21
42907,C-655,Lleida,Cuenta corriente,No,8287,0.21
42907,B-926,Lleida,Plan de jubilación,Si,13565,0.21
42908,B-902,Barcelona,Cuenta corriente,Si,4113,0.21
42908,C-828,Barcelona,Fondo de inversión,No,5306,0.21
42908,C-107,Barcelona,Fondo de inversión,No,9283,0.21
42908,A-307,Gavà,Cuenta corriente,Si,2307,0.21
42908,C-785,Gavà,Ahorros,Si,1712,0.21
42908,C-178,Gavà,Fondo de inversión,Si,4769,0.21
42908,C-686,Tarragona,Hipoteca,Si,10231,0.21
42908,A-559,Tarragona,Plan de jubilación,No,2718,0.21
42908,D-401,Girona,Fondo de inversión,No,664,0.21
42908,C-681,Girona,Cuenta corriente,No,13542,0.21
42908,A-721,Girona,Fondo de inversión,No,783,0.21
42908,D-270,Girona,Ahorros,Si,10387,0.21
42908,A-657,Lleida,Fondo de inversión,No,14175,0.21
42908,C-819,Lleida,Ahorros,Si,14861,0.21
42909,A-334,Gavà,Plan de jubilación,No,11537,0.21
42909,D-543,Gavà,Fondo de inversión,No,10867,0.21
42909,A-809,Gavà,Hipoteca,Si,6250,0.21
42909,C-533,Tarragona,Fondo de inversión,No,4683,0.21
42909,C-269,Tarragona,Plan de jubilación,No,6307,0.21
42909,A-880,Tarragona,Plan de jubilación,No,1159,0.21
42909,A-296,Tarragona,Hipoteca,No,1875,0.21
42909,C-124,Tarragona,Cuenta corriente,Si,12759,0.21
42909,C-177,Girona,Cuenta corriente,Si,908,0.21
42909,B-739,Girona,Hipoteca,No,13642,0.21
42909,B-367,Lleida,Cuenta corriente,Si,14784,0.21
42909,D-571,Lleida,Plan de jubilación,Si,6830,0.21
42909,A-521,Lleida,Hipoteca,Si,2969,0.21
42909,C-846,Lleida,Fondo de inversión,No,5806,0.21
42909,A-829,Lleida,Hipoteca,Si,12802,0.21
42909,A-890,Lleida,Hipoteca,Si,249,0.21
42910,A-350,Barcelona,Ahorros,Si,2451,0.21
42910,A-870,Barcelona,Fondo de inversión,Si,6720,0.21
42910,B-249,Barcelona,Ahorros,Si,10859,0.21
42910,C-269,Barcelona,Cuenta corriente,No,10067,0.21
42910,B-213,Gavà,Cuenta corriente,Si,838,0.21
42910,D-624,Gavà,Hipoteca,No,7278,0.21
42910,B-715,Gavà,Hipoteca,Si,2102,0.21
42910,D-837,Tarragona,Cuenta corriente,Si,3161,0.21
42910,A-188,Tarragona,Fondo de inversión,No,2102,0.21
42910,B-616,Tarragona,Plan de jubilación,No,4182,0.21
42910,A-645,Tarragona,Hipoteca,No,7940,0.21
42910,C-676,Girona,Plan de jubilación,Si,721,0.21
42910,D-430,Girona,Plan de jubilación,No,2407,0.21
42910,D-662,Girona,Hipoteca,No,9661,0.21
42910,C-569,Lleida,Fondo de inversión,No,10361,0.21
42910,D-738,Lleida,Hipoteca,Si,4367,0.21
42910,B-703,Lleida,Plan de jubilación,No,12501,0.21
42910,C-172,Lleida,Hipoteca,Si,4403,0.21
42910,D-492,Lleida,Cuenta corriente,No,6023,0.21
42911,D-828,Barcelona,Fondo de inversión,Si,14215,0.21
42911,C-513,Gavà,Fondo de inversión,Si,1596,0.21
42911,A-794,Gavà,Plan de jubilación,Si,11238,0.21
42911,C-625,Gavà,Plan de jubilación,Si,6871,0.21
42911,C-998,Tarragona,Plan de jubilación,Si,1516,0.21
42911,C-986,Tarragona,Hipoteca,No,3847,0.21
42911,D-655,Tarragona,Ahorros,Si,11710,0.21
42911,A-785,Tarragona,Ahorros,No,2834,0.21
42911,D-541,Girona,Cuenta corriente,No,8213,0.21
42911,C-803,Lleida,Hipoteca,No,2919,0.21
42911,D-308,Lleida,Cuenta corriente,No,10740,0.21
42912,B-863,Barcelona,Ahorros,Si,1668,0.21
42912,B-776,Barcelona,Cuenta corriente,Si,14247,0.21
42912,C-740,Barcelona,Plan de jubilación,Si,2948,0.21
42912,C-397,Gavà,Plan de jubilación,Si,3817,0.21
42912,C-657,Tarragona,Hipoteca,Si,14881,0.21
42912,B-785,Tarragona,Plan de jubilación,No,10325,0.21
42912,D-321,Girona,Plan de jubilación,No,14988,0.21
42912,B-320,Girona,Fondo de inversión,No,467,0.21
42912,B-120,Lleida,Cuenta corriente,No,11485,0.21
42912,C-384,Lleida,Hipoteca,No,5877,0.21
42912,D-742,Lleida,Fondo de inversión,Si,7178,0.21
42913,B-577,Barcelona,Hipoteca,Si,13750,0.21
42913,A-426,Barcelona,Ahorros,No,11018,0.21
42913,A-294,Gavà,Cuenta corriente,Si,11809,0.21
42913,A-458,Gavà,Fondo de inversión,No,1318,0.21
42913,A-798,Gavà,Ahorros,Si,2673,0.21
42913,C-337,Tarragona,Cuenta corriente,Si,1957,0.21
42913,C-912,Tarragona,Plan de jubilación,No,6693,0.21
42913,B-110,Tarragona,Cuenta corriente,Si,9804,0.21
42913,C-369,Tarragona,Ahorros,No,1350,0.21
42913,D-382,Tarragona,Cuenta corriente,No,14189,0.21
42913,D-540,Girona,Cuenta corriente,Si,13577,0.21
42913,C-235,Girona,Fondo de inversión,No,1589,0.21
42913,D-973,Girona,Plan de jubilación,No,3777,0.21
42913,B-215,Girona,Ahorros,Si,5021,0.21
42913,A-485,Girona,Plan de jubilación,No,10140,0.21
42913,A-565,Girona,Fondo de inversión,No,255,0.21
42913,D-666,Lleida,Plan de jubilación,Si,710,0.21
42913,C-582,Lleida,Plan de jubilación,No,2406,0.21
42913,C-734,Lleida,Hipoteca,No,13762,0.21
42914,A-153,Barcelona,Fondo de inversión,No,2720,0.21
42914,C-705,Barcelona,Ahorros,Si,10073,0.21
42914,D-314,Gavà,Ahorros,Si,4940,0.21
42914,B-875,Gavà,Plan de jubilación,No,5432,0.21
42914,B-946,Gavà,Fondo de inversión,No,5063,0.21
42914,A-528,Gavà,Cuenta corriente,No,4163,0.21
42914,C-449,Tarragona,Plan de jubilación,Si,9397,0.21
42914,B-733,Tarragona,Plan de jubilación,No,11751,0.21
42914,D-317,Girona,Hipoteca,No,162,0.21
42914,D-353,Girona,Fondo de inversión,No,11946,0.21
42914,A-266,Lleida,Plan de jubilación,No,11616,0.21
42914,B-724,Lleida,Hipoteca,No,9349,0.21
42914,A-847,Lleida,Ahorros,Si,12045,0.21
42914,A-291,Lleida,Hipoteca,Si,14717,0.21
42915,B-488,Gavà,Cuenta corriente,No,2075,0.21
42915,A-249,Tarragona,Cuenta corriente,No,14363,0.21
42915,C-715,Tarragona,Hipoteca,Si,13462,0.21
42915,C-339,Tarragona,Cuenta corriente,No,13507,0.21
42915,B-398,Girona,Fondo de inversión,No,7216,0.21
42915,B-143,Girona,Hipoteca,No,5556,0.21
42915,B-100,Girona,Hipoteca,No,7014,0.21
42916,C-325,Gavà,Fondo de inversión,Si,1719,0.21
42916,B-739,Gavà,Plan de jubilación,Si,2233,0.21
42916,A-966,Tarragona,Hipoteca,No,3959,0.21
42916,D-502,Tarragona,Hipoteca,No,1589,0.21
42916,D-714,Tarragona,Plan de jubilación,Si,8318,0.21
42916,C-903,Tarragona,Ahorros,No,4953,0.21
42916,B-131,Girona,Fondo de inversión,No,579,0.21
42916,C-426,Girona,Cuenta corriente,No,14718,0.21
42916,C-828,Lleida,Plan de jubilación,No,5804,0.21
42917,C-308,Barcelona,Plan de jubilación,No,5477,0.21
42917,B-517,Barcelona,Hipoteca,No,2241,0.21
42917,D-556,Gavà,Plan de jubilación,Si,4701,0.21
42917,D-393,Gavà,Plan de jubilación,No,12026,0.21
42917,A-241,Gavà,Ahorros,Si,3367,0.21
42917,B-144,Tarragona,Cuenta corriente,No,9190,0.21
42917,B-123,Tarragona,Hipoteca,Si,8013,0.21
42917,C-649,Tarragona,Plan de jubilación,Si,5930,0.21
42917,D-955,Girona,Hipoteca,No,13933,0.21
42917,D-705,Girona,Ahorros,Si,1905,0.21
42917,C-565,Girona,Plan de jubilación,Si,7218,0.21
42917,D-357,Girona,Cuenta corriente,Si,4619,0.21
42917,B-180,Girona,Ahorros,Si,13238,0.21
42917,B-566,Lleida,Ahorros,Si,2378,0.21
42917,C-932,Lleida,Plan de jubilación,Si,12743,0.21
42917,D-861,Lleida,Cuenta corriente,No,6110,0.21
42918,A-609,Barcelona,Ahorros,No,13029,0.21
42918,B-469,Barcelona,Plan de jubilación,No,1523,0.21
42918,B-799,Barcelona,Plan de jubilación,No,7517,0.21
42918,D-115,Barcelona,Cuenta corriente,Si,8334,0.21
42918,C-682,Gavà,Fondo de inversión,Si,11430,0.21
42918,B-613,Gavà,Ahorros,No,7106,0.21
42918,C-190,Tarragona,Ahorros,No,5438,0.21
42918,D-244,Tarragona,Cuenta corriente,No,3546,0.21
42918,D-372,Girona,Cuenta corriente,Si,13523,0.21
42918,D-950,Lleida,Cuenta corriente,Si,636,0.21
42919,C-362,Barcelona,Ahorros,No,2253,0.21
42919,D-219,Barcelona,Cuenta corriente,Si,1819,0.21
42919,C-179,Gavà,Hipoteca,No,7980,0.21
42919,A-392,Gavà,Plan de jubilación,Si,3840,0.21
42919,C-749,Tarragona,Fondo de inversión,No,8011,0.21
42919,A-474,Tarragona,Cuenta corriente,Si,14848,0.21
42919,B-931,Girona,Hipoteca,No,10321,0.21
42919,D-758,Girona,Ahorros,No,13579,0.21
42919,A-600,Girona,Ahorros,Si,14214,0.21
42919,B-687,Lleida,Hipoteca,Si,6588,0.21
42919,B-541,Lleida,Plan de jubilación,Si,11730,0.21
42920,B-256,Barcelona,Fondo de inversión,Si,5743,0.21
42920,A-859,Barcelona,Hipoteca,No,5567,0.21
42920,C-404,Gavà,Plan de jubilación,Si,14783,0.21
42920,C-563,Gavà,Cuenta corriente,No,13278,0.21
42920,C-733,Gavà,Ahorros,Si,10605,0.21
42920,B-608,Tarragona,Hipoteca,No,14803,0.21
42920,B-839,Tarragona,Ahorros,No,9325,0.21
42920,A-986,Tarragona,Ahorros,No,6961,0.21
42920,C-368,Lleida,Hipoteca,Si,12956,0.21
42920,D-651,Lleida,Ahorros,Si,1840,0.21
42920,B-117,Lleida,Ahorros,No,8176,0.21
42920,A-282,Lleida,Hipoteca,No,2511,0.21
42920,B-351,Lleida,Fondo de inversión,No,11311,0.21
42920,A-912,Lleida,Cuenta corriente,No,10661,0.21
42921,A-722,Barcelona,Ahorros,Si,7472,0.21
42921,C-810,Gavà,Hipoteca,No,1034,0.21
42921,C-204,Gavà,Plan de jubilación,Si,11954,0.21
42921,D-176,Gavà,Hipoteca,Si,6602,0.21
42921,A-838,Tarragona,Hipoteca,Si,11808,0.21
42921,A-837,Girona,Ahorros,No,764,0.21
42921,C-987,Girona,Plan de jubilación,No,1655,0.21
42921,C-506,Lleida,Hipoteca,No,7998,0.21
42921,B-651,Lleida,Hipoteca,No,3004,0.21
42922,C-734,Barcelona,Ahorros,No,10124,0.21
42922,D-963,Gavà,Hipoteca,No,13893,0.21
42922,D-489,Gavà,Hipoteca,No,10582,0.21
42922,B-887,Tarragona,Plan de jubilación,No,7221,0.21
42922,D-701,Girona,Fondo de inversión,No,8084,0.21
42922,C-261,Girona,Plan de jubilación,No,8558,0.21
42922,C-118,Lleida,Fondo de inversión,Si,2514,0.21
42923,D-341,Barcelona,Fondo de inversión,Si,4890,0.21
42923,B-933,Barcelona,Ahorros,No,2564,0.21
42923,A-821,Barcelona,Fondo de inversión,Si,14664,0.21
42923,D-540,Barcelona,Fondo de inversión,No,14834,0.21
42923,B-685,Gavà,Fondo de inversión,Si,8655,0.21
42923,D-890,Gavà,Plan de jubilación,Si,1639,0.21
42923,D-605,Gavà,Hipoteca,No,10148,0.21
42923,D-954,Gavà,Fondo de inversión,No,11622,0.21
42923,A-698,Gavà,Cuenta corriente,No,8864,0.21
42923,B-489,Gavà,Plan de jubilación,No,1066,0.21
42923,C-850,Tarragona,Ahorros,No,5009,0.21
42923,A-512,Tarragona,Plan de jubilación,Si,6726,0.21
42923,C-638,Tarragona,Fondo de inversión,No,10890,0.21
42923,B-902,Tarragona,Plan de jubilación,Si,8299,0.21
42923,A-342,Tarragona,Fondo de inversión,No,12759,0.21
42923,B-426,Girona,Ahorros,Si,8234,0.21
42923,A-757,Lleida,Hipoteca,Si,6329,0.21
42923,B-229,Lleida,Cuenta corriente,No,14024,0.21
42923,C-463,Lleida,Cuenta corriente,No,3415,0.21
42923,A-191,Lleida,Ahorros,No,10382,0.21
42923,D-282,Lleida,Hipoteca,Si,3537,0.21
42924,A-856,Barcelona,Fondo de inversión,No,2954,0.21
42924,A-548,Barcelona,Ahorros,Si,4433,0.21
42924,B-216,Barcelona,Hipoteca,Si,13015,0.21
42924,C-444,Barcelona,Hipoteca,No,13171,0.21
42924,A-281,Gavà,Ahorros,Si,513,0.21
42924,D-295,Gavà,Hipoteca,Si,11103,0.21
42924,C-421,Gavà,Ahorros,Si,13765,0.21
42924,A-213,Gavà,Plan de jubilación,Si,12344,0.21
42924,D-977,Gavà,Fondo de inversión,Si,1669,0.21
42924,B-844,Gavà,Plan de jubilación,Si,628,0.21
42924,C-915,Gavà,Plan de jubilación,Si,462,0.21
42924,A-989,Tarragona,Plan de jubilación,No,9634,0.21
42924,A-912,Tarragona,Plan de jubilación,No,8949,0.21
42924,A-862,Girona,Hipoteca,No,6703,0.21
42924,D-273,Girona,Fondo de inversión,Si,9483,0.21
42924,B-102,Girona,Plan de jubilación,Si,4692,0.21
42924,B-169,Girona,Ahorros,Si,13644,0.21
42924,B-130,Girona,Hipoteca,Si,1551,0.21
42924,B-872,Girona,Hipoteca,Si,8743,0.21
42924,A-351,Girona,Ahorros,Si,7521,0.21
42924,A-201,Girona,Ahorros,Si,4029,0.21
42924,B-107,Girona,Fondo de inversión,No,7727,0.21
42924,A-625,Girona,Ahorros,No,7423,0.21
42924,B-641,Girona,Fondo de inversión,Si,260,0.21
42924,C-466,Lleida,Ahorros,No,411,0.21
42924,B-370,Lleida,Plan de jubilación,No,11478,0.21
42924,B-775,Lleida,Plan de jubilación,Si,7640,0.21
42924,D-978,Lleida,Fondo de inversión,No,1478,0.21
42925,D-502,Barcelona,Ahorros,Si,9745,0.21
42925,D-343,Barcelona,Hipoteca,No,3780,0.21
42925,D-253,Barcelona,Fondo de inversión,No,3819,0.21
42925,A-744,Gavà,Plan de jubilación,Si,7593,0.21
42925,A-795,Gavà,Ahorros,No,5095,0.21
42925,B-638,Gavà,Fondo de inversión,No,861,0.21
42925,A-102,Gavà,Plan de jubilación,Si,271,0.21
42925,D-284,Gavà,Cuenta corriente,No,8870,0.21
42925,B-844,Tarragona,Ahorros,Si,13444,0.21
42925,A-509,Tarragona,Fondo de inversión,Si,10851,0.21
42925,D-928,Tarragona,Plan de jubilación,No,2443,0.21
42925,C-303,Tarragona,Hipoteca,Si,9528,0.21
42925,D-143,Tarragona,Cuenta corriente,No,3073,0.21
42925,A-536,Girona,Fondo de inversión,No,10654,0.21
42925,B-576,Lleida,Ahorros,No,13468,0.21
42926,B-370,Barcelona,Ahorros,No,207,0.21
42926,B-387,Barcelona,Ahorros,No,10714,0.21
42926,C-141,Barcelona,Cuenta corriente,No,2632,0.21
42926,A-430,Barcelona,Cuenta corriente,Si,7889,0.21
42926,C-752,Gavà,Cuenta corriente,Si,4326,0.21
42926,C-409,Gavà,Ahorros,Si,5322,0.21
42926,D-348,Tarragona,Cuenta corriente,No,3843,0.21
42926,B-188,Tarragona,Cuenta corriente,Si,2926,0.21
42926,D-156,Tarragona,Hipoteca,Si,12727,0.21
42926,B-113,Tarragona,Hipoteca,No,3437,0.21
42926,D-605,Girona,Hipoteca,No,12788,0.21
42926,B-316,Girona,Fondo de inversión,Si,7443,0.21
42926,A-443,Lleida,Plan de jubilación,Si,1975,0.21
42926,C-794,Lleida,Plan de jubilación,Si,11682,0.21
42926,D-348,Lleida,Hipoteca,No,7810,0.21
42926,D-498,Lleida,Hipoteca,Si,7082,0.21
42926,B-115,Lleida,Cuenta corriente,No,11627,0.21
42927,B-758,Barcelona,Plan de jubilación,No,9015,0.21
42927,C-710,Gavà,Hipoteca,No,14752,0.21
42927,B-260,Gavà,Hipoteca,No,5943,0.21
42927,D-665,Gavà,Ahorros,Si,12322,0.21
42927,C-463,Tarragona,Hipoteca,No,10901,0.21
42927,B-925,Tarragona,Hipoteca,Si,13786,0.21
42927,D-114,Girona,Fondo de inversión,Si,2261,0.21
42927,B-588,Lleida,Plan de jubilación,Si,7371,0.21
42927,D-318,Lleida,Ahorros,No,10990,0.21
42927,A-472,Lleida,Plan de jubilación,Si,11665,0.21
42928,D-148,Barcelona,Ahorros,No,9899,0.21
42928,D-739,Barcelona,Hipoteca,No,14033,0.21
42928,B-503,Barcelona,Ahorros,No,5315,0.21
42928,D-238,Barcelona,Cuenta corriente,Si,586,0.21
42928,C-998,Gavà,Ahorros,Si,3579,0.21
42928,C-516,Gavà,Fondo de inversión,No,9419,0.21
42928,D-266,Gavà,Fondo de inversión,No,5399,0.21
42928,B-922,Gavà,Ahorros,No,6778,0.21
42928,D-320,Gavà,Cuenta corriente,Si,4847,0.21
42928,D-659,Tarragona,Hipoteca,Si,6544,0.21
42928,C-633,Girona,Hipoteca,Si,6391,0.21
42928,C-543,Lleida,Ahorros,No,1673,0.21
42928,B-102,Lleida,Cuenta corriente,Si,6544,0.21
42929,A-552,Barcelona,Hipoteca,Si,7089,0.21
42929,B-113,Barcelona,Plan de jubilación,Si,11109,0.21
42929,C-305,Gavà,Plan de jubilación,Si,4917,0.21
42929,D-425,Gavà,Hipoteca,No,14761,0.21
42929,B-895,Gavà,Hipoteca,No,7673,0.21
42929,A-164,Tarragona,Fondo de inversión,No,8235,0.21
42929,A-919,Tarragona,Cuenta corriente,No,14271,0.21
42929,D-402,Tarragona,Fondo de inversión,No,5926,0.21
42929,A-543,Tarragona,Cuenta corriente,Si,11086,0.21
42929,C-745,Girona,Plan de jubilación,No,1454,0.21
42929,A-426,Lleida,Hipoteca,No,14220,0.21
42929,B-951,Lleida,Ahorros,Si,13093,0.21
42930,B-563,Barcelona,Ahorros,No,131,0.21
42930,A-610,Gavà,Ahorros,No,1057,0.21
42930,D-802,Gavà,Fondo de inversión,Si,4555,0.21
42930,D-535,Tarragona,Plan de jubilación,Si,4822,0.21
42930,C-577,Tarragona,Ahorros,No,14869,0.21
42930,D-746,Tarragona,Cuenta corriente,No,6216,0.21
42930,D-291,Tarragona,Fondo de inversión,Si,7769,0.21
42930,C-787,Tarragona,Plan de jubilación,No,13113,0.21
42930,B-373,Girona,Fondo de inversión,Si,13173,0.21
42930,A-636,Girona,Ahorros,Si,8039,0.21
42930,B-401,Girona,Plan de jubilación,No,4875,0.21
42930,D-695,Lleida,Hipoteca,No,940,0.21
42930,C-152,Lleida,Cuenta corriente,Si,1721,0.21
42931,B-858,Barcelona,Fondo de inversión,Si,2522,0.21
42931,D-822,Barcelona,Plan de jubilación,Si,13749,0.21
42931,C-305,Gavà,Ahorros,No,14336,0.21
42931,D-394,Gavà,Plan de jubilación,No,10751,0.21
42931,B-964,Tarragona,Fondo de inversión,No,7491,0.21
42931,C-195,Tarragona,Ahorros,Si,14775,0.21
42931,A-210,Tarragona,Hipoteca,No,5321,0.21
42931,D-819,Girona,Cuenta corriente,Si,5536,0.21
42931,D-954,Girona,Plan de jubilación,Si,9761,0.21
42931,A-201,Girona,Hipoteca,No,6192,0.21
42931,D-218,Girona,Plan de jubilación,No,6951,0.21
42931,C-536,Lleida,Ahorros,No,8469,0.21
42931,D-524,Lleida,Ahorros,Si,13487,0.21
42932,A-533,Barcelona,Fondo de inversión,No,10858,0.21
42932,B-635,Barcelona,Hipoteca,No,9030,0.21
42932,B-946,Gavà,Fondo de inversión,Si,5143,0.21
42932,D-272,Gavà,Cuenta corriente,Si,11630,0.21
42932,A-823,Gavà,Hipoteca,No,7630,0.21
42932,B-676,Tarragona,Plan de jubilación,No,8770,0.21
42932,B-648,Girona,Hipoteca,No,3862,0.21
42932,C-816,Girona,Cuenta corriente,Si,4067,0.21
42932,B-740,Girona,Hipoteca,No,10656,0.21
42932,B-892,Girona,Hipoteca,Si,1614,0.21
42932,C-634,Girona,Cuenta corriente,No,4449,0.21
42932,C-655,Lleida,Ahorros,No,4707,0.21
42932,A-610,Lleida,Cuenta corriente,No,6176,0.21
42932,D-230,Lleida,Fondo de inversión,Si,2960,0.21
42932,D-508,Lleida,Fondo de inversión,No,12460,0.21
42933,B-557,Barcelona,Fondo de inversión,No,12444,0.21
42933,C-196,Barcelona,Fondo de inversión,Si,609,0.21
42933,A-471,Gavà,Cuenta corriente,No,10389,0.21
42933,D-253,Gavà,Plan de jubilación,Si,5012,0.21
42933,A-308,Tarragona,Ahorros,Si,12398,0.21
42933,A-703,Tarragona,Hipoteca,Si,908,0.21
42933,C-872,Girona,Hipoteca,Si,1929,0.21
42933,C-818,Girona,Fondo de inversión,No,6585,0.21
42933,D-635,Lleida,Ahorros,No,9746,0.21
42933,A-599,Lleida,Plan de jubilación,No,3651,0.21
42933,D-571,Lleida,Hipoteca,Si,13446,0.21
42934,D-965,Barcelona,Cuenta corriente,Si,7438,0.21
42934,D-257,Barcelona,Ahorros,No,7444,0.21
42934,D-532,Barcelona,Fondo de inversión,Si,3878,0.21
42934,A-100,Barcelona,Cuenta corriente,No,6067,0.21
42934,D-351,Gavà,Cuenta corriente,Si,14549,0.21
42934,C-312,Gavà,Plan de jubilación,No,10851,0.21
42934,B-783,Gavà,Plan de jubilación,No,11344,0.21
42934,A-759,Tarragona,Fondo de inversión,Si,14403,0.21
42934,B-764,Tarragona,Plan de jubilación,Si,3198,0.21
42934,B-300,Tarragona,Plan de jubilación,No,6943,0.21
42934,A-170,Tarragona,Fondo de inversión,Si,6268,0.21
42934,B-567,Tarragona,Cuenta corriente,No,5362,0.21
42934,D-180,Girona,Cuenta corriente,No,3216,0.21
42934,D-327,Girona,Ahorros,No,196,0.21
42935,C-441,Barcelona,Hipoteca,No,3029,0.21
42935,B-497,Barcelona,Cuenta corriente,Si,193,0.21
42935,A-357,Barcelona,Ahorros,No,8364,0.21
42935,A-449,Gavà,Plan de jubilación,No,1458,0.21
42935,C-532,Gavà,Hipoteca,No,9434,0.21
42935,A-390,Gavà,Cuenta corriente,No,13907,0.21
42935,D-969,Tarragona,Plan de jubilación,Si,5240,0.21
42935,B-320,Tarragona,Hipoteca,No,6062,0.21
42935,C-779,Tarragona,Plan de jubilación,Si,5215,0.21
42935,B-175,Girona,Plan de jubilación,No,3778,0.21
42935,A-222,Girona,Cuenta corriente,No,9684,0.21
42935,A-924,Girona,Fondo de inversión,No,3658,0.21
42935,D-288,Girona,Fondo de inversión,No,6487,0.21
42935,C-364,Lleida,Plan de jubilación,No,13587,0.21
42935,C-182,Lleida,Fondo de inversión,Si,3392,0.21
42935,B-870,Lleida,Ahorros,Si,3333,0.21
42936,A-984,Barcelona,Fondo de inversión,No,9470,0.21
42936,D-379,Barcelona,Cuenta corriente,Si,6330,0.21
42936,D-740,Gavà,Cuenta corriente,Si,9487,0.21
42936,B-569,Gavà,Ahorros,No,4078,0.21
42936,A-936,Tarragona,Hipoteca,No,501,0.21
42936,B-114,Girona,Plan de jubilación,No,13218,0.21
42936,D-691,Lleida,Fondo de inversión,No,10009,0.21
42936,A-829,Lleida,Fondo de inversión,No,5778,0.21
42936,D-615,Lleida,Fondo de inversión,Si,8135,0.21
42937,B-738,Barcelona,Cuenta corriente,Si,2142,0.21
42937,A-242,Barcelona,Hipoteca,Si,5547,0.21
42937,B-395,Gavà,Plan de jubilación,Si,3916,0.21
42937,C-839,Gavà,Hipoteca,Si,14868,0.21
42937,D-671,Tarragona,Cuenta corriente,No,2741,0.21
42937,C-539,Tarragona,Hipoteca,Si,6753,0.21
42937,C-519,Girona,Fondo de inversión,No,11510,0.21
42938,A-462,Barcelona,Hipoteca,No,14988,0.21
42938,C-283,Barcelona,Ahorros,No,13687,0.21
42938,C-723,Barcelona,Ahorros,No,2470,0.21
42938,B-604,Barcelona,Hipoteca,Si,5625,0.21
42938,A-989,Barcelona,Cuenta corriente,No,9229,0.21
42938,D-267,Barcelona,Fondo de inversión,Si,8773,0.21
42938,C-431,Gavà,Hipoteca,Si,9187,0.21
42938,C-829,Gavà,Cuenta corriente,Si,6335,0.21
42938,D-705,Gavà,Cuenta corriente,No,5127,0.21
42938,C-182,Tarragona,Plan de jubilación,No,3564,0.21
42938,A-305,Tarragona,Plan de jubilación,Si,5581,0.21
42938,A-456,Tarragona,Cuenta corriente,Si,10287,0.21
42938,A-356,Tarragona,Cuenta corriente,Si,11965,0.21
42938,A-115,Girona,Cuenta corriente,Si,6798,0.21
42938,C-842,Girona,Plan de jubilación,No,260,0.21
42938,A-584,Girona,Cuenta corriente,Si,11845,0.21
42938,A-528,Girona,Ahorros,Si,924,0.21
42938,C-184,Girona,Fondo de inversión,No,8200,0.21
42938,B-447,Girona,Fondo de inversión,No,14587,0.21
42938,C-296,Lleida,Plan de jubilación,No,12266,0.21
42938,B-689,Lleida,Fondo de inversión,No,9266,0.21
42938,D-910,Lleida,Plan de jubilación,Si,4533,0.21
42939,A-253,Barcelona,Fondo de inversión,No,6592,0.21
42939,B-370,Barcelona,Fondo de inversión,Si,9525,0.21
42939,B-825,Barcelona,Hipoteca,Si,14843,0.21
42939,B-641,Barcelona,Fondo de inversión,Si,9922,0.21
42939,C-982,Gavà,Plan de jubilación,Si,6745,0.21
42939,D-924,Gavà,Ahorros,Si,2828,0.21
42939,B-559,Tarragona,Cuenta corriente,No,547,0.21
42939,D-837,Tarragona,Ahorros,Si,4557,0.21
42939,D-305,Tarragona,Hipoteca,Si,10459,0.21
42939,D-354,Girona,Hipoteca,Si,11714,0.21
42939,D-738,Girona,Fondo de inversión,Si,14968,0.21
42939,B-982,Lleida,Fondo de inversión,No,7944,0.21
42940,A-938,Barcelona,Hipoteca,Si,8324,0.21
42940,D-539,Barcelona,Cuenta corriente,No,11832,0.21
42940,B-889,Barcelona,Cuenta corriente,Si,1024,0.21
42940,A-340,Barcelona,Fondo de inversión,No,5804,0.21
42940,C-892,Gavà,Plan de jubilación,Si,7110,0.21
42940,D-278,Gavà,Cuenta corriente,Si,8621,0.21
42940,D-302,Gavà,Plan de jubilación,No,570,0.21
42940,C-301,Gavà,Cuenta corriente,No,10705,0.21
42940,A-473,Gavà,Plan de jubilación,No,5639,0.21
42940,A-996,Gavà,Plan de jubilación,Si,5922,0.21
42940,D-264,Tarragona,Fondo de inversión,No,13957,0.21
42940,A-308,Girona,Cuenta corriente,Si,13292,0.21
42940,D-592,Lleida,Plan de jubilación,Si,963,0.21
42940,A-252,Lleida,Ahorros,Si,10053,0.21
42941,C-461,Barcelona,Ahorros,No,6829,0.21
42941,A-972,Barcelona,Hipoteca,Si,12650,0.21
42941,C-250,Barcelona,Plan de jubilación,No,4936,0.21
42941,C-101,Gavà,Plan de jubilación,Si,2095,0.21
42941,B-979,Gavà,Ahorros,Si,2967,0.21
42941,D-899,Gavà,Ahorros,Si,4827,0.21
42941,D-450,Gavà,Plan de jubilación,No,13293,0.21
42941,A-194,Tarragona,Cuenta corriente,Si,4923,0.21
42941,A-256,Girona,Hipoteca,Si,1843,0.21
42941,B-669,Girona,Ahorros,Si,9189,0.21
42941,D-541,Girona,Cuenta corriente,Si,2068,0.21
42941,A-355,Girona,Plan de jubilación,Si,5648,0.21
42941,B-608,Girona,Hipoteca,No,10655,0.21
42941,A-990,Girona,Hipoteca,No,2179,0.21
42941,D-499,Lleida,Hipoteca,No,6685,0.21
42941,A-932,Lleida,Cuenta corriente,Si,11241,0.21
42942,C-894,Barcelona,Plan de jubilación,No,3191,0.21
42942,C-577,Barcelona,Plan de jubilación,No,1461,0.21
42942,D-768,Barcelona,Fondo de inversión,No,9494,0.21
42942,D-582,Gavà,Hipoteca,No,6364,0.21
42942,A-902,Gavà,Ahorros,No,6265,0.21
42942,B-830,Gavà,Fondo de inversión,No,1876,0.21
42942,C-169,Tarragona,Fondo de inversión,No,5309,0.21
42942,C-708,Tarragona,Cuenta corriente,Si,14223,0.21
42942,C-937,Girona,Plan de jubilación,No,2875,0.21
42942,B-827,Girona,Cuenta corriente,No,10190,0.21
42942,C-656,Lleida,Hipoteca,Si,1814,0.21
42943,C-396,Barcelona,Ahorros,No,1745,0.21
42943,C-533,Barcelona,Hipoteca,No,1494,0.21
42943,A-387,Barcelona,Ahorros,Si,14352,0.21
42943,C-980,Barcelona,Ahorros,Si,14865,0.21
42943,B-225,Barcelona,Cuenta corriente,No,10777,0.21
42943,B-585,Barcelona,Plan de jubilación,Si,4345,0.21
42943,C-698,Barcelona,Fondo de inversión,No,8412,0.21
42943,C-966,Gavà,Cuenta corriente,Si,13703,0.21
42943,D-275,Gavà,Plan de jubilación,Si,11187,0.21
42943,C-320,Gavà,Fondo de inversión,No,1796,0.21
42943,B-237,Tarragona,Ahorros,No,3328,0.21
42943,A-475,Tarragona,Cuenta corriente,Si,803,0.21
42943,D-293,Tarragona,Fondo de inversión,No,7204,0.21
42943,A-290,Tarragona,Cuenta corriente,No,2929,0.21
42943,B-452,Tarragona,Plan de jubilación,No,5713,0.21
42943,A-998,Girona,Ahorros,No,7636,0.21
42943,D-380,Girona,Ahorros,Si,13593,0.21
42943,D-184,Lleida,Plan de jubilación,Si,4497,0.21
42943,D-573,Lleida,Hipoteca,No,13066,0.21
42943,B-897,Lleida,Ahorros,Si,5851,0.21
42944,A-977,Barcelona,Hipoteca,No,9540,0.21
42944,B-872,Gavà,Hipoteca,Si,7561,0.21
42944,B-673,Gavà,Ahorros,No,9555,0.21
42944,D-668,Gavà,Plan de jubilación,No,2522,0.21
42944,A-642,Tarragona,Cuenta corriente,No,5045,0.21
42944,C-574,Tarragona,Cuenta corriente,Si,5016,0.21
42944,D-937,Tarragona,Ahorros,No,10876,0.21
42944,D-101,Girona,Plan de jubilación,Si,2497,0.21
42944,D-548,Girona,Fondo de inversión,Si,7471,0.21
42944,B-201,Girona,Plan de jubilación,Si,403,0.21
42944,C-401,Lleida,Fondo de inversión,No,4119,0.21
42944,A-612,Lleida,Ahorros,Si,10313,0.21
42944,D-575,Lleida,Hipoteca,No,14305,0.21
42944,A-534,Lleida,Cuenta corriente,Si,9880,0.21
42944,B-224,Lleida,Fondo de inversión,Si,6365,0.21
42945,B-207,Barcelona,Hipoteca,No,14604,0.21
42945,A-635,Gavà,Ahorros,Si,1490,0.21
42945,B-647,Gavà,Ahorros,Si,500,0.21
42945,B-366,Gavà,Cuenta corriente,No,14049,0.21
42945,B-756,Tarragona,Hipoteca,Si,2667,0.21
42945,D-495,Girona,Ahorros,Si,2967,0.21
42945,B-504,Lleida,Ahorros,Si,11584,0.21
42945,B-944,Lleida,Ahorros,No,13620,0.21
42945,B-787,Lleida,Plan de jubilación,Si,6616,0.21
42945,D-315,Lleida,Hipoteca,Si,4734,0.21
42945,A-990,Lleida,Ahorros,No,11640,0.21
42945,D-545,Lleida,Ahorros,Si,12557,0.21
42946,B-324,Barcelona,Cuenta corriente,Si,3753,0.21
42946,D-119,Barcelona,Hipoteca,Si,11907,0.21
42946,B-256,Gavà,Hipoteca,Si,10991,0.21
42946,C-742,Gavà,Hipoteca,No,384,0.21
42946,D-986,Gavà,Hipoteca,Si,7190,0.21
42946,A-350,Tarragona,Plan de jubilación,No,6422,0.21
42946,A-625,Tarragona,Cuenta corriente,Si,4147,0.21
42946,B-305,Tarragona,Ahorros,No,14544,0.21
42946,A-620,Tarragona,Fondo de inversión,Si,10882,0.21
42946,C-709,Tarragona,Fondo de inversión,No,10977,0.21
42946,A-329,Tarragona,Hipoteca,Si,8204,0.21
42946,A-385,Tarragona,Plan de jubilación,Si,13437,0.21
42946,C-883,Tarragona,Ahorros,Si,14029,0.21
42946,B-658,Girona,Hipoteca,Si,3844,0.21
42946,B-597,Lleida,Fondo de inversión,Si,11062,0.21
42946,A-672,Lleida,Cuenta corriente,No,12191,0.21
42947,C-729,Barcelona,Ahorros,No,4359,0.21
42947,B-633,Barcelona,Cuenta corriente,No,4583,0.21
42947,A-228,Barcelona,Fondo de inversión,No,14942,0.21
42947,D-386,Gavà,Cuenta corriente,No,10437,0.21
42947,A-351,Tarragona,Ahorros,Si,14450,0.21
42947,D-286,Tarragona,Fondo de inversión,Si,4382,0.21
42947,B-689,Girona,Cuenta corriente,Si,6320,0.21
42947,D-952,Girona,Fondo de inversión,Si,9578,0.21
42947,C-863,Lleida,Fondo de inversión,Si,13558,0.21
42947,A-282,Lleida,Ahorros,No,2669,0.21
42947,A-299,Lleida,Fondo de inversión,No,1416,0.21
42947,C-378,Lleida,Cuenta corriente,No,4466,0.21
42947,B-145,Lleida,Plan de jubilación,No,11319,0.21
42947,C-214,Lleida,Fondo de inversión,No,693,0.21
42947,C-349,Lleida,Ahorros,No,842,0.21
42948,A-985,Gavà,Hipoteca,No,8589,0.21
42948,A-857,Gavà,Fondo de inversión,Si,1907,0.21
42948,A-241,Gavà,Fondo de inversión,Si,1657,0.21
42948,B-570,Tarragona,Plan de jubilación,No,1347,0.21
42948,A-829,Tarragona,Cuenta corriente,Si,1243,0.21
42948,B-253,Tarragona,Ahorros,No,1834,0.21
42948,D-312,Girona,Ahorros,No,10960,0.21
42948,D-648,Girona,Plan de jubilación,No,2553,0.21
42948,B-897,Girona,Fondo de inversión,Si,13168,0.21
42948,C-595,Girona,Ahorros,Si,14386,0.21
42948,D-275,Girona,Cuenta corriente,Si,7275,0.21
42948,C-977,Girona,Ahorros,No,235,0.21
42948,A-732,Lleida,Cuenta corriente,No,268,0.21
42949,D-575,Barcelona,Plan de jubilación,No,10405,0.21
42949,B-739,Barcelona,Cuenta corriente,Si,7650,0.21
42949,D-869,Barcelona,Fondo de inversión,Si,700,0.21
42949,B-359,Barcelona,Plan de jubilación,Si,10060,0.21
42949,A-120,Gavà,Hipoteca,Si,5383,0.21
42949,B-280,Gavà,Fondo de inversión,Si,14180,0.21
42949,A-894,Tarragona,Fondo de inversión,No,7958,0.21
42949,B-651,Tarragona,Fondo de inversión,Si,1259,0.21
42949,A-662,Tarragona,Ahorros,Si,3862,0.21
42949,D-418,Tarragona,Plan de jubilación,No,3725,0.21
42949,A-997,Lleida,Hipoteca,Si,8464,0.21
42949,A-937,Lleida,Plan de jubilación,No,11086,0.21
42950,D-237,Barcelona,Plan de jubilación,No,4640,0.21
42950,B-794,Barcelona,Fondo de inversión,No,10875,0.21
42950,D-777,Barcelona,Plan de jubilación,No,3379,0.21
42950,A-862,Barcelona,Hipoteca,No,10811,0.21
42950,B-330,Barcelona,Plan de jubilación,No,11691,0.21
42950,C-461,Gavà,Ahorros,No,1238,0.21
42950,B-122,Gavà,Cuenta corriente,No,8362,0.21
42950,A-288,Tarragona,Hipoteca,No,7155,0.21
42950,C-261,Tarragona,Ahorros,No,4309,0.21
42950,C-693,Tarragona,Fondo de inversión,Si,14163,0.21
42950,D-912,Girona,Fondo de inversión,No,9247,0.21
42950,D-794,Girona,Fondo de inversión,Si,1097,0.21
42950,A-560,Girona,Plan de jubilación,Si,8319,0.21
42950,A-797,Girona,Fondo de inversión,Si,428,0.21
42950,B-583,Lleida,Fondo de inversión,No,8510,0.21
42950,C-885,Lleida,Cuenta corriente,Si,576,0.21
42951,C-213,Barcelona,Cuenta corriente,No,11593,0.21
42951,C-617,Barcelona,Cuenta corriente,Si,249,0.21
42951,B-592,Gavà,Plan de jubilación,Si,3815,0.21
42951,B-111,Gavà,Cuenta corriente,Si,9100,0.21
42951,B-929,Tarragona,Plan de jubilación,Si,10686,0.21
42951,C-821,Tarragona,Fondo de inversión,Si,11314,0.21
42951,A-319,Tarragona,Ahorros,Si,9555,0.21
42951,A-328,Girona,Plan de jubilación,Si,4201,0.21
42951,C-830,Lleida,Plan de jubilación,No,9527,0.21
42951,D-936,Lleida,Cuenta corriente,No,14153,0.21
42951,C-226,Lleida,Plan de jubilación,Si,7744,0.21
42952,D-126,Barcelona,Cuenta corriente,No,2264,0.21
42952,A-188,Gavà,Fondo de inversión,No,14176,0.21
42952,C-906,Tarragona,Ahorros,No,12391,0.21
42952,C-593,Tarragona,Fondo de inversión,Si,1558,0.21
42952,B-983,Tarragona,Fondo de inversión,Si,7389,0.21
42952,C-288,Lleida,Fondo de inversión,Si,13751,0.21
42952,C-570,Lleida,Hipoteca,Si,7445,0.21
42953,C-895,Barcelona,Cuenta corriente,Si,2443,0.21
42953,C-448,Barcelona,Cuenta corriente,No,1719,0.21
42953,D-343,Gavà,Fondo de inversión,Si,7953,0.21
42953,D-766,Gavà,Fondo de inversión,Si,929,0.21
42953,C-722,Gavà,Ahorros,Si,1407,0.21
42953,C-381,Gavà,Hipoteca,Si,684,0.21
42953,D-991,Tarragona,Plan de jubilación,No,13412,0.21
42953,D-572,Tarragona,Cuenta corriente,Si,11909,0.21
42953,C-508,Tarragona,Ahorros,No,3996,0.21
42953,D-450,Girona,Fondo de inversión,No,12948,0.21
42953,B-698,Girona,Hipoteca,Si,12035,0.21
42953,B-325,Girona,Fondo de inversión,Si,6462,0.21
42953,A-627,Lleida,Hipoteca,No,12549,0.21
42953,D-803,Lleida,Hipoteca,No,548,0.21
42953,C-609,Lleida,Fondo de inversión,Si,4663,0.21
42954,B-166,Barcelona,Ahorros,No,13363,0.21
42954,A-525,Barcelona,Cuenta corriente,Si,9110,0.21
42954,C-357,Barcelona,Ahorros,No,1397,0.21
42954,A-673,Barcelona,Cuenta corriente,No,5876,0.21
42954,B-203,Gavà,Fondo de inversión,Si,4831,0.21
42954,B-975,Gavà,Hipoteca,Si,10474,0.21
42954,B-907,Gavà,Cuenta corriente,No,5374,0.21
42954,C-245,Gavà,Plan de jubilación,No,6370,0.21
42954,A-301,Tarragona,Cuenta corriente,No,14733,0.21
42954,A-674,Girona,Cuenta corriente,No,9211,0.21
42954,D-970,Girona,Plan de jubilación,No,10544,0.21
42954,A-127,Lleida,Cuenta corriente,No,4926,0.21
42954,B-953,Lleida,Hipoteca,No,7882,0.21
42954,A-357,Lleida,Cuenta corriente,No,7687,0.21
42955,D-470,Barcelona,Hipoteca,Si,3902,0.21
42955,C-748,Barcelona,Ahorros,No,1645,0.21
42955,C-608,Gavà,Hipoteca,Si,4095,0.21
42955,D-696,Gavà,Hipoteca,Si,11663,0.21
42955,B-718,Gavà,Hipoteca,Si,5350,0.21
42955,B-541,Tarragona,Hipoteca,Si,12011,0.21
42955,B-554,Tarragona,Plan de jubilación,No,4034,0.21
42955,C-697,Tarragona,Hipoteca,Si,11053,0.21
42955,C-361,Girona,Ahorros,Si,10525,0.21
42955,B-728,Girona,Cuenta corriente,No,928,0.21
42955,C-159,Girona,Plan de jubilación,Si,7152,0.21
42955,C-619,Girona,Cuenta corriente,Si,2773,0.21
42955,A-773,Lleida,Ahorros,No,3401,0.21
42955,A-395,Lleida,Plan de jubilación,Si,7965,0.21
42956,C-185,Barcelona,Fondo de inversión,Si,345,0.21
42956,A-557,Barcelona,Ahorros,Si,397,0.21
42956,C-544,Barcelona,Fondo de inversión,No,3569,0.21
42956,D-745,Gavà,Ahorros,Si,5869,0.21
42956,D-289,Gavà,Fondo de inversión,No,11135,0.21
42956,C-178,Tarragona,Fondo de inversión,No,8091,0.21
42956,C-965,Girona,Fondo de inversión,Si,1223,0.21
42956,D-803,Girona,Cuenta corriente,No,4228,0.21
42956,D-550,Girona,Ahorros,No,675,0.21
42956,C-906,Lleida,Plan de jubilación,Si,13496,0.21
42956,D-725,Lleida,Cuenta corriente,Si,12797,0.21
42956,C-296,Lleida,Hipoteca,No,5910,0.21
42956,A-269,Lleida,Fondo de inversión,No,1990,0.21
42957,C-422,Barcelona,Fondo de inversión,No,1814,0.21
42957,D-497,Barcelona,Ahorros,No,12440,0.21
42957,B-539,Gavà,Hipoteca,No,4224,0.21
42957,A-799,Gavà,Ahorros,No,9153,0.21
42957,D-421,Gavà,Hipoteca,Si,2936,0.21
42957,B-948,Tarragona,Hipoteca,Si,9047,0.21
42957,D-810,Tarragona,Ahorros,Si,243,0.21
42957,C-519,Tarragona,Cuenta corriente,No,3107,0.21
42957,A-950,Girona,Plan de jubilación,Si,7376,0.21
42957,A-744,Girona,Ahorros,No,7238,0.21
42957,C-742,Girona,Hipoteca,No,2953,0.21
42957,B-177,Girona,Hipoteca,No,12890,0.21
42957,D-848,Lleida,Plan de jubilación,No,6300,0.21
42957,A-938,Lleida,Hipoteca,Si,13741,0.21
42957,B-670,Lleida,Hipoteca,Si,13931,0.21
42957,B-382,Lleida,Hipoteca,Si,12759,0.21
42957,C-188,Lleida,Plan de jubilación,Si,7851,0.21
42957,D-372,Lleida,Hipoteca,No,8138,0.21
42958,A-448,Barcelona,Fondo de inversión,Si,12463,0.21
42958,C-815,Gavà,Hipoteca,Si,14319,0.21
42958,C-822,Tarragona,Ahorros,No,13567,0.21
42958,B-984,Tarragona,Plan de jubilación,No,2972,0.21
42958,D-794,Tarragona,Fondo de inversión,No,5292,0.21
42958,C-112,Tarragona,Ahorros,No,14110,0.21
42958,B-494,Tarragona,Ahorros,No,8987,0.21
42958,C-698,Girona,Cuenta corriente,No,4455,0.21
42958,D-467,Girona,Cuenta corriente,No,7861,0.21
42958,B-562,Girona,Plan de jubilación,Si,4496,0.21
42958,C-351,Lleida,Ahorros,No,2837,0.21
42958,B-218,Lleida,Hipoteca,Si,2913,0.21
42959,A-145,Tarragona,Plan de jubilación,No,4324,0.21
42959,C-239,Tarragona,Plan de jubilación,Si,6203,0.21
42959,C-190,Girona,Cuenta corriente,No,2604,0.21
42959,D-258,Girona,Plan de jubilación,No,10063,0.21
42959,D-736,Lleida,Plan de jubilación,No,5202,0.21
42959,D-357,Lleida,Cuenta corriente,Si,14220,0.21
42960,A-950,Barcelona,Hipoteca,Si,8248,0.21
42960,A-925,Barcelona,Plan de jubilación,Si,6929,0.21
42960,D-881,Barcelona,Cuenta corriente,No,7749,0.21
42960,A-657,Barcelona,Cuenta corriente,Si,3697,0.21
42960,C-630,Gavà,Hipoteca,Si,6136,0.21
42960,D-291,Gavà,Hipoteca,Si,10502,0.21
42960,C-733,Gavà,Plan de jubilación,Si,11580,0.21
42960,B-918,Tarragona,Ahorros,No,14470,0.21
42960,A-983,Girona,Ahorros,Si,1279,0.21
42960,B-919,Girona,Fondo de inversión,Si,1204,0.21
42960,C-835,Girona,Ahorros,No,14023,0.21
42960,D-370,Girona,Plan de jubilación,No,3192,0.21
42960,C-318,Lleida,Fondo de inversión,No,10281,0.21
42960,B-664,Lleida,Hipoteca,Si,10476,0.21
42961,A-305,Barcelona,Cuenta corriente,Si,3542,0.21
42961,B-406,Barcelona,Plan de jubilación,Si,8736,0.21
42961,C-948,Barcelona,Plan de jubilación,No,6969,0.21
42961,D-282,Barcelona,Ahorros,Si,9476,0.21
42961,B-291,Barcelona,Hipoteca,Si,1229,0.21
42961,A-902,Gavà,Fondo de inversión,No,4668,0.21
42961,B-808,Gavà,Cuenta corriente,No,14226,0.21
42961,C-617,Gavà,Ahorros,No,12061,0.21
42961,A-301,Tarragona,Cuenta corriente,No,14679,0.21
42961,D-961,Tarragona,Cuenta corriente,Si,5372,0.21
42961,C-346,Girona,Ahorros,Si,12218,0.21
42961,C-555,Lleida,Hipoteca,Si,1709,0.21
42962,D-307,Barcelona,Cuenta corriente,Si,6343,0.21
42962,B-752,Barcelona,Ahorros,No,13456,0.21
42962,C-537,Barcelona,Cuenta corriente,No,7734,0.21
42962,A-931,Tarragona,Fondo de inversión,No,2134,0.21
42962,B-419,Tarragona,Plan de jubilación,Si,7475,0.21
42962,C-345,Tarragona,Cuenta corriente,Si,12175,0.21
42962,C-186,Tarragona,Cuenta corriente,Si,12154,0.21
42962,D-401,Tarragona,Hipoteca,No,1765,0.21
42962,D-744,Tarragona,Ahorros,Si,1234,0.21
42962,A-255,Tarragona,Hipoteca,Si,12264,0.21
42962,B-653,Girona,Plan de jubilación,Si,9843,0.21
42962,C-834,Girona,Cuenta corriente,No,10146,0.21
42962,C-267,Girona,Cuenta corriente,Si,842,0.21
42962,C-317,Lleida,Fondo de inversión,Si,12163,0.21
42962,B-390,Lleida,Hipoteca,Si,10135,0.21
42962,A-143,Lleida,Ahorros,Si,2522,0.21
42962,A-161,Lleida,Hipoteca,Si,5717,0.21
42962,B-113,Lleida,Fondo de inversión,No,5086,0.21
42963,B-343,Barcelona,Plan de jubilación,Si,578,0.21
42963,D-982,Gavà,Plan de jubilación,Si,5435,0.21
42963,D-575,Gavà,Plan de jubilación,No,12349,0.21
42963,C-332,Gavà,Fondo de inversión,No,4662,0.21
42963,B-467,Tarragona,Cuenta corriente,Si,7470,0.21
42963,D-791,Tarragona,Ahorros,No,383,0.21
42963,D-454,Tarragona,Plan de jubilación,Si,5001,0.21
42963,D-344,Girona,Hipoteca,Si,7638,0.21
42963,B-613,Girona,Fondo de inversión,No,5183,0.21
42963,C-230,Lleida,Hipoteca,No,1306,0.21
42964,C-594,Gavà,Hipoteca,Si,10614,0.21
42964,A-763,Gavà,Plan de jubilación,Si,1381,0.21
42964,C-827,Tarragona,Ahorros,No,698,0.21
42964,A-893,Tarragona,Cuenta corriente,No,10313,0.21
42964,C-437,Tarragona,Hipoteca,No,10590,0.21
42964,B-884,Tarragona,Hipoteca,No,8875,0.21
42964,A-910,Girona,Fondo de inversión,Si,2168,0.21
42964,C-625,Girona,Fondo de inversión,No,2183,0.21
42964,D-151,Girona,Cuenta corriente,No,4547,0.21
42964,A-657,Lleida,Ahorros,Si,13334,0.21
42964,B-442,Lleida,Fondo de inversión,No,13186,0.21
42965,D-666,Barcelona,Hipoteca,No,5454,0.21
42965,A-235,Barcelona,Fondo de inversión,No,13802,0.21
42965,B-633,Barcelona,Fondo de inversión,Si,605,0.21
42965,B-510,Gavà,Plan de jubilación,Si,13049,0.21
42965,D-950,Gavà,Fondo de inversión,No,11342,0.21
42965,C-110,Gavà,Ahorros,Si,12616,0.21
42965,D-881,Tarragona,Cuenta corriente,No,8124,0.21
42965,B-799,Tarragona,Cuenta corriente,No,14938,0.21
42965,A-376,Girona,Cuenta corriente,No,12081,0.21
42965,D-969,Girona,Cuenta corriente,No,14262,0.21
42965,D-569,Girona,Cuenta corriente,Si,12566,0.21
42965,B-818,Girona,Fondo de inversión,Si,6454,0.21
42965,C-690,Girona,Cuenta corriente,No,1586,0.21
42965,D-143,Girona,Fondo de inversión,No,5259,0.21
42965,C-229,Girona,Ahorros,Si,7097,0.21
42965,B-931,Lleida,Hipoteca,No,4502,0.21
42965,D-519,Lleida,Fondo de inversión,Si,12228,0.21
42966,B-778,Barcelona,Plan de jubilación,No,10787,0.21
42966,C-567,Barcelona,Plan de jubilación,Si,11566,0.21
42966,B-762,Barcelona,Cuenta corriente,Si,7045,0.21
42966,B-954,Gavà,Ahorros,No,7142,0.21
42966,C-641,Gavà,Hipoteca,No,6360,0.21
42966,C-971,Gavà,Fondo de inversión,Si,8742,0.21
42966,C-927,Gavà,Hipoteca,No,13493,0.21
42966,D-976,Gavà,Plan de jubilación,Si,6167,0.21
42966,A-333,Gavà,Ahorros,No,7111,0.21
42966,C-265,Tarragona,Plan de jubilación,No,9790,0.21
42966,C-204,Tarragona,Cuenta corriente,No,10919,0.21
42966,A-876,Tarragona,Ahorros,No,14938,0.21
42966,D-284,Girona,Hipoteca,No,4395,0.21
42966,A-652,Girona,Plan de jubilación,No,14369,0.21
42966,B-991,Girona,Fondo de inversión,Si,5957,0.21
42966,C-614,Girona,Hipoteca,Si,5575,0.21
42966,C-158,Girona,Hipoteca,Si,2185,0.21
42966,D-471,Girona,Cuenta corriente,No,11365,0.21
42966,C-421,Lleida,Ahorros,No,2106,0.21
42966,D-430,Lleida,Ahorros,No,2506,0.21
42966,B-616,Lleida,Ahorros,No,8881,0.21
42966,D-279,Lleida,Hipoteca,Si,9195,0.21
42967,A-260,Barcelona,Ahorros,No,10182,0.21
42967,C-132,Barcelona,Plan de jubilación,Si,3335,0.21
42967,C-765,Gavà,Fondo de inversión,Si,13700,0.21
42967,B-625,Tarragona,Fondo de inversión,Si,13559,0.21
42967,C-785,Tarragona,Hipoteca,Si,12959,0.21
42967,B-913,Girona,Fondo de inversión,No,5914,0.21
42967,A-673,Girona,Fondo de inversión,Si,13357,0.21
42967,D-996,Girona,Hipoteca,No,11465,0.21
42967,B-776,Girona,Fondo de inversión,No,10547,0.21
42967,B-617,Lleida,Ahorros,Si,3009,0.21
42968,D-330,Barcelona,Ahorros,Si,13827,0.21
42968,B-312,Barcelona,Plan de jubilación,Si,12284,0.21
42968,A-534,Barcelona,Ahorros,Si,14445,0.21
42968,D-316,Barcelona,Plan de jubilación,Si,9229,0.21
42968,D-541,Tarragona,Hipoteca,Si,9392,0.21
42968,D-884,Girona,Cuenta corriente,Si,5234,0.21
42968,A-361,Girona,Hipoteca,Si,9351,0.21
42968,A-143,Girona,Cuenta corriente,No,5566,0.21
42968,B-551,Girona,Ahorros,No,352,0.21
42968,A-155,Lleida,Ahorros,Si,5047,0.21
42969,A-971,Barcelona,Ahorros,No,4690,0.21
42969,A-877,Barcelona,Hipoteca,No,11584,0.21
42969,C-809,Barcelona,Ahorros,Si,14453,0.21
42969,D-723,Barcelona,Cuenta corriente,No,6908,0.21
42969,C-726,Gavà,Fondo de inversión,Si,4261,0.21
42969,D-541,Gavà,Fondo de inversión,Si,6436,0.21
42969,A-976,Gavà,Ahorros,Si,13049,0.21
42969,B-796,Gavà,Cuenta corriente,No,7769,0.21
42969,A-247,Tarragona,Cuenta corriente,Si,14531,0.21
42969,C-664,Tarragona,Ahorros,No,13233,0.21
42969,C-444,Girona,Cuenta corriente,Si,2251,0.21
42969,B-668,Girona,Cuenta corriente,Si,9374,0.21
42969,A-950,Lleida,Hipoteca,No,7045,0.21
42969,B-462,Lleida,Cuenta corriente,Si,13543,0.21
42970,D-989,Gavà,Cuenta corriente,No,3520,0.21
42970,A-221,Gavà,Plan de jubilación,No,5899,0.21
42970,C-787,Tarragona,Ahorros,Si,664,0.21
42970,A-925,Tarragona,Hipoteca,No,5665,0.21
42970,D-617,Girona,Fondo de inversión,Si,12055,0.21
42970,A-356,Girona,Cuenta corriente,Si,4450,0.21
42970,B-148,Lleida,Plan de jubilación,No,1570,0.21
42970,A-705,Lleida,Fondo de inversión,Si,7610,0.21
42970,B-783,Lleida,Ahorros,No,5743,0.21
42971,D-916,Barcelona,Hipoteca,No,2414,0.21
42971,C-513,Barcelona,Plan de jubilación,No,14902,0.21
42971,B-316,Barcelona,Plan de jubilación,No,11763,0.21
42971,B-592,Barcelona,Hipoteca,No,10443,0.21
42971,D-855,Gavà,Cuenta corriente,No,5908,0.21
42971,D-617,Tarragona,Hipoteca,Si,14899,0.21
42971,B-339,Tarragona,Fondo de inversión,No,5282,0.21
42971,B-703,Tarragona,Plan de jubilación,Si,10608,0.21
42971,D-696,Girona,Hipoteca,No,12137,0.21
42971,D-844,Girona,Ahorros,No,3781,0.21
42971,A-715,Girona,Plan de jubilación,Si,5674,0.21
42971,A-490,Lleida,Hipoteca,No,11021,0.21
42971,C-652,Lleida,Ahorros,No,10945,0.21
42972,A-439,Barcelona,Cuenta corriente,No,4642,0.21
42972,C-554,Barcelona,Fondo de inversión,No,5390,0.21
42972,C-249,Barcelona,Hipoteca,Si,6995,0.21
42972,D-452,Barcelona,Fondo de inversión,Si,7994,0.21
42972,D-200,Barcelona,Hipoteca,Si,2372,0.21
42972,B-361,Barcelona,Ahorros,Si,2025,0.21
42972,A-448,Gavà,Hipoteca,Si,10619,0.21
42972,A-607,Gavà,Plan de jubilación,No,6112,0.21
42972,D-729,Gavà,Hipoteca,Si,8173,0.21
42972,C-438,Gavà,Cuenta corriente,No,9008,0.21
42972,B-881,Tarragona,Fondo de inversión,No,10258,0.21
42972,A-175,Tarragona,Fondo de inversión,No,10753,0.21
42972,C-118,Girona,Plan de jubilación,No,10616,0.21
42972,D-610,Girona,Ahorros,No,7000,0.21
42972,D-410,Girona,Ahorros,No,7533,0.21
42972,D-316,Girona,Cuenta corriente,Si,5662,0.21
42972,D-446,Lleida,Plan de jubilación,Si,211,0.21
42972,C-222,Lleida,Hipoteca,No,8957,0.21
42972,B-275,Lleida,Ahorros,No,11259,0.21
42972,D-108,Lleida,Ahorros,Si,9026,0.21
42972,C-861,Lleida,Plan de jubilación,No,1171,0.21
42972,C-619,Lleida,Cuenta corriente,No,13550,0.21
42973,D-121,Barcelona,Fondo de inversión,Si,3535,0.21
42973,A-868,Barcelona,Plan de jubilación,Si,6363,0.21
42973,D-440,Barcelona,Fondo de inversión,No,12540,0.21
42973,B-391,Barcelona,Hipoteca,No,3420,0.21
42973,D-206,Gavà,Cuenta corriente,No,13577,0.21
42973,B-646,Gavà,Ahorros,No,3094,0.21
42973,C-909,Tarragona,Cuenta corriente,No,365,0.21
42973,D-307,Tarragona,Plan de jubilación,Si,11607,0.21
42973,D-840,Tarragona,Fondo de inversión,No,14082,0.21
42973,A-119,Tarragona,Cuenta corriente,Si,9646,0.21
42973,B-546,Tarragona,Ahorros,No,10418,0.21
42973,A-652,Tarragona,Ahorros,Si,14891,0.21
42973,B-357,Lleida,Plan de jubilación,Si,14968,0.21
42973,C-503,Lleida,Hipoteca,No,1362,0.21
42973,D-383,Lleida,Hipoteca,Si,2047,0.21
42974,A-308,Barcelona,Ahorros,Si,8582,0.21
42974,B-387,Tarragona,Plan de jubilación,No,11180,0.21
42974,D-568,Tarragona,Plan de jubilación,No,14840,0.21
42974,B-239,Tarragona,Cuenta corriente,No,3191,0.21
42974,C-203,Lleida,Fondo de inversión,Si,7276,0.21
42974,C-157,Lleida,Plan de jubilación,Si,2691,0.21
42974,C-507,Lleida,Fondo de inversión,No,6843,0.21
42975,B-240,Barcelona,Hipoteca,Si,2659,0.21
42975,D-428,Barcelona,Hipoteca,No,8942,0.21
42975,D-628,Gavà,Cuenta corriente,Si,10465,0.21
42975,C-772,Tarragona,Ahorros,Si,7248,0.21
42975,A-686,Tarragona,Ahorros,No,7051,0.21
42975,D-695,Tarragona,Hipoteca,Si,2410,0.21
42975,D-600,Girona,Plan de jubilación,Si,9507,0.21
42975,C-741,Lleida,Cuenta corriente,No,11948,0.21
42976,A-468,Barcelona,Cuenta corriente,No,6846,0.21
42976,B-974,Barcelona,Cuenta corriente,Si,185,0.21
42976,A-786,Barcelona,Ahorros,No,2137,0.21
42976,A-482,Gavà,Fondo de inversión,No,5948,0.21
42976,C-783,Gavà,Ahorros,No,11243,0.21
42976,D-878,Gavà,Fondo de inversión,No,1439,0.21
42976,D-504,Tarragona,Plan de jubilación,Si,4393,0.21
42976,D-696,Girona,Fondo de inversión,No,10900,0.21
42976,A-782,Girona,Plan de jubilación,Si,6250,0.21
42976,C-395,Lleida,Ahorros,Si,6182,0.21
42976,D-108,Lleida,Hipoteca,Si,12476,0.21
42977,C-769,Barcelona,Cuenta corriente,No,7831,0.21
42977,A-752,Gavà,Plan de jubilación,No,12611,0.21
42977,A-189,Gavà,Fondo de inversión,Si,5173,0.21
42977,C-343,Girona,Hipoteca,Si,1827,0.21
42977,A-692,Girona,Hipoteca,Si,10797,0.21
42977,D-536,Girona,Fondo de inversión,Si,4735,0.21
42977,A-711,Girona,Hipoteca,No,10249,0.21
42977,D-725,Lleida,Cuenta corriente,No,3498,0.21
42977,D-732,Lleida,Fondo de inversión,No,11444,0.21
42977,A-813,Lleida,Ahorros,No,13075,0.21
42978,A-160,Barcelona,Fondo de inversión,Si,7774,0.21
42978,B-553,Barcelona,Cuenta corriente,Si,12009,0.21
42978,D-151,Barcelona,Cuenta corriente,No,3921,0.21
42978,D-462,Barcelona,Hipoteca,No,6716,0.21
42978,C-892,Gavà,Ahorros,No,13104,0.21
42978,A-876,Tarragona,Cuenta corriente,No,9530,0.21
42978,B-571,Tarragona,Hipoteca,Si,14413,0.21
42978,B-727,Girona,Cuenta corriente,No,7586,0.21
42978,A-991,Girona,Plan de jubilación,Si,12229,0.21
42978,B-431,Girona,Cuenta corriente,No,4395,0.21
42978,A-878,Lleida,Plan de jubilación,Si,5180,0.21
42978,D-733,Lleida,Ahorros,No,1054,0.21
42978,A-316,Lleida,Fondo de inversión,No,4969,0.21
42979,B-953,Barcelona,Fondo de inversión,No,7845,0.21
42979,B-477,Barcelona,Fondo de inversión,Si,13275,0.21
42979,C-831,Barcelona,Hipoteca,Si,8111,0.21
42979,B-237,Gavà,Hipoteca,Si,8897,0.21
42979,C-301,Gavà,Cuenta corriente,No,1970,0.21
42979,B-952,Gavà,Hipoteca,Si,3682,0.21
42979,C-596,Gavà,Plan de jubilación,Si,577,0.21
42979,B-849,Tarragona,Ahorros,Si,9509,0.21
42979,D-774,Tarragona,Cuenta corriente,No,13207,0.21
42979,C-636,Tarragona,Plan de jubilación,Si,7917,0.21
42979,D-431,Girona,Cuenta corriente,No,8827,0.21
42979,B-547,Lleida,Plan de jubilación,Si,9928,0.21
42979,C-877,Lleida,Fondo de inversión,Si,278,0.21
42979,B-486,Lleida,Cuenta corriente,No,5214,0.21
42980,C-843,Barcelona,Ahorros,No,6913,0.21
42980,A-328,Barcelona,Ahorros,No,11217,0.21
42980,A-797,Barcelona,Hipoteca,No,9463,0.21
42980,A-167,Barcelona,Hipoteca,Si,2791,0.21
42980,D-199,Gavà,Fondo de inversión,No,12846,0.21
42980,B-777,Gavà,Ahorros,No,1483,0.21
42980,B-202,Gavà,Plan de jubilación,Si,813,0.21
42980,C-427,Tarragona,Fondo de inversión,Si,8594,0.21
42980,D-148,Tarragona,Ahorros,Si,10444,0.21
42980,D-693,Tarragona,Plan de jubilación,Si,8761,0.21
42980,B-717,Tarragona,Cuenta corriente,No,5469,0.21
42980,B-533,Girona,Fondo de inversión,No,14076,0.21
42980,C-484,Girona,Hipoteca,No,10411,0.21
42980,C-181,Girona,Cuenta corriente,Si,7405,0.21
42980,A-581,Lleida,Ahorros,Si,1718,0.21
42980,A-408,Lleida,Ahorros,Si,4170,0.21
42980,D-206,Lleida,Hipoteca,Si,10316,0.21
42980,B-994,Lleida,Cuenta corriente,No,6047,0.21
42981,D-916,Barcelona,Hipoteca,Si,3143,0.21
42981,D-617,Gavà,Hipoteca,No,3141,0.21
42981,D-320,Gavà,Cuenta corriente,No,3024,0.21
42981,B-509,Gavà,Ahorros,No,6623,0.21
42981,C-552,Gavà,Fondo de inversión,No,2065,0.21
42981,D-692,Gavà,Plan de jubilación,Si,10944,0.21
42981,B-502,Tarragona,Plan de jubilación,No,289,0.21
42981,A-426,Tarragona,Plan de jubilación,No,9324,0.21
42981,D-838,Tarragona,Ahorros,Si,420,0.21
42981,C-561,Tarragona,Ahorros,No,4741,0.21
42981,C-553,Girona,Ahorros,Si,7929,0.21
42981,D-109,Lleida,Fondo de inversión,No,5883,0.21
42981,A-688,Lleida,Hipoteca,No,11878,0.21
42981,A-610,Lleida,Cuenta corriente,No,7139,0.21
42982,D-535,Barcelona,Plan de jubilación,No,615,0.21
42982,A-611,Barcelona,Hipoteca,Si,10270,0.21
42982,B-296,Barcelona,Plan de jubilación,No,5287,0.21
42982,B-217,Gavà,Cuenta corriente,Si,314,0.21
42982,A-854,Gavà,Hipoteca,No,12364,0.21
42982,B-323,Gavà,Cuenta corriente,No,1223,0.21
42982,D-709,Gavà,Plan de jubilación,Si,11317,0.21
42982,A-936,Gavà,Fondo de inversión,No,8096,0.21
42982,B-573,Tarragona,Hipoteca,No,12986,0.21
42982,C-829,Tarragona,Fondo de inversión,Si,9046,0.21
42982,A-694,Tarragona,Plan de jubilación,Si,9001,0.21
42982,D-384,Tarragona,Hipoteca,Si,14577,0.21
42982,B-389,Girona,Fondo de inversión,Si,7069,0.21
42982,C-907,Lleida,Plan de jubilación,Si,780,0.21
42983,A-959,Barcelona,Cuenta corriente,Si,10713,0.21
42983,C-801,Gavà,Hipoteca,No,3300,0.21
42983,A-933,Tarragona,Cuenta corriente,No,5715,0.21
42983,B-688,Tarragona,Plan de jubilación,No,12037,0.21
42983,A-991,Tarragona,Ahorros,Si,10468,0.21
42983,C-228,Girona,Hipoteca,No,7366,0.21
42983,C-740,Lleida,Ahorros,Si,3848,0.21
42983,A-254,Lleida,Plan de jubilación,Si,12152,0.21
42983,B-962,Lleida,Fondo de inversión,No,5693,0.21
42983,C-590,Lleida,Fondo de inversión,Si,11919,0.21
42983,C-718,Lleida,Cuenta corriente,Si,4225,0.21
42984,B-573,Barcelona,Cuenta corriente,Si,1717,0.21
42984,D-700,Barcelona,Fondo de inversión,No,1496,0.21
42984,B-237,Barcelona,Cuenta corriente,Si,10942,0.21
42984,C-252,Barcelona,Fondo de inversión,No,5936,0.21
42984,C-255,Barcelona,Fondo de inversión,No,4280,0.21
42984,D-571,Barcelona,Cuenta corriente,No,2625,0.21
42984,A-442,Gavà,Cuenta corriente,Si,8933,0.21
42984,A-191,Gavà,Plan de jubilación,No,10347,0.21
42984,B-855,Gavà,Hipoteca,Si,1518,0.21
42984,B-793,Tarragona,Plan de jubilación,No,10799,0.21
42984,A-924,Tarragona,Fondo de inversión,Si,5838,0.21
42984,A-910,Girona,Ahorros,Si,11738,0.21
42984,C-648,Lleida,Hipoteca,Si,11033,0.21
42984,D-514,Lleida,Cuenta corriente,Si,4403,0.21
42985,D-980,Barcelona,Fondo de inversión,Si,4786,0.21
42985,C-594,Barcelona,Hipoteca,No,11028,0.21
42985,C-428,Barcelona,Plan de jubilación,Si,8375,0.21
42985,A-310,Gavà,Hipoteca,Si,14383,0.21
42985,D-970,Gavà,Cuenta corriente,Si,12235,0.21
42985,C-516,Gavà,Hipoteca,Si,14474,0.21
42985,A-752,Gavà,Cuenta corriente,No,2796,0.21
42985,C-105,Gavà,Hipoteca,Si,3016,0.21
42985,C-597,Gavà,Ahorros,No,12863,0.21
42985,B-282,Gavà,Cuenta corriente,Si,6362,0.21
42985,B-731,Gavà,Cuenta corriente,Si,12069,0.21
42985,D-185,Tarragona,Ahorros,No,5627,0.21
42985,A-108,Tarragona,Fondo de inversión,Si,5887,0.21
42985,C-970,Tarragona,Fondo de inversión,Si,2921,0.21
42985,A-240,Girona,Fondo de inversión,No,9741,0.21
42985,B-165,Girona,Hipoteca,No,12769,0.21
42985,A-373,Lleida,Fondo de inversión,No,11556,0.21
42985,A-996,Lleida,Hipoteca,Si,4533,0.21
42985,D-632,Lleida,Plan de jubilación,Si,10671,0.21
42986,C-856,Barcelona,Cuenta corriente,No,1571,0.21
42986,B-203,Gavà,Plan de jubilación,No,12501,0.21
42986,A-821,Gavà,Cuenta corriente,Si,3069,0.21
42986,C-928,Gavà,Plan de jubilación,No,1904,0.21
42986,C-894,Gavà,Plan de jubilación,Si,8087,0.21
42986,B-773,Tarragona,Plan de jubilación,No,10475,0.21
42986,A-275,Tarragona,Ahorros,Si,6144,0.21
42986,D-924,Tarragona,Plan de jubilación,No,5940,0.21
42986,A-459,Tarragona,Cuenta corriente,Si,2455,0.21
42986,B-475,Tarragona,Cuenta corriente,Si,7004,0.21
42986,B-610,Tarragona,Ahorros,Si,10552,0.21
42986,C-961,Girona,Cuenta corriente,No,10821,0.21
42986,A-301,Lleida,Ahorros,Si,10589,0.21
42986,A-872,Lleida,Ahorros,No,10266,0.21
42987,D-254,Barcelona,Fondo de inversión,No,13378,0.21
42987,C-788,Barcelona,Cuenta corriente,No,4363,0.21
42987,D-372,Gavà,Hipoteca,No,12826,0.21
42987,A-573,Gavà,Cuenta corriente,No,1890,0.21
42987,C-508,Tarragona,Ahorros,No,8753,0.21
42987,B-397,Tarragona,Cuenta corriente,Si,14141,0.21
42987,B-654,Girona,Hipoteca,Si,233,0.21
42987,A-527,Girona,Cuenta corriente,Si,9386,0.21
42987,D-893,Lleida,Plan de jubilación,No,7559,0.21
42987,D-737,Lleida,Plan de jubilación,Si,6043,0.21
42987,C-148,Lleida,Plan de jubilación,No,10542,0.21
42988,D-454,Barcelona,Cuenta corriente,No,4281,0.21
42988,D-394,Barcelona,Cuenta corriente,Si,2429,0.21
42988,A-532,Gavà,Ahorros,Si,6050,0.21
42988,A-983,Gavà,Hipoteca,No,2116,0.21
42988,D-740,Gavà,Cuenta corriente,Si,725,0.21
42988,B-846,Tarragona,Ahorros,Si,8310,0.21
42988,D-128,Tarragona,Fondo de inversión,Si,2522,0.21
42988,D-262,Tarragona,Ahorros,Si,6907,0.21
42988,D-259,Tarragona,Plan de jubilación,Si,2420,0.21
42988,D-102,Tarragona,Hipoteca,Si,11758,0.21
42988,C-506,Tarragona,Plan de jubilación,Si,12396,0.21
42988,C-314,Girona,Ahorros,Si,14471,0.21
42988,B-435,Girona,Plan de jubilación,No,12587,0.21
42988,C-857,Lleida,Fondo de inversión,Si,11591,0.21
42988,A-331,Lleida,Cuenta corriente,No,9441,0.21
42988,B-245,Lleida,Fondo de inversión,Si,7253,0.21
42988,D-437,Lleida,Hipoteca,Si,4015,0.21
42988,B-240,Lleida,Plan de jubilación,Si,14381,0.21
42988,B-940,Lleida,Plan de jubilación,Si,10777,0.21
42988,B-998,Lleida,Cuenta corriente,No,14227,0.21
42989,A-495,Barcelona,Cuenta corriente,Si,6139,0.21
42989,A-895,Barcelona,Plan de jubilación,No,7026,0.21
42989,B-167,Tarragona,Cuenta corriente,No,2618,0.21
42989,A-438,Tarragona,Cuenta corriente,No,4699,0.21
42989,D-114,Girona,Cuenta corriente,Si,13340,0.21
42989,B-163,Girona,Fondo de inversión,Si,2768,0.21
42989,D-804,Lleida,Plan de jubilación,No,4165,0.21
42989,B-494,Lleida,Ahorros,Si,7008,0.21
42990,C-765,Barcelona,Cuenta corriente,Si,4747,0.21
42990,A-666,Gavà,Hipoteca,Si,7206,0.21
42990,D-284,Gavà,Ahorros,No,2989,0.21
42990,B-131,Tarragona,Fondo de inversión,Si,237,0.21
42990,C-760,Tarragona,Plan de jubilación,No,513,0.21
42990,A-864,Tarragona,Ahorros,Si,11035,0.21
42990,A-176,Girona,Plan de jubilación,Si,13003,0.21
42990,A-828,Girona,Cuenta corriente,Si,13676,0.21
42990,B-297,Girona,Ahorros,Si,14201,0.21
42990,A-788,Girona,Ahorros,Si,7132,0.21
42990,C-246,Girona,Fondo de inversión,No,586,0.21
42990,B-851,Lleida,Hipoteca,Si,5187,0.21
42990,A-623,Lleida,Hipoteca,No,7124,0.21
42990,A-440,Lleida,Ahorros,Si,10672,0.21
42990,C-596,Lleida,Plan de jubilación,No,213,0.21
42990,A-319,Lleida,Fondo de inversión,No,3847,0.21
42990,A-404,Lleida,Cuenta corriente,No,3699,0.21
42991,C-585,Barcelona,Hipoteca,Si,7941,0.21
42991,B-210,Barcelona,Fondo de inversión,Si,5308,0.21
42991,B-228,Gavà,Plan de jubilación,Si,1933,0.21
42991,C-161,Gavà,Ahorros,Si,818,0.21
42991,C-606,Gavà,Hipoteca,No,5999,0.21
42991,D-178,Gavà,Ahorros,No,1747,0.21
42991,A-556,Gavà,Plan de jubilación,Si,3240,0.21
42991,B-799,Girona,Ahorros,Si,12534,0.21
42991,B-397,Girona,Cuenta corriente,No,12490,0.21
42991,C-892,Girona,Plan de jubilación,No,5670,0.21
42991,D-297,Lleida,Ahorros,No,12447,0.21
42991,A-682,Lleida,Fondo de inversión,Si,9410,0.21
42991,A-181,Lleida,Hipoteca,Si,6536,0.21
42991,B-821,Lleida,Cuenta corriente,Si,4931,0.21
42991,C-794,Lleida,Fondo de inversión,Si,5605,0.21
42992,C-699,Barcelona,Ahorros,No,5832,0.21
42992,D-210,Barcelona,Plan de jubilación,No,3197,0.21
42992,B-182,Gavà,Plan de jubilación,No,10356,0.21
42992,C-881,Gavà,Fondo de inversión,No,6925,0.21
42992,B-550,Gavà,Fondo de inversión,Si,10872,0.21
42992,C-608,Gavà,Fondo de inversión,Si,4383,0.21
42992,C-488,Tarragona,Cuenta corriente,No,3368,0.21
42992,A-631,Tarragona,Plan de jubilación,No,14832,0.21
42992,B-350,Girona,Hipoteca,Si,10556,0.21
42992,B-308,Girona,Hipoteca,Si,5521,0.21
42992,A-516,Girona,Fondo de inversión,No,3666,0.21
42992,C-457,Girona,Fondo de inversión,No,4025,0.21
42992,D-378,Lleida,Ahorros,Si,6704,0.21
42992,D-898,Lleida,Cuenta corriente,No,11871,0.21
42993,C-534,Barcelona,Fondo de inversión,Si,8158,0.21
42993,D-241,Barcelona,Cuenta corriente,Si,3184,0.21
42993,A-496,Gavà,Cuenta corriente,No,3532,0.21
42993,C-969,Tarragona,Fondo de inversión,No,2306,0.21
42993,B-541,Tarragona,Cuenta corriente,No,8873,0.21
42993,B-589,Tarragona,Cuenta corriente,Si,14038,0.21
42993,C-119,Girona,Cuenta corriente,Si,12039,0.21
42993,B-507,Girona,Plan de jubilación,No,6433,0.21
42993,A-885,Girona,Hipoteca,No,4882,0.21
42993,B-407,Girona,Fondo de inversión,No,12035,0.21
42993,B-255,Girona,Cuenta corriente,Si,1568,0.21
42993,B-591,Girona,Ahorros,Si,1230,0.21
42993,A-166,Lleida,Plan de jubilación,No,14451,0.21
42993,C-789,Lleida,Fondo de inversión,No,7222,0.21
42994,A-973,Barcelona,Fondo de inversión,No,2653,0.21
42994,D-803,Barcelona,Ahorros,Si,3828,0.21
42994,C-638,Gavà,Ahorros,Si,662,0.21
42994,D-913,Gavà,Fondo de inversión,No,6447,0.21
42994,C-333,Tarragona,Fondo de inversión,No,5881,0.21
42994,C-304,Tarragona,Ahorros,Si,8723,0.21
42994,C-300,Tarragona,Cuenta corriente,Si,10161,0.21
42994,A-585,Girona,Hipoteca,Si,13074,0.21
42994,D-347,Girona,Ahorros,Si,7497,0.21
42994,A-445,Girona,Hipoteca,Si,2277,0.21
42995,D-861,Barcelona,Hipoteca,No,13786,0.21
42995,A-585,Barcelona,Ahorros,Si,1936,0.21
42995,B-517,Gavà,Hipoteca,No,6960,0.21
42995,C-304,Tarragona,Cuenta corriente,Si,2271,0.21
42995,B-194,Tarragona,Cuenta corriente,Si,5553,0.21
42995,B-343,Tarragona,Fondo de inversión,No,4103,0.21
42995,B-169,Girona,Cuenta corriente,No,3257,0.21
42995,A-526,Girona,Cuenta corriente,No,11334,0.21
42995,C-778,Girona,Plan de jubilación,No,6400,0.21
42995,A-112,Girona,Hipoteca,Si,11603,0.21
42995,D-101,Girona,Cuenta corriente,No,13984,0.21
42995,A-911,Lleida,Fondo de inversión,No,13684,0.21
42995,A-547,Lleida,Ahorros,No,5250,0.21
42995,B-327,Lleida,Ahorros,No,3820,0.21
42995,C-253,Lleida,Cuenta corriente,Si,12858,0.21
42995,A-760,Lleida,Ahorros,No,7754,0.21
42995,B-684,Lleida,Plan de jubilación,Si,7159,0.21
42996,A-293,Barcelona,Fondo de inversión,No,783,0.21
42996,A-997,Barcelona,Ahorros,No,949,0.21
42996,D-510,Gavà,Hipoteca,No,11113,0.21
42996,B-367,Gavà,Plan de jubilación,No,14547,0.21
42996,A-125,Gavà,Fondo de inversión,No,9704,0.21
42996,D-296,Gavà,Ahorros,No,7535,0.21
42996,A-393,Gavà,Plan de jubilación,No,4371,0.21
42996,B-416,Tarragona,Fondo de inversión,Si,805,0.21
42996,B-992,Tarragona,Cuenta corriente,Si,5926,0.21
42996,B-633,Tarragona,Ahorros,Si,8109,0.21
42996,B-284,Girona,Cuenta corriente,Si,9332,0.21
42996,D-528,Girona,Hipoteca,Si,687,0.21
42996,D-650,Girona,Ahorros,No,13410,0.21
42996,A-618,Girona,Hipoteca,No,14518,0.21
42996,B-813,Lleida,Cuenta corriente,No,2276,0.21
42996,B-447,Lleida,Fondo de inversión,Si,4722,0.21
42996,C-655,Lleida,Ahorros,No,10435,0.21
42996,B-101,Lleida,Hipoteca,No,14534,0.21
42997,C-114,Barcelona,Ahorros,No,370,0.21
42997,D-467,Barcelona,Ahorros,Si,860,0.21
42997,C-837,Gavà,Hipoteca,Si,11650,0.21
42997,A-687,Gavà,Fondo de inversión,No,11001,0.21
42997,B-899,Gavà,Plan de jubilación,No,726,0.21
42997,C-357,Tarragona,Plan de jubilación,Si,7256,0.21
42997,C-308,Tarragona,Hipoteca,Si,6942,0.21
42997,B-817,Tarragona,Fondo de inversión,No,8773,0.21
42997,A-391,Girona,Hipoteca,Si,9016,0.21
42997,B-683,Girona,Plan de jubilación,Si,10573,0.21
42997,A-998,Girona,Plan de jubilación,Si,13445,0.21
42998,A-426,Barcelona,Ahorros,Si,12530,0.21
42998,C-104,Barcelona,Fondo de inversión,No,13459,0.21
42998,D-233,Gavà,Cuenta corriente,No,846,0.21
42998,A-630,Gavà,Ahorros,Si,13219,0.21
42998,D-892,Gavà,Plan de jubilación,No,6396,0.21
42998,A-796,Tarragona,Fondo de inversión,No,6961,0.21
42998,D-608,Tarragona,Ahorros,No,9758,0.21
42998,A-272,Tarragona,Ahorros,Si,1850,0.21
42998,C-285,Tarragona,Plan de jubilación,Si,2003,0.21
42998,A-998,Tarragona,Ahorros,No,13780,0.21
42998,B-969,Girona,Plan de jubilación,Si,4343,0.21
42998,A-435,Girona,Fondo de inversión,Si,8858,0.21
42998,A-969,Lleida,Ahorros,No,2193,0.21
42998,D-746,Lleida,Plan de jubilación,Si,7978,0.21
42998,C-576,Lleida,Cuenta corriente,Si,6093,0.21
42998,B-594,Lleida,Ahorros,No,10304,0.21
42999,C-792,Barcelona,Cuenta corriente,Si,3241,0.21
42999,D-656,Barcelona,Cuenta corriente,Si,8747,0.21
42999,C-182,Gavà,Plan de jubilación,Si,14684,0.21
42999,C-145,Tarragona,Hipoteca,No,11046,0.21
42999,C-788,Tarragona,Plan de jubilación,No,10915,0.21
42999,C-894,Tarragona,Hipoteca,No,1064,0.21
42999,D-678,Tarragona,Plan de jubilación,Si,7736,0.21
42999,B-205,Tarragona,Plan de jubilación,No,9161,0.21
42999,B-706,Girona,Plan de jubilación,Si,13469,0.21
42999,D-594,Girona,Plan de jubilación,No,10185,0.21
42999,B-560,Lleida,Ahorros,Si,2943,0.21
42999,C-872,Lleida,Plan de jubilación,Si,3197,0.21
43000,C-126,Barcelona,Plan de jubilación,No,3756,0.21
43000,C-992,Gavà,Fondo de inversión,Si,8189,0.21
43000,C-694,Gavà,Ahorros,Si,10359,0.21
43000,A-889,Tarragona,Hipoteca,Si,1032,0.21
43000,A-501,Tarragona,Fondo de inversión,Si,3994,0.21
43000,B-814,Girona,Plan de jubilación,No,5404,0.21
43000,A-306,Girona,Cuenta corriente,Si,5401,0.21
43000,B-815,Lleida,Fondo de inversión,Si,4205,0.21
43001,C-116,Barcelona,Hipoteca,No,2223,0.21
43001,D-748,Gavà,Fondo de inversión,No,2995,0.21
43001,A-777,Tarragona,Fondo de inversión,Si,13716,0.21
43001,C-385,Tarragona,Plan de jubilación,No,2430,0.21
43001,B-628,Tarragona,Fondo de inversión,Si,9590,0.21
43001,B-213,Tarragona,Fondo de inversión,Si,14679,0.21
43001,D-421,Tarragona,Fondo de inversión,No,11450,0.21
43001,C-109,Girona,Ahorros,No,12607,0.21
43001,B-493,Girona,Cuenta corriente,No,8461,0.21
43001,C-829,Girona,Hipoteca,Si,10798,0.21
43001,D-811,Girona,Plan de jubilación,Si,6716,0.21
43001,A-817,Girona,Fondo de inversión,No,397,0.21
43001,A-488,Lleida,Cuenta corriente,No,14780,0.21
43001,A-830,Lleida,Hipoteca,No,5620,0.21
43002,D-113,Barcelona,Plan de jubilación,No,7617,0.21
43002,A-164,Barcelona,Ahorros,No,8371,0.21
43002,C-256,Barcelona,Ahorros,Si,3221,0.21
43002,D-966,Barcelona,Plan de jubilación,Si,9814,0.21
43002,D-900,Gavà,Hipoteca,No,10524,0.21
43002,A-960,Gavà,Hipoteca,No,135,0.21
43002,A-723,Gavà,Ahorros,Si,5076,0.21
43002,B-947,Tarragona,Hipoteca,No,6292,0.21
43002,D-820,Tarragona,Plan de jubilación,No,977,0.21
43002,C-991,Tarragona,Hipoteca,No,8569,0.21
43002,D-540,Tarragona,Hipoteca,Si,7353,0.21
43002,D-100,Tarragona,Ahorros,No,13872,0.21
43002,D-449,Tarragona,Plan de jubilación,No,5486,0.21
43002,D-522,Girona,Ahorros,Si,6839,0.21
43002,C-314,Girona,Hipoteca,Si,8516,0.21
43002,B-505,Girona,Fondo de inversión,No,1344,0.21
43002,B-475,Girona,Ahorros,Si,1803,0.21
43002,C-426,Lleida,Fondo de inversión,No,1275,0.21
43002,B-158,Lleida,Fondo de inversión,No,6686,0.21
43002,C-216,Lleida,Plan de jubilación,Si,6870,0.21
43003,C-912,Barcelona,Fondo de inversión,No,12385,0.21
43003,D-931,Barcelona,Ahorros,No,6431,0.21
43003,C-574,Barcelona,Fondo de inversión,Si,9196,0.21
43003,A-142,Barcelona,Ahorros,Si,10769,0.21
43003,B-439,Gavà,Cuenta corriente,Si,12668,0.21
43003,B-198,Gavà,Fondo de inversión,No,3731,0.21
43003,D-880,Gavà,Fondo de inversión,Si,4897,0.21
43003,B-545,Tarragona,Ahorros,Si,11335,0.21
43003,A-609,Tarragona,Fondo de inversión,Si,11253,0.21
43003,B-993,Tarragona,Hipoteca,Si,5864,0.21
43003,D-142,Girona,Hipoteca,Si,5158,0.21
43003,C-305,Girona,Hipoteca,Si,11914,0.21
43003,C-959,Girona,Ahorros,Si,11989,0.21
43003,C-127,Girona,Plan de jubilación,No,5211,0.21
43004,C-213,Barcelona,Plan de jubilación,No,10668,0.21
43004,A-324,Barcelona,Ahorros,Si,9801,0.21
43004,D-687,Gavà,Ahorros,Si,13972,0.21
43004,A-987,Gavà,Cuenta corriente,No,2134,0.21
43004,D-906,Tarragona,Fondo de inversión,No,11714,0.21
43004,D-154,Tarragona,Ahorros,Si,13057,0.21
43004,C-965,Tarragona,Ahorros,Si,3725,0.21
43004,C-865,Girona,Fondo de inversión,No,6447,0.21
43004,C-287,Girona,Ahorros,No,11683,0.21
43004,C-154,Lleida,Cuenta corriente,Si,3864,0.21
43004,B-596,Lleida,Plan de jubilación,Si,4826,0.21
43004,C-712,Lleida,Cuenta corriente,Si,4231,0.21
43005,C-890,Barcelona,Ahorros,No,3364,0.21
43005,C-973,Barcelona,Fondo de inversión,No,13306,0.21
43005,C-918,Barcelona,Ahorros,Si,2661,0.21
43005,C-444,Barcelona,Hipoteca,No,9650,0.21
43005,D-696,Gavà,Fondo de inversión,Si,817,0.21
43005,B-932,Gavà,Cuenta corriente,Si,14920,0.21
43005,B-780,Gavà,Ahorros,No,1651,0.21
43005,A-157,Gavà,Cuenta corriente,Si,5331,0.21
43005,B-956,Tarragona,Plan de jubilación,Si,13645,0.21
43005,D-242,Tarragona,Fondo de inversión,No,10701,0.21
43005,A-878,Tarragona,Plan de jubilación,No,12335,0.21
43005,C-700,Girona,Ahorros,Si,382,0.21
43005,D-792,Girona,Ahorros,No,7991,0.21
43005,B-899,Girona,Cuenta corriente,Si,5629,0.21
43005,D-655,Girona,Cuenta corriente,No,296,0.21
43005,A-367,Girona,Hipoteca,Si,9205,0.21
43005,C-419,Lleida,Plan de jubilación,Si,11567,0.21
43005,A-302,Lleida,Ahorros,Si,13401,0.21
43005,C-285,Lleida,Fondo de inversión,No,2387,0.21
43005,B-978,Lleida,Plan de jubilación,No,9773,0.21
43006,A-810,Barcelona,Ahorros,Si,7755,0.21
43006,A-366,Barcelona,Fondo de inversión,No,7154,0.21
43006,B-424,Barcelona,Hipoteca,Si,10386,0.21
43006,C-921,Barcelona,Fondo de inversión,Si,11963,0.21
43006,D-985,Barcelona,Hipoteca,No,14264,0.21
43006,A-581,Tarragona,Fondo de inversión,Si,9290,0.21
43006,A-149,Tarragona,Ahorros,No,11841,0.21
43006,B-435,Girona,Plan de jubilación,Si,12019,0.21
43006,D-130,Girona,Plan de jubilación,No,13536,0.21
43006,B-715,Girona,Fondo de inversión,No,14824,0.21
43006,B-801,Girona,Hipoteca,Si,7534,0.21
43006,D-166,Lleida,Fondo de inversión,No,14265,0.21
43006,B-647,Lleida,Hipoteca,Si,8150,0.21
43006,D-922,Lleida,Plan de jubilación,No,1266,0.21
43006,A-759,Lleida,Hipoteca,Si,14549,0.21
43006,A-819,Lleida,Plan de jubilación,No,3390,0.21
43006,B-992,Lleida,Fondo de inversión,No,13409,0.21
43006,C-153,Lleida,Plan de jubilación,No,12378,0.21
43007,C-492,Barcelona,Fondo de inversión,Si,9415,0.21
43007,A-484,Barcelona,Hipoteca,Si,11141,0.21
43007,C-441,Barcelona,Fondo de inversión,No,490,0.21
43007,A-116,Barcelona,Hipoteca,No,6745,0.21
43007,C-493,Gavà,Ahorros,Si,7506,0.21
43007,B-967,Tarragona,Ahorros,Si,14959,0.21
43007,A-699,Tarragona,Ahorros,Si,13215,0.21
43007,A-777,Girona,Fondo de inversión,Si,9886,0.21
43007,A-173,Girona,Ahorros,No,13866,0.21
43007,D-636,Girona,Hipoteca,Si,8259,0.21
43007,D-462,Lleida,Cuenta corriente,No,1634,0.21
43007,C-123,Lleida,Hipoteca,Si,812,0.21
43007,C-528,Lleida,Plan de jubilación,Si,4511,0.21
43007,C-706,Lleida,Plan de jubilación,No,1632,0.21
43008,B-116,Barcelona,Hipoteca,Si,11916,0.21
43008,A-190,Barcelona,Cuenta corriente,No,11193,0.21
43008,D-547,Barcelona,Plan de jubilación,No,8242,0.21
43008,A-911,Barcelona,Hipoteca,Si,14148,0.21
43008,B-458,Barcelona,Fondo de inversión,No,11510,0.21
43008,D-366,Barcelona,Fondo de inversión,Si,5690,0.21
43008,D-870,Barcelona,Plan de jubilación,Si,12047,0.21
43008,D-992,Gavà,Ahorros,No,1685,0.21
43008,A-752,Gavà,Ahorros,Si,169,0.21
43008,B-531,Gavà,Plan de jubilación,Si,14688,0.21
43008,D-735,Tarragona,Hipoteca,Si,667,0.21
43008,B-131,Tarragona,Plan de jubilación,Si,2595,0.21
43008,B-433,Tarragona,Plan de jubilación,Si,11983,0.21
43008,B-461,Girona,Cuenta corriente,Si,8787,0.21
43008,A-751,Girona,Fondo de inversión,Si,6193,0.21
43008,A-850,Girona,Ahorros,No,7337,0.21
43008,B-559,Lleida,Plan de jubilación,No,1399,0.21
43008,B-535,Lleida,Hipoteca,Si,6598,0.21
43008,C-603,Lleida,Ahorros,Si,10865,0.21
43009,D-278,Barcelona,Ahorros,Si,10006,0.21
43009,D-900,Barcelona,Fondo de inversión,No,3631,0.21
43009,A-867,Barcelona,Plan de jubilación,No,11089,0.21
43009,B-840,Gavà,Hipoteca,No,7244,0.21
43009,C-947,Gavà,Hipoteca,No,3569,0.21
43009,B-351,Gavà,Cuenta corriente,No,3081,0.21
43009,B-276,Tarragona,Cuenta corriente,No,7744,0.21
43009,B-292,Girona,Hipoteca,No,14724,0.21
43009,A-614,Lleida,Hipoteca,No,7370,0.21
43010,D-699,Barcelona,Hipoteca,Si,4553,0.21
43010,A-720,Barcelona,Hipoteca,No,5909,0.21
43010,B-164,Barcelona,Cuenta corriente,Si,4118,0.21
43010,B-570,Tarragona,Fondo de inversión,Si,11917,0.21
43010,B-932,Tarragona,Fondo de inversión,Si,8532,0.21
43010,C-492,Girona,Fondo de inversión,No,9347,0.21
43010,A-819,Lleida,Fondo de inversión,No,12467,0.21
43010,A-915,Lleida,Cuenta corriente,No,7638,0.21
43010,B-589,Lleida,Hipoteca,No,8959,0.21
43011,D-936,Barcelona,Plan de jubilación,Si,11894,0.21
43011,D-971,Barcelona,Hipoteca,Si,13138,0.21
43011,A-496,Gavà,Hipoteca,Si,8562,0.21
43011,C-275,Gavà,Plan de jubilación,Si,7528,0.21
43011,C-205,Gavà,Cuenta corriente,Si,4992,0.21
43011,A-688,Tarragona,Hipoteca,Si,11681,0.21
43011,D-489,Tarragona,Cuenta corriente,Si,9447,0.21
43011,A-154,Tarragona,Plan de jubilación,No,7577,0.21
43011,D-939,Girona,Hipoteca,No,11695,0.21
43011,B-560,Girona,Hipoteca,No,14683,0.21
43011,B-771,Girona,Ahorros,Si,13372,0.21
43011,B-799,Girona,Hipoteca,No,306,0.21
43011,A-601,Girona,Fondo de inversión,No,14806,0.21
43011,B-510,Girona,Cuenta corriente,Si,1516,0.21
43011,C-911,Lleida,Ahorros,No,12751,0.21
43011,B-212,Lleida,Hipoteca,No,4825,0.21
43011,C-436,Lleida,Hipoteca,No,2339,0.21
43011,C-823,Lleida,Plan de jubilación,No,9068,0.21
43011,D-310,Lleida,Plan de jubilación,Si,568,0.21
43012,A-173,Barcelona,Ahorros,Si,14727,0.21
43012,B-500,Barcelona,Ahorros,No,8673,0.21
43012,D-507,Gavà,Fondo de inversión,Si,13898,0.21
43012,D-887,Gavà,Ahorros,Si,4820,0.21
43012,A-904,Tarragona,Plan de jubilación,No,8568,0.21
43012,A-528,Tarragona,Fondo de inversión,Si,6088,0.21
43012,C-877,Tarragona,Ahorros,No,3150,0.21
43012,C-706,Girona,Hipoteca,Si,2968,0.21
43012,D-990,Lleida,Ahorros,No,3157,0.21
43012,B-300,Lleida,Fondo de inversión,No,4247,0.21
43012,C-685,Lleida,Cuenta corriente,Si,13935,0.21
43013,A-225,Barcelona,Ahorros,No,5231,0.21
43013,A-316,Barcelona,Cuenta corriente,Si,8255,0.21
43013,C-930,Barcelona,Plan de jubilación,Si,8154,0.21
43013,A-327,Barcelona,Cuenta corriente,No,2832,0.21
43013,B-142,Barcelona,Cuenta corriente,Si,356,0.21
43013,B-112,Gavà,Hipoteca,No,9143,0.21
43013,D-820,Gavà,Ahorros,No,525,0.21
43013,A-955,Gavà,Fondo de inversión,Si,3191,0.21
43013,A-308,Tarragona,Hipoteca,Si,8579,0.21
43013,B-238,Tarragona,Hipoteca,Si,8493,0.21
43013,B-131,Tarragona,Plan de jubilación,Si,3347,0.21
43013,C-294,Tarragona,Fondo de inversión,No,10445,0.21
43013,C-756,Girona,Plan de jubilación,Si,2649,0.21
43013,C-780,Girona,Plan de jubilación,No,334,0.21
43013,B-153,Lleida,Cuenta corriente,Si,8310,0.21
43014,A-512,Barcelona,Fondo de inversión,Si,3903,0.21
43014,A-798,Gavà,Plan de jubilación,No,12154,0.21
43014,D-547,Gavà,Hipoteca,No,8564,0.21
43014,B-805,Gavà,Ahorros,Si,1065,0.21
43014,D-458,Tarragona,Cuenta corriente,Si,9629,0.21
43014,A-572,Tarragona,Cuenta corriente,Si,7879,0.21
43014,C-539,Girona,Cuenta corriente,No,6706,0.21
43014,B-939,Girona,Fondo de inversión,Si,11445,0.21
43014,B-135,Lleida,Ahorros,No,13234,0.21
43015,D-656,Gavà,Cuenta corriente,Si,5045,0.21
43015,C-128,Gavà,Fondo de inversión,Si,10871,0.21
43015,B-259,Gavà,Cuenta corriente,Si,13226,0.21
43015,D-513,Tarragona,Plan de jubilación,Si,4792,0.21
43015,D-518,Tarragona,Hipoteca,Si,6609,0.21
43015,D-758,Lleida,Ahorros,Si,9059,0.21
43015,A-800,Lleida,Cuenta corriente,Si,570,0.21
43015,D-617,Lleida,Ahorros,No,2166,0.21
43016,C-132,Barcelona,Fondo de inversión,No,12654,0.21
43016,B-511,Gavà,Fondo de inversión,Si,8693,0.21
43016,A-515,Gavà,Cuenta corriente,Si,13182,0.21
43016,D-325,Gavà,Hipoteca,Si,9091,0.21
43016,B-427,Tarragona,Fondo de inversión,No,8742,0.21
43016,A-581,Tarragona,Hipoteca,No,4803,0.21
43016,A-666,Tarragona,Ahorros,No,10749,0.21
43016,C-231,Tarragona,Plan de jubilación,Si,12770,0.21
43016,A-815,Girona,Plan de jubilación,Si,4037,0.21
43016,B-641,Girona,Hipoteca,Si,10381,0.21
43016,B-299,Girona,Fondo de inversión,Si,12528,0.21
43016,B-487,Girona,Cuenta corriente,No,8813,0.21
43016,A-782,Girona,Cuenta corriente,No,6805,0.21
43016,D-873,Lleida,Cuenta corriente,No,5789,0.21
43016,A-642,Lleida,Fondo de inversión,Si,6689,0.21
43017,C-232,Barcelona,Ahorros,Si,9346,0.21
43017,A-332,Barcelona,Ahorros,No,10889,0.21
43017,D-844,Gavà,Plan de jubilación,No,3770,0.21
43017,B-951,Gavà,Hipoteca,Si,13050,0.21
43017,C-998,Gavà,Fondo de inversión,Si,8905,0.21
43017,C-391,Tarragona,Fondo de inversión,Si,2966,0.21
43017,B-748,Tarragona,Cuenta corriente,No,13955,0.21
43017,B-516,Girona,Fondo de inversión,Si,10148,0.21
43017,D-686,Girona,Fondo de inversión,No,4148,0.21
43017,B-556,Girona,Ahorros,Si,13470,0.21
43017,B-506,Girona,Plan de jubilación,No,4718,0.21
43017,B-557,Girona,Fondo de inversión,No,14709,0.21
43017,D-759,Girona,Cuenta corriente,Si,6135,0.21
43017,B-121,Girona,Hipoteca,No,7370,0.21
43017,A-832,Lleida,Ahorros,No,12394,0.21
43017,B-464,Lleida,Fondo de inversión,No,13950,0.21
43017,D-237,Lleida,Hipoteca,No,12829,0.21
43017,D-171,Lleida,Plan de jubilación,Si,10709,0.21
43018,A-268,Barcelona,Cuenta corriente,Si,13925,0.21
43018,B-428,Barcelona,Cuenta corriente,Si,9016,0.21
43018,C-246,Gavà,Hipoteca,No,3601,0.21
43018,A-843,Gavà,Ahorros,Si,14218,0.21
43018,D-432,Gavà,Plan de jubilación,No,13675,0.21
43018,A-581,Tarragona,Fondo de inversión,Si,12716,0.21
43018,D-627,Tarragona,Hipoteca,No,4834,0.21
43018,C-129,Girona,Ahorros,Si,10424,0.21
43018,A-950,Girona,Cuenta corriente,No,2795,0.21
43018,A-277,Girona,Ahorros,Si,13624,0.21
43018,A-937,Girona,Plan de jubilación,No,4390,0.21
43018,C-147,Girona,Fondo de inversión,No,10868,0.21
43018,B-842,Lleida,Plan de jubilación,Si,390,0.21
43018,B-769,Lleida,Fondo de inversión,Si,13113,0.21
43019,C-587,Barcelona,Fondo de inversión,No,5212,0.21
43019,B-911,Gavà,Cuenta corriente,No,10559,0.21
43019,B-459,Gavà,Cuenta corriente,Si,12713,0.21
43019,C-879,Gavà,Fondo de inversión,Si,11431,0.21
43019,B-296,Gavà,Cuenta corriente,No,4001,0.21
43019,D-750,Gavà,Hipoteca,No,12253,0.21
43019,B-990,Tarragona,Cuenta corriente,Si,10826,0.21
43019,D-626,Tarragona,Ahorros,Si,8365,0.21
43019,B-749,Tarragona,Plan de jubilación,No,11164,0.21
43019,B-825,Girona,Plan de jubilación,Si,1878,0.21
43019,A-704,Girona,Fondo de inversión,Si,11349,0.21
43020,C-816,Barcelona,Cuenta corriente,No,7998,0.21
43020,D-823,Barcelona,Cuenta corriente,No,3815,0.21
43020,D-171,Barcelona,Plan de jubilación,No,490,0.21
43020,B-361,Gavà,Cuenta corriente,Si,9735,0.21
43020,A-289,Gavà,Hipoteca,No,3777,0.21
43020,C-441,Tarragona,Ahorros,No,11210,0.21
43020,C-338,Tarragona,Plan de jubilación,No,8174,0.21
43020,D-224,Tarragona,Fondo de inversión,No,1845,0.21
43020,B-845,Tarragona,Fondo de inversión,Si,14337,0.21
43020,C-793,Girona,Hipoteca,Si,8521,0.21
43020,A-302,Girona,Cuenta corriente,No,11865,0.21
43020,D-279,Lleida,Ahorros,No,10388,0.21
43020,B-626,Lleida,Hipoteca,Si,9136,0.21
43020,C-228,Lleida,Ahorros,Si,5921,0.21
43021,B-556,Barcelona,Ahorros,Si,1269,0.21
43021,C-874,Barcelona,Fondo de inversión,Si,7817,0.21
43021,B-391,Barcelona,Hipoteca,Si,517,0.21
43021,C-181,Barcelona,Ahorros,No,11954,0.21
43021,C-419,Gavà,Fondo de inversión,No,1728,0.21
43021,A-531,Gavà,Ahorros,No,2324,0.21
43021,A-680,Gavà,Plan de jubilación,Si,5276,0.21
43021,B-439,Tarragona,Hipoteca,No,1283,0.21
43021,B-558,Tarragona,Plan de jubilación,Si,14756,0.21
43021,A-695,Tarragona,Hipoteca,Si,6058,0.21
43021,A-439,Tarragona,Fondo de inversión,No,2218,0.21
43021,B-612,Tarragona,Plan de jubilación,No,12942,0.21
43021,B-653,Tarragona,Ahorros,Si,13535,0.21
43021,A-351,Tarragona,Fondo de inversión,Si,13914,0.21
43021,A-947,Girona,Ahorros,No,7612,0.21
43021,B-662,Girona,Plan de jubilación,Si,9851,0.21
43021,C-991,Girona,Cuenta corriente,Si,10653,0.21
43021,A-583,Girona,Fondo de inversión,Si,13403,0.21
43021,B-577,Girona,Plan de jubilación,Si,13466,0.21
43021,C-759,Lleida,Plan de jubilación,Si,11346,0.21
43021,A-758,Lleida,Cuenta corriente,No,3512,0.21
43022,D-787,Barcelona,Fondo de inversión,Si,8079,0.21
43022,A-524,Gavà,Ahorros,Si,2779,0.21
43022,D-262,Gavà,Cuenta corriente,Si,8245,0.21
43022,A-287,Gavà,Cuenta corriente,Si,5167,0.21
43022,A-248,Tarragona,Ahorros,Si,6134,0.21
43022,C-675,Tarragona,Fondo de inversión,Si,12472,0.21
43022,D-906,Tarragona,Cuenta corriente,Si,9391,0.21
43022,B-766,Tarragona,Hipoteca,No,13616,0.21
43022,C-337,Girona,Ahorros,Si,1292,0.21
43022,A-325,Girona,Cuenta corriente,Si,13398,0.21
43022,D-174,Girona,Plan de jubilación,Si,892,0.21
43022,B-948,Lleida,Hipoteca,Si,4097,0.21
43022,D-161,Lleida,Fondo de inversión,Si,4461,0.21
43022,D-740,Lleida,Cuenta corriente,No,2698,0.21
43022,B-614,Lleida,Fondo de inversión,No,11258,0.21
43022,C-368,Lleida,Ahorros,No,5023,0.21
43023,B-141,Barcelona,Ahorros,No,13533,0.21
43023,C-163,Gavà,Hipoteca,Si,12894,0.21
43023,B-714,Gavà,Fondo de inversión,No,12680,0.21
43023,A-585,Girona,Hipoteca,No,529,0.21
43023,B-247,Lleida,Fondo de inversión,Si,3854,0.21
43023,C-319,Lleida,Ahorros,Si,10507,0.21
43024,D-466,Barcelona,Fondo de inversión,Si,1899,0.21
43024,D-447,Barcelona,Ahorros,No,11144,0.21
43024,A-518,Barcelona,Cuenta corriente,Si,10132,0.21
43024,C-924,Barcelona,Ahorros,No,8568,0.21
43024,C-772,Barcelona,Ahorros,Si,630,0.21
43024,A-760,Gavà,Cuenta corriente,Si,12245,0.21
43024,B-529,Gavà,Fondo de inversión,Si,1875,0.21
43024,C-933,Gavà,Hipoteca,No,11414,0.21
43024,C-397,Gavà,Plan de jubilación,Si,12620,0.21
43024,C-518,Gavà,Hipoteca,Si,2274,0.21
43024,B-168,Tarragona,Fondo de inversión,Si,9597,0.21
43024,D-257,Tarragona,Fondo de inversión,No,13489,0.21
43024,D-931,Tarragona,Plan de jubilación,No,7297,0.21
43024,C-445,Tarragona,Cuenta corriente,No,2910,0.21
43024,A-837,Tarragona,Cuenta corriente,No,2472,0.21
43024,C-383,Girona,Plan de jubilación,Si,6911,0.21
43024,C-750,Girona,Plan de jubilación,No,1961,0.21
43024,B-563,Girona,Fondo de inversión,Si,12447,0.21
43024,A-936,Lleida,Cuenta corriente,No,12099,0.21
43024,D-235,Lleida,Fondo de inversión,Si,10066,0.21
43024,B-429,Lleida,Plan de jubilación,Si,5664,0.21
43024,D-477,Lleida,Hipoteca,No,10346,0.21
43025,D-303,Barcelona,Hipoteca,No,7261,0.21
43025,B-907,Tarragona,Plan de jubilación,No,12603,0.21
43025,C-699,Tarragona,Cuenta corriente,Si,4079,0.21
43025,D-956,Girona,Fondo de inversión,No,3114,0.21
43025,A-147,Girona,Hipoteca,Si,7497,0.21
43025,C-395,Girona,Hipoteca,Si,14647,0.21
43025,C-606,Girona,Plan de jubilación,No,13351,0.21
43025,D-578,Lleida,Fondo de inversión,No,2187,0.21
43025,B-929,Lleida,Plan de jubilación,No,3524,0.21
43025,C-433,Lleida,Cuenta corriente,Si,8006,0.21
43026,A-494,Barcelona,Ahorros,Si,8558,0.21
43026,C-259,Barcelona,Ahorros,Si,10675,0.21
43026,C-430,Barcelona,Fondo de inversión,No,3711,0.21
43026,B-551,Gavà,Ahorros,No,5449,0.21
43026,C-529,Gavà,Cuenta corriente,No,6899,0.21
43026,A-202,Gavà,Fondo de inversión,Si,14606,0.21
43026,A-942,Gavà,Hipoteca,No,12019,0.21
43026,D-481,Gavà,Hipoteca,No,3047,0.21
43026,C-158,Gavà,Hipoteca,No,4364,0.21
43026,B-377,Tarragona,Ahorros,No,9093,0.21
43026,D-483,Tarragona,Cuenta corriente,No,13436,0.21
43026,A-611,Girona,Cuenta corriente,Si,14413,0.21
43026,D-817,Girona,Hipoteca,Si,7748,0.21
43026,A-187,Girona,Fondo de inversión,Si,7219,0.21
43026,C-963,Girona,Plan de jubilación,No,13514,0.21
43027,B-856,Barcelona,Plan de jubilación,No,4118,0.21
43027,C-472,Barcelona,Fondo de inversión,Si,2748,0.21
43027,B-211,Barcelona,Fondo de inversión,Si,7944,0.21
43027,D-876,Barcelona,Ahorros,Si,1334,0.21
43027,C-556,Barcelona,Hipoteca,No,1479,0.21
43027,B-807,Gavà,Hipoteca,No,10615,0.21
43027,B-602,Tarragona,Fondo de inversión,No,14479,0.21
43027,D-132,Tarragona,Fondo de inversión,No,14615,0.21
43027,D-217,Tarragona,Ahorros,Si,3831,0.21
43027,C-294,Tarragona,Plan de jubilación,Si,12055,0.21
43027,B-611,Tarragona,Ahorros,Si,3552,0.21
43027,D-417,Girona,Fondo de inversión,No,2591,0.21
43027,C-466,Lleida,Plan de jubilación,No,4167,0.21
43027,D-652,Lleida,Ahorros,No,9583,0.21
43027,D-473,Lleida,Hipoteca,No,12324,0.21
43027,A-591,Lleida,Plan de jubilación,No,1059,0.21
43028,D-602,Barcelona,Plan de jubilación,Si,7473,0.21
43028,B-938,Barcelona,Fondo de inversión,No,14613,0.21
43028,A-671,Barcelona,Hipoteca,No,12738,0.21
43028,A-970,Barcelona,Ahorros,Si,1544,0.21
43028,D-872,Barcelona,Hipoteca,Si,12608,0.21
43028,C-616,Gavà,Cuenta corriente,No,4931,0.21
43028,B-234,Tarragona,Cuenta corriente,Si,4042,0.21
43028,D-577,Tarragona,Hipoteca,No,778,0.21
43028,D-357,Girona,Cuenta corriente,Si,723,0.21
43028,D-412,Girona,Plan de jubilación,Si,11058,0.21
43028,D-693,Girona,Fondo de inversión,Si,11336,0.21
43028,D-485,Girona,Hipoteca,Si,4469,0.21
43028,B-493,Girona,Plan de jubilación,No,6417,0.21
43028,A-841,Girona,Cuenta corriente,No,2358,0.21
43028,A-246,Girona,Ahorros,No,13919,0.21
43028,B-844,Lleida,Fondo de inversión,Si,9496,0.21
43028,C-344,Lleida,Plan de jubilación,No,5800,0.21
43028,B-424,Lleida,Hipoteca,No,7084,0.21
43029,B-878,Barcelona,Ahorros,Si,3529,0.21
43029,D-634,Barcelona,Fondo de inversión,No,9422,0.21
43029,C-149,Gavà,Ahorros,Si,11684,0.21
43029,C-914,Gavà,Plan de jubilación,No,8939,0.21
43029,D-752,Gavà,Ahorros,Si,10920,0.21
43029,A-360,Tarragona,Cuenta corriente,No,10818,0.21
43029,D-613,Girona,Plan de jubilación,Si,712,0.21
43029,C-332,Girona,Plan de jubilación,Si,4696,0.21
43029,D-667,Girona,Plan de jubilación,No,12684,0.21
43029,D-741,Girona,Hipoteca,No,558,0.21
43029,B-771,Lleida,Hipoteca,Si,12964,0.21
43029,C-275,Lleida,Cuenta corriente,Si,2633,0.21
43029,B-542,Lleida,Cuenta corriente,Si,6474,0.21
43029,B-989,Lleida,Ahorros,Si,2801,0.21
43029,A-384,Lleida,Cuenta corriente,Si,2955,0.21
43029,C-597,Lleida,Cuenta corriente,Si,11639,0.21
43030,B-721,Barcelona,Fondo de inversión,Si,5211,0.21
43030,A-768,Barcelona,Ahorros,Si,10081,0.21
43030,A-217,Gavà,Plan de jubilación,Si,2930,0.21
43030,B-525,Gavà,Ahorros,No,11457,0.21
43030,C-907,Gavà,Fondo de inversión,Si,13005,0.21
43030,C-893,Tarragona,Cuenta corriente,No,1537,0.21
43030,D-795,Tarragona,Ahorros,No,14115,0.21
43030,B-236,Tarragona,Hipoteca,Si,13131,0.21
43030,A-350,Tarragona,Cuenta corriente,No,14829,0.21
43030,A-340,Girona,Hipoteca,No,9516,0.21
43030,C-276,Lleida,Ahorros,No,888,0.21
43030,A-906,Lleida,Hipoteca,Si,2175,0.21
43030,B-632,Lleida,Cuenta corriente,Si,6945,0.21
43031,A-144,Barcelona,Hipoteca,Si,11991,0.21
43031,A-638,Barcelona,Ahorros,Si,7608,0.21
43031,A-733,Barcelona,Hipoteca,No,8020,0.21
43031,A-745,Gavà,Hipoteca,No,9674,0.21
43031,A-555,Gavà,Fondo de inversión,No,6422,0.21
43031,D-169,Tarragona,Fondo de inversión,Si,11418,0.21
43031,A-507,Tarragona,Plan de jubilación,No,102,0.21
43031,C-861,Tarragona,Hipoteca,No,11925,0.21
43031,B-289,Tarragona,Ahorros,No,1194,0.21
43031,D-884,Girona,Hipoteca,No,4483,0.21
43031,D-438,Lleida,Hipoteca,Si,4906,0.21
43031,A-129,Lleida,Cuenta corriente,No,4459,0.21
43031,B-222,Lleida,Fondo de inversión,No,3326,0.21
43031,A-851,Lleida,Plan de jubilación,No,446,0.21
43032,C-417,Barcelona,Plan de jubilación,No,10913,0.21
43032,B-937,Gavà,Hipoteca,No,6581,0.21
43032,A-260,Tarragona,Fondo de inversión,No,489,0.21
43032,B-753,Tarragona,Hipoteca,Si,11287,0.21
43032,B-538,Lleida,Plan de jubilación,No,8025,0.21
43032,C-280,Lleida,Plan de jubilación,No,1764,0.21
43033,A-870,Barcelona,Ahorros,No,5583,0.21
43033,D-536,Barcelona,Fondo de inversión,Si,3913,0.21
43033,A-472,Barcelona,Ahorros,No,8828,0.21
43033,C-817,Barcelona,Ahorros,No,4292,0.21
43033,A-373,Barcelona,Fondo de inversión,Si,5892,0.21
43033,B-781,Gavà,Cuenta corriente,Si,14440,0.21
43033,A-297,Gavà,Plan de jubilación,No,149,0.21
43033,B-249,Gavà,Hipoteca,No,13046,0.21
43033,B-193,Gavà,Cuenta corriente,Si,9242,0.21
43033,A-284,Gavà,Plan de jubilación,No,9692,0.21
43033,A-305,Tarragona,Hipoteca,No,3743,0.21
43033,A-964,Girona,Ahorros,Si,13038,0.21
43033,C-832,Girona,Ahorros,No,2380,0.21
43033,A-359,Girona,Ahorros,No,6561,0.21
43033,C-811,Lleida,Cuenta corriente,Si,8823,0.21
43033,A-986,Lleida,Cuenta corriente,Si,6020,0.21
43033,A-939,Lleida,Fondo de inversión,No,11337,0.21
43034,A-941,Barcelona,Plan de jubilación,Si,9802,0.21
43034,B-691,Barcelona,Hipoteca,No,5122,0.21
43034,A-708,Gavà,Fondo de inversión,No,3575,0.21
43034,A-752,Girona,Hipoteca,Si,7817,0.21
43034,D-975,Girona,Plan de jubilación,No,8986,0.21
43034,B-756,Girona,Hipoteca,Si,9768,0.21
43034,D-685,Lleida,Hipoteca,No,4444,0.21
43034,D-136,Lleida,Fondo de inversión,No,13449,0.21
43034,D-932,Lleida,Hipoteca,Si,11206,0.21
43034,C-993,Lleida,Cuenta corriente,Si,803,0.21
43035,C-736,Barcelona,Hipoteca,No,9056,0.21
43035,C-901,Barcelona,Hipoteca,Si,5924,0.21
43035,B-507,Barcelona,Fondo de inversión,No,8604,0.21
43035,C-867,Gavà,Hipoteca,No,9979,0.21
43035,D-382,Gavà,Hipoteca,No,2868,0.21
43035,B-351,Gavà,Hipoteca,Si,612,0.21
43035,B-537,Tarragona,Ahorros,No,2494,0.21
43035,C-558,Girona,Hipoteca,Si,7451,0.21
43035,D-287,Girona,Plan de jubilación,No,13257,0.21
43035,B-938,Lleida,Hipoteca,No,1884,0.21
43035,B-534,Lleida,Hipoteca,No,8748,0.21
43036,B-220,Barcelona,Plan de jubilación,Si,6387,0.21
43036,C-932,Gavà,Fondo de inversión,Si,11845,0.21
43036,C-696,Gavà,Hipoteca,Si,4144,0.21
43036,A-418,Gavà,Plan de jubilación,No,4376,0.21
43036,D-541,Gavà,Ahorros,Si,12234,0.21
43036,D-999,Gavà,Hipoteca,Si,8945,0.21
43036,A-240,Tarragona,Fondo de inversión,Si,2402,0.21
43036,A-925,Girona,Fondo de inversión,No,2988,0.21
43036,B-508,Lleida,Hipoteca,Si,5849,0.21
43036,D-203,Lleida,Ahorros,Si,14425,0.21
43037,C-711,Barcelona,Ahorros,Si,12319,0.21
43037,B-736,Gavà,Cuenta corriente,Si,8256,0.21
43037,A-253,Gavà,Hipoteca,No,14623,0.21
43037,C-493,Gavà,Hipoteca,Si,10828,0.21
43037,C-573,Tarragona,Hipoteca,Si,728,0.21
43037,B-621,Girona,Ahorros,No,11192,0.21
43037,B-965,Girona,Ahorros,No,1685,0.21
43037,A-991,Girona,Fondo de inversión,No,11764,0.21
43037,A-875,Girona,Ahorros,No,10555,0.21
43037,C-885,Lleida,Plan de jubilación,No,10875,0.21
43037,D-476,Lleida,Fondo de inversión,Si,13099,0.21
43038,B-584,Barcelona,Plan de jubilación,No,3152,0.21
43038,C-634,Barcelona,Cuenta corriente,No,7028,0.21
43038,B-223,Barcelona,Cuenta corriente,Si,14105,0.21
43038,B-760,Gavà,Cuenta corriente,No,2522,0.21
43038,A-321,Gavà,Plan de jubilación,Si,9158,0.21
43038,A-169,Tarragona,Ahorros,Si,6504,0.21
43038,B-488,Tarragona,Hipoteca,No,1445,0.21
43038,D-739,Girona,Hipoteca,No,9219,0.21
43038,C-521,Girona,Ahorros,Si,13753,0.21
43038,B-864,Lleida,Plan de jubilación,Si,4237,0.21
43038,A-921,Lleida,Cuenta corriente,Si,13762,0.21
43039,A-164,Barcelona,Fondo de inversión,No,8438,0.21
43039,B-307,Gavà,Hipoteca,No,8192,0.21
43039,B-248,Gavà,Plan de jubilación,No,13188,0.21
43039,B-427,Gavà,Fondo de inversión,Si,13208,0.21
43039,D-426,Gavà,Cuenta corriente,Si,2832,0.21
43039,D-781,Tarragona,Plan de jubilación,Si,6797,0.21
43039,C-558,Tarragona,Ahorros,Si,7395,0.21
43039,C-238,Tarragona,Plan de jubilación,Si,705,0.21
43039,C-686,Tarragona,Hipoteca,Si,8001,0.21
43039,B-918,Lleida,Cuenta corriente,No,6801,0.21
43039,A-783,Lleida,Ahorros,No,7325,0.21
43039,B-480,Lleida,Ahorros,Si,12358,0.21
43040,D-407,Barcelona,Cuenta corriente,Si,11475,0.21
43040,A-325,Barcelona,Fondo de inversión,No,14364,0.21
43040,C-537,Gavà,Fondo de inversión,Si,9676,0.21
43040,D-127,Gavà,Hipoteca,Si,13349,0.21
43040,D-556,Tarragona,Hipoteca,No,14848,0.21
43040,D-235,Tarragona,Hipoteca,No,10823,0.21
43040,A-367,Tarragona,Hipoteca,Si,6867,0.21
43040,D-750,Girona,Fondo de inversión,No,9138,0.21
43040,A-388,Girona,Cuenta corriente,Si,11219,0.21
43040,D-276,Girona,Plan de jubilación,No,8692,0.21
43040,A-458,Lleida,Fondo de inversión,No,7644,0.21
43040,B-207,Lleida,Fondo de inversión,No,14891,0.21
43040,A-227,Lleida,Plan de jubilación,Si,11353,0.21
43041,D-620,Barcelona,Fondo de inversión,Si,10557,0.21
43041,C-375,Gavà,Hipoteca,No,4559,0.21
43041,A-659,Tarragona,Fondo de inversión,No,4372,0.21
43041,B-995,Tarragona,Plan de jubilación,Si,9787,0.21
43041,A-892,Girona,Cuenta corriente,No,5038,0.21
43041,B-696,Lleida,Hipoteca,Si,7256,0.21
43042,D-730,Barcelona,Plan de jubilación,Si,14597,0.21
43042,A-706,Barcelona,Hipoteca,No,4386,0.21
43042,C-731,Barcelona,Hipoteca,Si,10448,0.21
43042,A-985,Barcelona,Plan de jubilación,No,3022,0.21
43042,C-366,Gavà,Cuenta corriente,Si,4016,0.21
43042,A-776,Tarragona,Ahorros,Si,7454,0.21
43042,D-118,Lleida,Plan de jubilación,No,5912,0.21
43043,B-448,Barcelona,Hipoteca,Si,11786,0.21
43043,A-945,Gavà,Ahorros,Si,11317,0.21
43043,C-227,Tarragona,Ahorros,Si,8131,0.21
43043,C-530,Tarragona,Ahorros,No,6143,0.21
43043,B-470,Girona,Plan de jubilación,Si,7992,0.21
43043,D-922,Girona,Hipoteca,No,12639,0.21
43043,A-279,Girona,Fondo de inversión,No,2176,0.21
43043,C-489,Lleida,Fondo de inversión,Si,12605,0.21
43043,D-756,Lleida,Fondo de inversión,Si,8958,0.21
43044,C-622,Barcelona,Fondo de inversión,No,7127,0.21
43044,D-953,Barcelona,Fondo de inversión,No,12763,0.21
43044,D-669,Barcelona,Cuenta corriente,No,12155,0.21
43044,B-603,Barcelona,Fondo de inversión,Si,6137,0.21
43044,C-516,Barcelona,Plan de jubilación,No,5389,0.21
43044,B-247,Barcelona,Fondo de inversión,Si,14663,0.21
43044,D-248,Gavà,Hipoteca,No,6633,0.21
43044,D-110,Gavà,Plan de jubilación,Si,6565,0.21
43044,B-571,Tarragona,Ahorros,No,6184,0.21
43044,C-918,Tarragona,Cuenta corriente,No,14412,0.21
43044,B-918,Tarragona,Hipoteca,Si,2818,0.21
43044,B-971,Tarragona,Cuenta corriente,Si,4317,0.21
43044,D-371,Tarragona,Plan de jubilación,No,323,0.21
43044,C-185,Girona,Hipoteca,No,14548,0.21
43044,D-627,Lleida,Ahorros,No,12499,0.21
43045,D-369,Barcelona,Fondo de inversión,Si,13997,0.21
43045,B-803,Barcelona,Cuenta corriente,No,2336,0.21
43045,A-341,Gavà,Fondo de inversión,Si,10893,0.21
43045,C-474,Gavà,Ahorros,No,422,0.21
43045,D-897,Gavà,Ahorros,No,4823,0.21
43045,C-116,Tarragona,Fondo de inversión,No,14422,0.21
43045,D-220,Tarragona,Hipoteca,No,7873,0.21
43045,C-185,Tarragona,Hipoteca,No,130,0.21
43045,B-248,Girona,Fondo de inversión,Si,9978,0.21
43045,C-169,Girona,Fondo de inversión,Si,13062,0.21
43045,A-875,Girona,Fondo de inversión,Si,14466,0.21
43045,C-112,Lleida,Cuenta corriente,Si,5299,0.21
43045,A-154,Lleida,Cuenta corriente,No,13212,0.21
43045,C-562,Lleida,Hipoteca,No,9811,0.21
43046,A-271,Barcelona,Cuenta corriente,Si,10220,0.21
43046,A-612,Barcelona,Fondo de inversión,Si,3547,0.21
43046,C-437,Barcelona,Plan de jubilación,Si,4521,0.21
43046,B-118,Gavà,Hipoteca,Si,9361,0.21
43046,A-495,Gavà,Fondo de inversión,No,12379,0.21
43046,D-885,Tarragona,Cuenta corriente,No,1858,0.21
43046,D-376,Tarragona,Ahorros,Si,8166,0.21
43046,D-686,Tarragona,Plan de jubilación,Si,13736,0.21
43046,A-127,Girona,Fondo de inversión,Si,10676,0.21
43046,A-222,Girona,Fondo de inversión,No,14859,0.21
43046,C-912,Girona,Ahorros,Si,1236,0.21
43046,B-656,Lleida,Hipoteca,Si,3068,0.21
43046,C-746,Lleida,Ahorros,Si,2897,0.21
43046,B-626,Lleida,Hipoteca,Si,5836,0.21
43046,A-925,Lleida,Cuenta corriente,Si,9900,0.21
43047,C-508,Barcelona,Plan de jubilación,Si,13952,0.21
43047,A-964,Barcelona,Cuenta corriente,Si,14304,0.21
43047,C-215,Barcelona,Hipoteca,Si,11993,0.21
43047,B-302,Barcelona,Cuenta corriente,Si,2397,0.21
43047,C-621,Gavà,Plan de jubilación,No,349,0.21
43047,C-848,Gavà,Ahorros,No,10576,0.21
43047,B-437,Gavà,Hipoteca,No,13441,0.21
43047,D-866,Tarragona,Plan de jubilación,No,8099,0.21
43047,A-774,Tarragona,Fondo de inversión,Si,4596,0.21
43047,A-668,Tarragona,Plan de jubilación,No,9937,0.21
43047,D-502,Tarragona,Plan de jubilación,Si,2776,0.21
43047,B-206,Tarragona,Ahorros,Si,10915,0.21
43047,A-583,Tarragona,Ahorros,Si,13143,0.21
43047,A-420,Girona,Cuenta corriente,No,12139,0.21
43047,A-638,Girona,Hipoteca,Si,8830,0.21
43047,D-456,Girona,Ahorros,Si,3055,0.21
43047,A-204,Lleida,Cuenta corriente,No,9715,0.21
43047,B-840,Lleida,Plan de jubilación,Si,11625,0.21
43048,B-767,Barcelona,Cuenta corriente,Si,2506,0.21
43048,B-247,Barcelona,Plan de jubilación,Si,647,0.21
43048,B-946,Gavà,Plan de jubilación,No,4358,0.21
43048,C-109,Gavà,Fondo de inversión,No,6827,0.21
43048,A-598,Gavà,Fondo de inversión,Si,10557,0.21
43048,A-819,Gavà,Ahorros,Si,1247,0.21
43048,D-107,Tarragona,Plan de jubilación,Si,6040,0.21
43048,A-765,Girona,Fondo de inversión,Si,1596,0.21
43048,A-874,Girona,Plan de jubilación,Si,695,0.21
43048,B-230,Girona,Hipoteca,Si,5023,0.21
43048,D-776,Lleida,Fondo de inversión,Si,12015,0.21
43048,C-620,Lleida,Plan de jubilación,Si,1989,0.21
43049,B-535,Barcelona,Fondo de inversión,No,688,0.21
43049,D-749,Barcelona,Plan de jubilación,No,10624,0.21
43049,A-887,Barcelona,Plan de jubilación,No,4592,0.21
43049,C-149,Barcelona,Ahorros,No,4148,0.21
43049,C-898,Tarragona,Fondo de inversión,No,13342,0.21
43049,A-754,Tarragona,Cuenta corriente,Si,5680,0.21
43049,B-180,Girona,Ahorros,No,13362,0.21
43049,D-833,Girona,Fondo de inversión,No,2652,0.21
43049,D-504,Girona,Ahorros,Si,2016,0.21
43049,B-217,Girona,Cuenta corriente,No,13416,0.21
43049,A-464,Lleida,Cuenta corriente,No,14353,0.21
43049,B-528,Lleida,Fondo de inversión,No,6226,0.21
43050,D-599,Barcelona,Ahorros,Si,12866,0.21
43050,C-407,Barcelona,Cuenta corriente,Si,2953,0.21
43050,A-563,Barcelona,Cuenta corriente,No,1182,0.21
43050,A-849,Barcelona,Cuenta corriente,Si,1783,0.21
43050,B-796,Tarragona,Fondo de inversión,Si,13543,0.21
43050,B-866,Tarragona,Fondo de inversión,Si,3498,0.21
43050,C-237,Tarragona,Hipoteca,No,8935,0.21
43050,B-929,Tarragona,Plan de jubilación,No,2615,0.21
43050,C-241,Tarragona,Ahorros,Si,4612,0.21
43050,C-657,Tarragona,Hipoteca,Si,11038,0.21
43050,D-155,Girona,Hipoteca,No,11558,0.21
43050,C-223,Girona,Fondo de inversión,No,5792,0.21
43050,B-105,Girona,Plan de jubilación,Si,2018,0.21
43050,C-942,Girona,Cuenta corriente,No,329,0.21
43050,A-569,Girona,Cuenta corriente,No,12960,0.21
43050,C-433,Lleida,Ahorros,No,10220,0.21
43050,D-603,Lleida,Hipoteca,Si,4084,0.21
43051,A-426,Barcelona,Ahorros,Si,12539,0.21
43051,B-372,Barcelona,Cuenta corriente,Si,3433,0.21
43051,A-614,Barcelona,Ahorros,No,14658,0.21
43051,D-589,Barcelona,Ahorros,Si,14200,0.21
43051,A-586,Barcelona,Hipoteca,Si,13746,0.21
43051,D-325,Gavà,Ahorros,Si,491,0.21
43051,B-929,Gavà,Plan de jubilación,Si,10565,0.21
43051,D-563,Gavà,Plan de jubilación,No,12508,0.21
43051,D-600,Gavà,Cuenta corriente,No,6345,0.21
43051,D-608,Gavà,Hipoteca,No,9802,0.21
43051,A-796,Tarragona,Hipoteca,No,4306,0.21
43051,A-954,Tarragona,Ahorros,No,9033,0.21
43051,A-123,Tarragona,Hipoteca,No,8437,0.21
43051,A-642,Tarragona,Hipoteca,No,10458,0.21
43051,C-101,Tarragona,Hipoteca,Si,4899,0.21
43051,C-774,Girona,Hipoteca,No,11816,0.21
43051,B-276,Girona,Hipoteca,No,1256,0.21
43051,A-326,Girona,Plan de jubilación,No,4807,0.21
43051,B-936,Girona,Plan de jubilación,No,417,0.21
43051,A-888,Lleida,Cuenta corriente,Si,10430,0.21
43051,C-910,Lleida,Fondo de inversión,No,10391,0.21
43052,D-889,Barcelona,Plan de jubilación,Si,10259,0.21
43052,B-479,Barcelona,Cuenta corriente,No,12931,0.21
43052,C-305,Barcelona,Cuenta corriente,Si,2153,0.21
43052,C-884,Tarragona,Plan de jubilación,Si,14909,0.21
43052,A-940,Tarragona,Hipoteca,Si,8078,0.21
43052,D-260,Girona,Fondo de inversión,No,13233,0.21
43052,B-501,Girona,Ahorros,No,1211,0.21
43052,B-146,Lleida,Ahorros,Si,13749,0.21
43052,B-669,Lleida,Plan de jubilación,Si,9663,0.21
43053,A-433,Barcelona,Fondo de inversión,Si,2692,0.21
43053,D-408,Girona,Fondo de inversión,Si,9084,0.21
43053,B-175,Girona,Fondo de inversión,No,4779,0.21
43053,D-532,Girona,Hipoteca,Si,6077,0.21
43053,A-216,Girona,Cuenta corriente,Si,9488,0.21
43053,D-483,Girona,Plan de jubilación,No,7858,0.21
43053,D-704,Girona,Cuenta corriente,No,6384,0.21
43053,D-928,Girona,Fondo de inversión,Si,4745,0.21
43053,B-692,Lleida,Cuenta corriente,Si,11237,0.21
43053,D-271,Lleida,Hipoteca,No,13763,0.21
43054,A-719,Barcelona,Plan de jubilación,No,2619,0.21
43054,B-501,Barcelona,Hipoteca,No,6230,0.21
43054,D-617,Barcelona,Ahorros,Si,5496,0.21
43054,B-417,Barcelona,Ahorros,No,1090,0.21
43054,C-306,Gavà,Fondo de inversión,Si,1138,0.21
43054,A-137,Gavà,Hipoteca,Si,5845,0.21
43054,A-400,Tarragona,Cuenta corriente,No,3027,0.21
43054,C-942,Girona,Hipoteca,No,13908,0.21
43054,B-494,Girona,Plan de jubilación,No,439,0.21
43054,C-823,Girona,Hipoteca,No,12192,0.21
43054,D-477,Girona,Hipoteca,No,10074,0.21
43054,B-318,Lleida,Plan de jubilación,Si,6697,0.21
43055,C-665,Barcelona,Cuenta corriente,No,8713,0.21
43055,D-436,Barcelona,Cuenta corriente,Si,10960,0.21
43055,C-220,Gavà,Fondo de inversión,No,6276,0.21
43055,B-747,Gavà,Hipoteca,No,5176,0.21
43055,B-308,Tarragona,Hipoteca,Si,4409,0.21
43055,B-519,Tarragona,Cuenta corriente,No,13083,0.21
43055,C-830,Tarragona,Plan de jubilación,No,1786,0.21
43055,C-894,Tarragona,Plan de jubilación,No,3381,0.21
43055,A-814,Girona,Ahorros,No,6219,0.21
43055,A-923,Lleida,Cuenta corriente,No,3071,0.21
43056,A-353,Barcelona,Cuenta corriente,No,2608,0.21
43056,A-135,Barcelona,Hipoteca,Si,9544,0.21
43056,A-925,Barcelona,Hipoteca,Si,4827,0.21
43056,D-965,Gavà,Ahorros,Si,8285,0.21
43056,C-588,Gavà,Fondo de inversión,No,6761,0.21
43056,C-572,Gavà,Fondo de inversión,No,1237,0.21
43056,C-486,Gavà,Fondo de inversión,No,9330,0.21
43056,D-476,Tarragona,Ahorros,Si,7853,0.21
43056,A-226,Girona,Hipoteca,Si,1650,0.21
43056,D-384,Girona,Hipoteca,No,6301,0.21
43056,C-683,Girona,Cuenta corriente,No,13945,0.21
43056,C-628,Girona,Plan de jubilación,No,10932,0.21
43056,A-559,Lleida,Fondo de inversión,No,5406,0.21
43056,D-307,Lleida,Fondo de inversión,No,10890,0.21
43056,C-954,Lleida,Cuenta corriente,Si,3625,0.21
43057,A-385,Barcelona,Plan de jubilación,Si,6280,0.21
43057,C-330,Barcelona,Ahorros,No,1789,0.21
43057,B-670,Gavà,Cuenta corriente,Si,8704,0.21
43057,D-229,Tarragona,Ahorros,Si,13160,0.21
43057,A-938,Tarragona,Hipoteca,No,3892,0.21
43057,B-590,Tarragona,Fondo de inversión,No,11988,0.21
43057,D-111,Girona,Ahorros,No,10980,0.21
43057,D-673,Girona,Hipoteca,Si,377,0.21
43057,C-412,Girona,Hipoteca,Si,12712,0.21
43058,C-436,Barcelona,Cuenta corriente,No,4132,0.21
43058,C-788,Gavà,Cuenta corriente,No,11838,0.21
43058,B-365,Gavà,Ahorros,No,2439,0.21
43058,B-318,Tarragona,Ahorros,Si,13638,0.21
43058,B-317,Tarragona,Ahorros,No,4995,0.21
43058,A-176,Tarragona,Plan de jubilación,Si,6417,0.21
43058,C-234,Tarragona,Plan de jubilación,Si,9320,0.21
43058,C-111,Girona,Cuenta corriente,Si,14808,0.21
43058,C-999,Girona,Ahorros,No,10817,0.21
43058,A-948,Girona,Cuenta corriente,No,12819,0.21
43058,B-256,Girona,Hipoteca,Si,2186,0.21
43058,B-587,Girona,Cuenta corriente,Si,6319,0.21
43058,A-665,Lleida,Hipoteca,Si,7870,0.21
43058,A-446,Lleida,Hipoteca,No,6484,0.21
43058,D-297,Lleida,Hipoteca,No,5709,0.21
43058,C-332,Lleida,Plan de jubilación,No,12489,0.21
43058,B-338,Lleida,Ahorros,Si,14188,0.21
43058,C-541,Lleida,Hipoteca,Si,13129,0.21
43059,C-712,Barcelona,Hipoteca,Si,3121,0.21
43059,D-332,Barcelona,Hipoteca,No,336,0.21
43059,A-808,Barcelona,Cuenta corriente,No,9585,0.21
43059,A-332,Barcelona,Hipoteca,No,11732,0.21
43059,C-188,Gavà,Fondo de inversión,Si,4858,0.21
43059,D-683,Gavà,Hipoteca,No,8593,0.21
43059,C-933,Tarragona,Fondo de inversión,Si,4671,0.21
43059,C-942,Tarragona,Ahorros,No,13451,0.21
43059,C-606,Tarragona,Fondo de inversión,No,841,0.21
43059,B-911,Tarragona,Cuenta corriente,Si,4721,0.21
43059,D-518,Tarragona,Plan de jubilación,Si,9139,0.21
43059,A-452,Tarragona,Hipoteca,No,2865,0.21
43059,A-739,Girona,Hipoteca,No,14973,0.21
43059,A-358,Lleida,Fondo de inversión,Si,9265,0.21
43059,B-665,Lleida,Ahorros,Si,1392,0.21
43059,C-431,Lleida,Cuenta corriente,Si,13269,0.21
43060,A-622,Barcelona,Hipoteca,No,9393,0.21
43060,A-698,Barcelona,Fondo de inversión,Si,5960,0.21
43060,D-950,Gavà,Plan de jubilación,No,3397,0.21
43060,A-225,Gavà,Plan de jubilación,No,7994,0.21
43060,C-376,Gavà,Plan de jubilación,Si,11961,0.21
43060,D-974,Gavà,Cuenta corriente,No,11853,0.21
43060,A-513,Gavà,Hipoteca,No,14819,0.21
43060,B-420,Tarragona,Hipoteca,Si,373,0.21
43060,C-293,Tarragona,Plan de jubilación,Si,957,0.21
43060,A-752,Tarragona,Fondo de inversión,No,2484,0.21
43060,C-133,Tarragona,Ahorros,No,12828,0.21
43060,D-864,Tarragona,Plan de jubilación,No,7462,0.21
43060,B-282,Tarragona,Hipoteca,No,12868,0.21
43060,C-944,Tarragona,Ahorros,No,12373,0.21
43060,A-857,Tarragona,Ahorros,Si,10948,0.21
43060,B-313,Tarragona,Ahorros,Si,12162,0.21
43060,B-108,Girona,Hipoteca,Si,12011,0.21
43060,C-720,Girona,Fondo de inversión,Si,14846,0.21
43060,A-261,Lleida,Hipoteca,No,14988,0.21
43060,C-520,Lleida,Fondo de inversión,Si,837,0.21
43060,B-607,Lleida,Cuenta corriente,Si,12348,0.21
43061,C-555,Barcelona,Plan de jubilación,No,5341,0.21
43061,C-537,Gavà,Hipoteca,No,1403,0.21
43061,C-550,Gavà,Ahorros,Si,8964,0.21
43061,C-764,Gavà,Ahorros,No,835,0.21
43061,A-591,Gavà,Plan de jubilación,No,2769,0.21
43061,B-812,Gavà,Fondo de inversión,No,2075,0.21
43061,B-146,Gavà,Ahorros,Si,4630,0.21
43061,D-457,Tarragona,Hipoteca,No,12845,0.21
43061,B-293,Tarragona,Ahorros,No,8856,0.21
43061,B-549,Girona,Cuenta corriente,No,7816,0.21
43061,A-244,Girona,Hipoteca,No,939,0.21
43061,D-942,Girona,Ahorros,Si,11664,0.21
43061,C-777,Girona,Fondo de inversión,Si,6134,0.21
43061,A-651,Lleida,Ahorros,No,14552,0.21
43062,B-408,Tarragona,Hipoteca,Si,14521,0.21
43062,D-721,Tarragona,Plan de jubilación,Si,6183,0.21
43062,C-632,Girona,Fondo de inversión,Si,1347,0.21
43062,B-891,Girona,Fondo de inversión,Si,12219,0.21
43062,C-537,Girona,Hipoteca,Si,7225,0.21
43062,D-312,Lleida,Hipoteca,Si,9726,0.21
43063,C-613,Barcelona,Plan de jubilación,No,8308,0.21
43063,A-998,Barcelona,Plan de jubilación,Si,14276,0.21
43063,B-717,Barcelona,Ahorros,Si,5129,0.21
43063,A-426,Gavà,Cuenta corriente,No,12548,0.21
43063,C-910,Gavà,Cuenta corriente,Si,1865,0.21
43063,A-778,Gavà,Ahorros,Si,8620,0.21
43063,A-504,Tarragona,Cuenta corriente,No,10149,0.21
43063,C-412,Tarragona,Cuenta corriente,No,7738,0.21
43063,D-732,Girona,Cuenta corriente,No,7299,0.21
43063,C-276,Girona,Ahorros,Si,6542,0.21
43063,D-127,Girona,Hipoteca,Si,12855,0.21
43063,D-945,Lleida,Hipoteca,No,8901,0.21
43063,A-407,Lleida,Ahorros,Si,5377,0.21
43064,C-614,Barcelona,Ahorros,No,5473,0.21
43064,D-295,Barcelona,Plan de jubilación,No,14235,0.21
43064,C-791,Gavà,Fondo de inversión,No,13982,0.21
43064,C-800,Gavà,Plan de jubilación,No,10648,0.21
43064,A-745,Gavà,Hipoteca,No,3915,0.21
43064,A-599,Gavà,Fondo de inversión,Si,8998,0.21
43064,C-213,Gavà,Ahorros,Si,6197,0.21
43064,D-258,Tarragona,Fondo de inversión,No,10602,0.21
43064,A-448,Girona,Hipoteca,Si,5639,0.21
43064,A-522,Lleida,Cuenta corriente,Si,14291,0.21
43064,C-544,Lleida,Ahorros,No,187,0.21
43064,C-255,Lleida,Ahorros,Si,7255,0.21
43064,C-901,Lleida,Cuenta corriente,No,2793,0.21
43065,C-614,Barcelona,Hipoteca,Si,967,0.21
43065,A-985,Barcelona,Ahorros,No,8524,0.21
43065,C-377,Gavà,Fondo de inversión,No,9477,0.21
43065,A-467,Gavà,Ahorros,Si,11670,0.21
43065,C-518,Tarragona,Cuenta corriente,No,12904,0.21
43065,D-986,Tarragona,Plan de jubilación,No,9667,0.21
43065,B-704,Tarragona,Plan de jubilación,No,10554,0.21
43065,A-224,Girona,Hipoteca,No,11556,0.21
43065,B-578,Girona,Hipoteca,No,1763,0.21
43065,B-237,Girona,Cuenta corriente,No,11054,0.21
43065,C-555,Girona,Plan de jubilación,Si,13307,0.21
43065,C-558,Lleida,Fondo de inversión,Si,14494,0.21
43065,A-978,Lleida,Fondo de inversión,No,6042,0.21
43065,C-776,Lleida,Plan de jubilación,No,12925,0.21
43066,C-363,Gavà,Cuenta corriente,No,741,0.21
43066,A-289,Tarragona,Cuenta corriente,No,13647,0.21
43066,A-681,Girona,Hipoteca,Si,10998,0.21
43066,B-208,Girona,Ahorros,Si,2307,0.21
43066,C-655,Lleida,Cuenta corriente,Si,9499,0.21
43066,C-735,Lleida,Plan de jubilación,Si,4426,0.21
43066,B-594,Lleida,Plan de jubilación,Si,14914,0.21
43066,C-546,Lleida,Hipoteca,No,9933,0.21
43067,A-488,Barcelona,Cuenta corriente,Si,14119,0.21
43067,A-112,Barcelona,Ahorros,No,10325,0.21
43067,C-497,Barcelona,Hipoteca,Si,5196,0.21
43067,C-162,Barcelona,Plan de jubilación,Si,13422,0.21
43067,D-438,Barcelona,Hipoteca,Si,5116,0.21
43067,C-929,Barcelona,Plan de jubilación,No,8792,0.21
43067,C-202,Gavà,Plan de jubilación,Si,6754,0.21
43067,D-803,Gavà,Hipoteca,Si,6370,0.21
43067,A-196,Tarragona,Cuenta corriente,Si,12215,0.21
43067,D-109,Tarragona,Ahorros,No,11020,0.21
43067,C-614,Girona,Fondo de inversión,Si,3604,0.21
43067,C-991,Girona,Fondo de inversión,Si,2273,0.21
43067,B-497,Lleida,Plan de jubilación,No,14537,0.21
43067,D-765,Lleida,Fondo de inversión,No,7349,0.21
43068,D-951,Barcelona,Ahorros,Si,12481,0.21
43068,A-947,Barcelona,Ahorros,No,4400,0.21
43068,C-846,Barcelona,Plan de jubilación,Si,9201,0.21
43068,D-968,Barcelona,Hipoteca,Si,11032,0.21
43068,B-845,Gavà,Cuenta corriente,No,10829,0.21
43068,A-466,Gavà,Plan de jubilación,Si,6202,0.21
43068,D-959,Gavà,Fondo de inversión,Si,1921,0.21
43068,A-374,Tarragona,Hipoteca,No,1842,0.21
43068,A-995,Tarragona,Hipoteca,Si,2123,0.21
43068,C-561,Tarragona,Ahorros,No,212,0.21
43068,B-588,Girona,Hipoteca,No,11989,0.21
43068,B-378,Lleida,Hipoteca,Si,6860,0.21
43068,D-935,Lleida,Plan de jubilación,Si,13537,0.21
43068,C-541,Lleida,Fondo de inversión,No,5645,0.21
43068,B-483,Lleida,Cuenta corriente,No,11787,0.21
43068,A-587,Lleida,Ahorros,No,12583,0.21
43069,D-741,Barcelona,Cuenta corriente,Si,10108,0.21
43069,C-378,Barcelona,Plan de jubilación,No,3795,0.21
43069,D-998,Barcelona,Plan de jubilación,No,10426,0.21
43069,D-762,Gavà,Plan de jubilación,No,1985,0.21
43069,B-369,Gavà,Hipoteca,Si,11317,0.21
43069,D-584,Tarragona,Plan de jubilación,Si,2228,0.21
43069,B-880,Tarragona,Hipoteca,No,8286,0.21
43069,A-727,Girona,Cuenta corriente,No,9333,0.21
43070,C-497,Gavà,Ahorros,Si,1700,0.21
43070,A-346,Gavà,Plan de jubilación,No,13480,0.21
43070,C-711,Gavà,Ahorros,Si,4869,0.21
43070,D-283,Gavà,Plan de jubilación,Si,4203,0.21
43070,B-974,Tarragona,Hipoteca,Si,7179,0.21
43070,D-479,Tarragona,Ahorros,No,9601,0.21
43070,B-400,Tarragona,Ahorros,Si,8411,0.21
43070,D-297,Girona,Plan de jubilación,Si,4291,0.21
43070,C-194,Girona,Ahorros,Si,5873,0.21
43070,B-734,Lleida,Ahorros,No,6814,0.21
43070,B-776,Lleida,Cuenta corriente,Si,2398,0.21
43070,B-816,Lleida,Plan de jubilación,Si,7874,0.21
43070,D-701,Lleida,Hipoteca,No,12922,0.21
43071,A-940,Barcelona,Cuenta corriente,Si,14739,0.21
43071,B-508,Gavà,Plan de jubilación,Si,11158,0.21
43071,D-519,Gavà,Plan de jubilación,Si,10224,0.21
43071,D-249,Gavà,Cuenta corriente,No,12241,0.21
43071,A-658,Gavà,Plan de jubilación,No,1334,0.21
43071,C-711,Tarragona,Hipoteca,No,9649,0.21
43071,B-972,Tarragona,Cuenta corriente,No,1775,0.21
43071,A-614,Tarragona,Hipoteca,No,5362,0.21
43071,A-291,Tarragona,Plan de jubilación,Si,6027,0.21
43071,C-993,Tarragona,Ahorros,Si,10917,0.21
43071,B-975,Girona,Cuenta corriente,Si,13714,0.21
43071,D-921,Girona,Hipoteca,No,10637,0.21
43071,A-125,Girona,Ahorros,No,1969,0.21
43071,B-509,Girona,Plan de jubilación,No,3982,0.21
43071,D-179,Lleida,Hipoteca,Si,10914,0.21
43071,D-200,Lleida,Ahorros,No,9064,0.21
43071,B-363,Lleida,Plan de jubilación,No,11697,0.21
43072,C-973,Barcelona,Fondo de inversión,No,2184,0.21
43072,A-982,Gavà,Ahorros,Si,5637,0.21
43072,B-325,Tarragona,Fondo de inversión,Si,11328,0.21
43072,A-396,Tarragona,Fondo de inversión,No,13731,0.21
43072,D-765,Tarragona,Fondo de inversión,Si,13407,0.21
43072,A-459,Girona,Plan de jubilación,Si,2732,0.21
43072,A-152,Girona,Hipoteca,Si,13685,0.21
43072,A-165,Lleida,Cuenta corriente,No,1549,0.21
43072,D-732,Lleida,Hipoteca,No,8056,0.21
43072,D-958,Lleida,Hipoteca,Si,3197,0.21
43073,C-675,Barcelona,Cuenta corriente,Si,4016,0.21
43073,C-312,Barcelona,Hipoteca,No,9862,0.21
43073,B-331,Barcelona,Fondo de inversión,Si,10256,0.21
43073,D-340,Barcelona,Cuenta corriente,No,12669,0.21
43073,B-822,Barcelona,Cuenta corriente,No,3366,0.21
43073,B-671,Gavà,Plan de jubilación,No,5807,0.21
43073,A-321,Gavà,Plan de jubilación,No,13331,0.21
43073,D-242,Gavà,Fondo de inversión,No,3722,0.21
43073,B-462,Gavà,Cuenta corriente,No,7906,0.21
43073,B-860,Gavà,Hipoteca,No,12214,0.21
43073,A-977,Tarragona,Fondo de inversión,Si,8690,0.21
43073,A-883,Tarragona,Ahorros,No,8967,0.21
43073,B-933,Tarragona,Hipoteca,No,8822,0.21
43073,B-101,Girona,Fondo de inversión,No,11651,0.21
43073,D-448,Girona,Hipoteca,Si,2730,0.21
43073,A-568,Girona,Ahorros,Si,14724,0.21
43073,C-580,Lleida,Plan de jubilación,No,7208,0.21
43073,C-829,Lleida,Ahorros,Si,9036,0.21
43074,C-921,Barcelona,Cuenta corriente,No,11502,0.21
43074,A-691,Barcelona,Cuenta corriente,Si,8327,0.21
43074,A-119,Gavà,Ahorros,Si,6168,0.21
43074,B-435,Gavà,Plan de jubilación,No,11974,0.21
43074,C-468,Gavà,Plan de jubilación,No,12720,0.21
43074,A-742,Gavà,Plan de jubilación,Si,7117,0.21
43074,D-804,Tarragona,Fondo de inversión,No,13007,0.21
43074,B-590,Tarragona,Hipoteca,No,2880,0.21
43074,B-653,Girona,Fondo de inversión,No,4656,0.21
43074,B-340,Girona,Fondo de inversión,Si,843,0.21
43074,A-926,Girona,Hipoteca,No,11245,0.21
43074,A-262,Girona,Plan de jubilación,Si,1084,0.21
43074,B-666,Girona,Plan de jubilación,No,14694,0.21
43074,C-310,Girona,Plan de jubilación,Si,2300,0.21
43074,A-760,Girona,Ahorros,Si,7999,0.21
43074,C-849,Girona,Fondo de inversión,No,2701,0.21
43074,C-887,Lleida,Hipoteca,No,13177,0.21
43074,A-191,Lleida,Cuenta corriente,No,11584,0.21
43074,B-137,Lleida,Cuenta corriente,Si,11077,0.21
43074,D-743,Lleida,Fondo de inversión,No,7560,0.21
43074,D-434,Lleida,Ahorros,Si,3375,0.21
43074,B-711,Lleida,Plan de jubilación,No,11763,0.21
43075,D-174,Barcelona,Plan de jubilación,Si,3818,0.21
43075,C-105,Barcelona,Plan de jubilación,No,8864,0.21
43075,C-293,Barcelona,Plan de jubilación,Si,695,0.21
43075,A-563,Barcelona,Cuenta corriente,Si,13491,0.21
43075,D-219,Gavà,Fondo de inversión,No,231,0.21
43075,A-858,Gavà,Hipoteca,Si,11622,0.21
43075,B-879,Tarragona,Cuenta corriente,Si,4695,0.21
43075,D-149,Tarragona,Fondo de inversión,Si,11314,0.21
43075,C-960,Girona,Hipoteca,No,7385,0.21
43075,A-627,Girona,Cuenta corriente,Si,11459,0.21
43075,A-363,Girona,Hipoteca,Si,2227,0.21
43075,D-790,Girona,Hipoteca,Si,8732,0.21
43075,A-522,Girona,Hipoteca,Si,11316,0.21
43075,C-561,Lleida,Fondo de inversión,No,11772,0.21
43075,B-983,Lleida,Hipoteca,Si,8806,0.21
43076,C-981,Barcelona,Plan de jubilación,No,9017,0.21
43076,A-768,Barcelona,Hipoteca,Si,10680,0.21
43076,D-894,Gavà,Hipoteca,Si,7603,0.21
43076,C-812,Girona,Ahorros,No,13990,0.21
43076,A-483,Girona,Cuenta corriente,Si,13941,0.21
43076,B-658,Girona,Cuenta corriente,No,4284,0.21
43076,C-226,Lleida,Cuenta corriente,No,8976,0.21
43076,A-161,Lleida,Cuenta corriente,Si,493,0.21
43076,B-645,Lleida,Ahorros,No,1994,0.21
43076,B-120,Lleida,Hipoteca,No,9049,0.21
43076,C-709,Lleida,Ahorros,No,12904,0.21
43077,B-837,Barcelona,Cuenta corriente,Si,9971,0.21
43077,D-810,Gavà,Plan de jubilación,Si,3234,0.21
43077,B-388,Gavà,Fondo de inversión,Si,1978,0.21
43077,B-680,Tarragona,Cuenta corriente,Si,7796,0.21
43077,C-106,Girona,Hipoteca,No,9265,0.21
43077,C-911,Lleida,Hipoteca,Si,5366,0.21
43077,C-687,Lleida,Plan de jubilación,No,4532,0.21
43077,B-702,Lleida,Plan de jubilación,Si,4784,0.21
43077,C-805,Lleida,Plan de jubilación,Si,11293,0.21
43077,D-336,Lleida,Hipoteca,Si,14707,0.21
43078,B-854,Barcelona,Hipoteca,No,4745,0.21
43078,A-445,Barcelona,Ahorros,Si,8749,0.21
43078,D-707,Barcelona,Fondo de inversión,Si,6405,0.21
43078,A-560,Gavà,Hipoteca,Si,7383,0.21
43078,C-704,Gavà,Fondo de inversión,No,5828,0.21
43078,B-729,Gavà,Plan de jubilación,Si,1464,0.21
43078,A-516,Gavà,Plan de jubilación,Si,6969,0.21
43078,B-595,Gavà,Fondo de inversión,Si,6432,0.21
43078,C-241,Gavà,Fondo de inversión,No,7895,0.21
43078,A-201,Gavà,Cuenta corriente,Si,2066,0.21
43078,A-306,Tarragona,Cuenta corriente,No,5878,0.21
43078,B-146,Tarragona,Cuenta corriente,Si,10363,0.21
43078,C-817,Tarragona,Ahorros,No,7209,0.21
43078,B-231,Girona,Ahorros,Si,11968,0.21
43079,C-927,Barcelona,Fondo de inversión,Si,9827,0.21
43079,A-220,Barcelona,Plan de jubilación,Si,13304,0.21
43079,D-847,Barcelona,Ahorros,No,5310,0.21
43079,B-723,Barcelona,Hipoteca,No,13549,0.21
43079,B-269,Barcelona,Plan de jubilación,Si,824,0.21
43079,D-913,Gavà,Ahorros,Si,13009,0.21
43079,D-400,Gavà,Ahorros,Si,9738,0.21
43079,B-797,Gavà,Fondo de inversión,No,14201,0.21
43079,B-983,Gavà,Cuenta corriente,No,2895,0.21
43079,C-193,Gavà,Plan de jubilación,No,13816,0.21
43079,B-623,Tarragona,Plan de jubilación,No,11629,0.21
43079,D-608,Tarragona,Hipoteca,No,7217,0.21
43079,D-901,Tarragona,Plan de jubilación,Si,251,0.21
43079,B-857,Tarragona,Fondo de inversión,Si,150,0.21
43079,C-964,Lleida,Ahorros,Si,938,0.21
43079,C-349,Lleida,Cuenta corriente,Si,14706,0.21
43080,A-176,Barcelona,Fondo de inversión,Si,10493,0.21
43080,B-535,Gavà,Hipoteca,Si,14672,0.21
43080,A-611,Gavà,Cuenta corriente,Si,8745,0.21
43080,C-205,Tarragona,Fondo de inversión,No,13718,0.21
43080,D-993,Tarragona,Cuenta corriente,Si,12911,0.21
43080,C-676,Tarragona,Hipoteca,Si,14497,0.21
43080,C-396,Girona,Ahorros,Si,1017,0.21
43080,A-779,Girona,Fondo de inversión,Si,5735,0.21
43080,C-263,Girona,Ahorros,No,468,0.21
43080,D-916,Lleida,Cuenta corriente,Si,11489,0.21
43080,B-173,Lleida,Ahorros,Si,12894,0.21
43081,B-836,Barcelona,Plan de jubilación,Si,9286,0.21
43081,B-564,Barcelona,Fondo de inversión,No,12529,0.21
43081,D-836,Gavà,Hipoteca,Si,10487,0.21
43081,A-922,Gavà,Plan de jubilación,No,7424,0.21
43081,B-845,Gavà,Hipoteca,Si,7503,0.21
43081,D-904,Gavà,Plan de jubilación,Si,8192,0.21
43081,B-935,Tarragona,Ahorros,Si,12023,0.21
43081,C-957,Tarragona,Hipoteca,Si,7751,0.21
43081,C-881,Girona,Cuenta corriente,Si,8842,0.21
43081,D-456,Girona,Fondo de inversión,Si,10666,0.21
43081,C-470,Girona,Hipoteca,Si,6097,0.21
43081,D-996,Lleida,Plan de jubilación,Si,425,0.21
43081,D-618,Lleida,Fondo de inversión,Si,2501,0.21
43081,D-653,Lleida,Cuenta corriente,Si,3173,0.21
43082,A-225,Barcelona,Fondo de inversión,No,7705,0.21
43082,B-117,Barcelona,Fondo de inversión,No,2557,0.21
43082,B-731,Barcelona,Hipoteca,No,9543,0.21
43082,A-868,Barcelona,Hipoteca,No,2121,0.21
43082,B-639,Barcelona,Hipoteca,No,9007,0.21
43082,D-266,Barcelona,Cuenta corriente,Si,909,0.21
43082,B-582,Gavà,Plan de jubilación,No,756,0.21
43082,A-941,Gavà,Plan de jubilación,Si,6735,0.21
43082,A-774,Gavà,Hipoteca,Si,1527,0.21
43082,B-557,Gavà,Cuenta corriente,No,11594,0.21
43082,D-496,Tarragona,Plan de jubilación,No,7070,0.21
43082,A-987,Tarragona,Hipoteca,Si,8239,0.21
43082,C-526,Tarragona,Plan de jubilación,No,9808,0.21
43082,D-323,Tarragona,Hipoteca,No,8960,0.21
43082,A-538,Girona,Fondo de inversión,Si,6532,0.21
43082,D-649,Girona,Cuenta corriente,Si,162,0.21
43082,D-888,Girona,Hipoteca,No,7076,0.21
43082,D-426,Girona,Hipoteca,No,14278,0.21
43082,D-544,Girona,Cuenta corriente,Si,3937,0.21
43082,D-375,Girona,Fondo de inversión,Si,9484,0.21
43082,A-563,Lleida,Hipoteca,Si,3849,0.21
43082,D-741,Lleida,Plan de jubilación,Si,10131,0.21
43083,B-431,Gavà,Cuenta corriente,No,13368,0.21
43083,D-556,Tarragona,Ahorros,No,11962,0.21
43083,B-765,Tarragona,Hipoteca,Si,4768,0.21
43083,C-453,Tarragona,Cuenta corriente,No,12398,0.21
43083,A-696,Tarragona,Cuenta corriente,No,14646,0.21
43083,A-904,Girona,Plan de jubilación,Si,2405,0.21
43083,A-855,Girona,Cuenta corriente,Si,10465,0.21
43083,C-860,Girona,Plan de jubilación,No,7774,0.21
43083,D-531,Girona,Plan de jubilación,Si,4908,0.21
43083,B-284,Girona,Ahorros,Si,12789,0.21
43083,D-937,Lleida,Plan de jubilación,Si,4083,0.21
43083,A-399,Lleida,Cuenta corriente,Si,11105,0.21
43083,B-706,Lleida,Fondo de inversión,Si,9035,0.21
43083,A-989,Lleida,Ahorros,No,9420,0.21
43083,C-663,Lleida,Cuenta corriente,Si,3194,0.21
43084,A-120,Barcelona,Ahorros,Si,7396,0.21
43084,A-272,Gavà,Cuenta corriente,No,8621,0.21
43084,A-154,Tarragona,Plan de jubilación,Si,5171,0.21
43084,D-629,Tarragona,Ahorros,No,2878,0.21
43084,D-371,Tarragona,Fondo de inversión,No,5467,0.21
43084,B-131,Girona,Cuenta corriente,Si,966,0.21
43084,C-733,Girona,Fondo de inversión,No,14675,0.21
43084,D-890,Lleida,Hipoteca,No,8914,0.21
43085,C-473,Barcelona,Cuenta corriente,No,4834,0.21
43085,B-273,Barcelona,Hipoteca,No,7994,0.21
43085,C-140,Gavà,Fondo de inversión,No,10573,0.21
43085,A-102,Gavà,Cuenta corriente,No,5080,0.21
43085,D-617,Gavà,Plan de jubilación,Si,5571,0.21
43085,A-465,Gavà,Ahorros,Si,11360,0.21
43085,B-468,Gavà,Fondo de inversión,No,10990,0.21
43085,D-136,Gavà,Fondo de inversión,Si,14813,0.21
43085,A-624,Tarragona,Ahorros,Si,9759,0.21
43085,D-643,Tarragona,Cuenta corriente,Si,5326,0.21
43085,D-191,Tarragona,Hipoteca,Si,3989,0.21
43085,C-958,Tarragona,Cuenta corriente,Si,6097,0.21
43085,B-536,Girona,Ahorros,Si,5758,0.21
43085,C-367,Lleida,Plan de jubilación,Si,6054,0.21
43085,A-690,Lleida,Plan de jubilación,No,5928,0.21
43086,B-491,Barcelona,Hipoteca,No,14975,0.21
43086,A-890,Gavà,Ahorros,No,4349,0.21
43086,B-501,Gavà,Hipoteca,Si,2672,0.21
43086,B-138,Gavà,Hipoteca,No,6906,0.21
43086,D-563,Tarragona,Cuenta corriente,Si,14316,0.21
43086,A-721,Tarragona,Hipoteca,Si,13392,0.21
43086,C-939,Tarragona,Ahorros,Si,7813,0.21
43086,D-775,Girona,Ahorros,Si,9980,0.21
43086,B-872,Girona,Fondo de inversión,No,14479,0.21
43086,D-548,Girona,Cuenta corriente,No,4046,0.21
43086,B-434,Girona,Fondo de inversión,No,12272,0.21
43086,A-134,Girona,Ahorros,No,8012,0.21
43086,D-757,Lleida,Cuenta corriente,No,14526,0.21
43086,B-368,Lleida,Cuenta corriente,Si,7141,0.21
43087,C-853,Barcelona,Cuenta corriente,Si,7373,0.21
43087,D-137,Barcelona,Ahorros,No,11929,0.21
43087,C-750,Barcelona,Cuenta corriente,No,14327,0.21
43087,A-671,Barcelona,Cuenta corriente,No,5233,0.21
43087,C-549,Barcelona,Fondo de inversión,No,1127,0.21
43087,C-153,Gavà,Plan de jubilación,No,8879,0.21
43087,D-752,Gavà,Hipoteca,No,8751,0.21
43087,D-373,Gavà,Fondo de inversión,Si,14897,0.21
43087,B-802,Gavà,Plan de jubilación,No,10936,0.21
43087,B-903,Tarragona,Cuenta corriente,No,13743,0.21
43087,B-775,Tarragona,Plan de jubilación,Si,7167,0.21
43087,D-950,Tarragona,Fondo de inversión,No,11807,0.21
43087,A-381,Girona,Fondo de inversión,No,12111,0.21
43087,A-423,Girona,Hipoteca,No,9851,0.21
43087,D-287,Girona,Hipoteca,Si,13947,0.21
43087,A-643,Lleida,Ahorros,No,12845,0.21
43088,D-244,Barcelona,Plan de jubilación,Si,14659,0.21
43088,C-819,Barcelona,Ahorros,Si,13177,0.21
43088,C-654,Tarragona,Hipoteca,No,5512,0.21
43088,B-469,Girona,Ahorros,Si,703,0.21
43088,B-103,Girona,Plan de jubilación,No,12481,0.21
43088,B-439,Girona,Cuenta corriente,No,2036,0.21
43088,D-785,Lleida,Fondo de inversión,Si,11999,0.21
43089,A-189,Barcelona,Ahorros,No,5675,0.21
43089,A-822,Gavà,Fondo de inversión,Si,11212,0.21
43089,A-996,Gavà,Hipoteca,Si,4496,0.21
43089,B-476,Gavà,Plan de jubilación,No,3495,0.21
43089,B-521,Tarragona,Fondo de inversión,Si,13382,0.21
43089,B-326,Tarragona,Ahorros,Si,2126,0.21
43089,D-763,Tarragona,Plan de jubilación,Si,9755,0.21
43089,A-610,Tarragona,Cuenta corriente,No,9865,0.21
43089,B-532,Girona,Cuenta corriente,Si,4224,0.21
43089,C-908,Girona,Ahorros,No,1432,0.21
43089,A-696,Girona,Fondo de inversión,Si,9588,0.21
43089,B-280,Lleida,Cuenta corriente,No,1147,0.21
43089,D-979,Lleida,Cuenta corriente,No,12368,0.21
43090,C-918,Barcelona,Fondo de inversión,No,501,0.21
43090,D-870,Barcelona,Hipoteca,No,9644,0.21
43090,D-460,Gavà,Fondo de inversión,Si,5370,0.21
43090,A-108,Gavà,Hipoteca,No,4974,0.21
43090,A-631,Gavà,Cuenta corriente,No,8094,0.21
43090,D-823,Tarragona,Cuenta corriente,Si,6445,0.21
43090,B-843,Tarragona,Plan de jubilación,Si,5368,0.21
43090,C-931,Tarragona,Ahorros,Si,6566,0.21
43090,B-578,Tarragona,Hipoteca,No,1286,0.21
43090,B-213,Girona,Cuenta corriente,Si,1451,0.21
43090,B-579,Girona,Plan de jubilación,Si,4994,0.21
43090,D-969,Girona,Fondo de inversión,No,10982,0.21
43090,A-177,Girona,Plan de jubilación,No,2508,0.21
43090,B-243,Girona,Ahorros,Si,12529,0.21
43090,A-909,Girona,Plan de jubilación,No,8467,0.21
43090,C-843,Girona,Fondo de inversión,Si,13771,0.21
43090,B-976,Lleida,Hipoteca,Si,6023,0.21
43091,B-609,Barcelona,Hipoteca,Si,4244,0.21
43091,B-664,Gavà,Fondo de inversión,No,5047,0.21
43091,B-679,Tarragona,Ahorros,No,7397,0.21
43091,C-143,Tarragona,Ahorros,Si,2494,0.21
43091,A-477,Tarragona,Plan de jubilación,Si,5645,0.21
43091,C-101,Lleida,Cuenta corriente,No,12726,0.21
43091,B-635,Lleida,Ahorros,No,4097,0.21
43091,A-477,Lleida,Plan de jubilación,Si,11316,0.21
43092,C-266,Gavà,Fondo de inversión,No,8981,0.21
43092,C-965,Gavà,Cuenta corriente,No,8110,0.21
43092,C-282,Tarragona,Hipoteca,No,1210,0.21
43092,B-678,Tarragona,Ahorros,Si,12900,0.21
43092,A-669,Girona,Cuenta corriente,No,3975,0.21
43092,B-355,Girona,Plan de jubilación,No,10121,0.21
43092,B-518,Girona,Cuenta corriente,Si,11610,0.21
43092,A-747,Lleida,Cuenta corriente,Si,10002,0.21
43092,C-887,Lleida,Hipoteca,No,6118,0.21
43093,C-552,Barcelona,Hipoteca,No,10499,0.21
43093,A-205,Barcelona,Ahorros,Si,14394,0.21
43093,B-136,Barcelona,Fondo de inversión,No,5815,0.21
43093,B-724,Barcelona,Hipoteca,Si,2077,0.21
43093,D-425,Gavà,Hipoteca,No,14062,0.21
43093,D-737,Gavà,Hipoteca,No,13664,0.21
43093,A-960,Gavà,Cuenta corriente,No,13548,0.21
43093,A-827,Tarragona,Cuenta corriente,No,336,0.21
43093,B-870,Tarragona,Ahorros,Si,10015,0.21
43093,D-483,Tarragona,Cuenta corriente,Si,14017,0.21
43093,A-858,Girona,Cuenta corriente,No,5464,0.21
43093,B-275,Girona,Fondo de inversión,No,13428,0.21
43093,D-910,Lleida,Ahorros,No,9445,0.21
43093,B-887,Lleida,Cuenta corriente,Si,9627,0.21
43094,A-603,Barcelona,Fondo de inversión,Si,1226,0.21
43094,B-783,Barcelona,Plan de jubilación,No,2694,0.21
43094,B-144,Barcelona,Hipoteca,Si,3647,0.21
43094,A-892,Barcelona,Plan de jubilación,No,4246,0.21
43094,B-768,Gavà,Ahorros,No,745,0.21
43094,A-515,Gavà,Cuenta corriente,Si,14066,0.21
43094,A-522,Gavà,Ahorros,Si,13572,0.21
43094,A-724,Gavà,Ahorros,No,13867,0.21
43094,C-475,Gavà,Fondo de inversión,No,11790,0.21
43094,D-878,Gavà,Ahorros,Si,866,0.21
43094,D-558,Tarragona,Hipoteca,No,2295,0.21
43094,B-416,Tarragona,Cuenta corriente,No,4358,0.21
43094,C-710,Tarragona,Cuenta corriente,Si,8781,0.21
43094,A-942,Girona,Hipoteca,Si,6030,0.21
43094,B-667,Girona,Hipoteca,Si,1469,0.21
43094,A-305,Girona,Plan de jubilación,No,9015,0.21
43094,D-209,Girona,Ahorros,No,3309,0.21
43094,C-114,Girona,Cuenta corriente,Si,4457,0.21
43094,A-736,Lleida,Plan de jubilación,No,2889,0.21
43094,B-669,Lleida,Cuenta corriente,Si,6722,0.21
43095,D-876,Barcelona,Hipoteca,Si,11370,0.21
43095,C-632,Barcelona,Ahorros,Si,1667,0.21
43095,B-704,Barcelona,Fondo de inversión,Si,5689,0.21
43095,D-390,Gavà,Plan de jubilación,Si,10147,0.21
43095,A-438,Tarragona,Hipoteca,No,6255,0.21
43095,D-148,Tarragona,Plan de jubilación,Si,405,0.21
43095,D-597,Girona,Ahorros,Si,7637,0.21
43095,C-772,Lleida,Plan de jubilación,No,4327,0.21
43095,A-833,Lleida,Fondo de inversión,Si,6112,0.21
43096,B-996,Tarragona,Hipoteca,No,7342,0.21
43096,C-894,Tarragona,Hipoteca,No,604,0.21
43096,B-998,Girona,Hipoteca,Si,13507,0.21
43096,C-324,Girona,Hipoteca,Si,2608,0.21
43096,D-283,Girona,Hipoteca,No,9891,0.21
43097,D-469,Barcelona,Cuenta corriente,No,293,0.21
43097,A-468,Barcelona,Plan de jubilación,No,5717,0.21
43097,D-544,Barcelona,Plan de jubilación,Si,3782,0.21
43097,C-421,Barcelona,Hipoteca,No,14191,0.21
43097,A-242,Barcelona,Ahorros,Si,602,0.21
43097,C-390,Barcelona,Plan de jubilación,Si,12933,0.21
43097,A-288,Gavà,Cuenta corriente,No,9503,0.21
43097,C-605,Tarragona,Hipoteca,Si,8822,0.21
43097,B-903,Tarragona,Ahorros,No,7230,0.21
43097,B-324,Tarragona,Fondo de inversión,Si,10502,0.21
43097,C-456,Girona,Fondo de inversión,Si,8299,0.21
43097,D-615,Lleida,Hipoteca,Si,9624,0.21
43098,D-604,Gavà,Ahorros,Si,5544,0.21
43098,B-607,Gavà,Cuenta corriente,Si,1685,0.21
43098,B-871,Gavà,Cuenta corriente,No,7830,0.21
43098,D-496,Gavà,Hipoteca,No,10495,0.21
43098,D-871,Gavà,Ahorros,No,4191,0.21
43098,D-882,Gavà,Cuenta corriente,No,11677,0.21
43098,C-296,Tarragona,Hipoteca,No,667,0.21
43098,C-240,Tarragona,Hipoteca,Si,4919,0.21
43098,D-782,Girona,Plan de jubilación,No,2732,0.21
43098,D-240,Girona,Ahorros,No,6993,0.21
43098,C-291,Girona,Ahorros,Si,1564,0.21
43098,B-353,Girona,Cuenta corriente,Si,13453,0.21
43098,A-828,Girona,Ahorros,No,6667,0.21
43098,C-271,Lleida,Plan de jubilación,Si,3513,0.21
43098,C-901,Lleida,Ahorros,Si,4876,0.21
43099,C-170,Barcelona,Ahorros,No,6772,0.21
43099,B-517,Barcelona,Plan de jubilación,No,8698,0.21
43099,A-268,Barcelona,Ahorros,No,13269,0.21
43099,B-263,Gavà,Fondo de inversión,Si,11831,0.21
43099,D-908,Gavà,Plan de jubilación,Si,9374,0.21
43099,B-322,Tarragona,Ahorros,Si,2293,0.21
43099,C-248,Tarragona,Fondo de inversión,No,4955,0.21
43099,A-683,Tarragona,Fondo de inversión,Si,3713,0.21
43099,B-841,Girona,Cuenta corriente,Si,13671,0.21
43099,D-941,Girona,Plan de jubilación,Si,12598,0.21
43099,B-323,Girona,Cuenta corriente,Si,7238,0.21
43099,C-832,Lleida,Cuenta corriente,No,11450,0.21
43099,D-682,Lleida,Ahorros,Si,12631,0.21
43099,B-342,Lleida,Plan de jubilación,Si,3481,0.21
43099,B-965,Lleida,Plan de jubilación,No,9180,0.21
43099,D-942,Lleida,Ahorros,Si,1761,0.21
43100,D-764,Barcelona,Plan de jubilación,No,13296,0.21
43100,A-238,Barcelona,Fondo de inversión,No,1095,0.21
43100,C-980,Barcelona,Hipoteca,No,8046,0.21
43100,A-485,Barcelona,Plan de jubilación,No,12452,0.21
43100,A-260,Barcelona,Cuenta corriente,Si,12629,0.21
43100,D-678,Gavà,Plan de jubilación,Si,233,0.21
43100,D-708,Gavà,Plan de jubilación,Si,5469,0.21
43100,D-771,Gavà,Hipoteca,Si,1594,0.21
43100,A-769,Gavà,Hipoteca,No,14046,0.21
43100,C-551,Tarragona,Hipoteca,No,3853,0.21
43100,D-796,Tarragona,Hipoteca,No,10706,0.21
43100,B-437,Tarragona,Hipoteca,No,11261,0.21
43100,A-120,Tarragona,Hipoteca,Si,11989,0.21
43100,A-529,Girona,Fondo de inversión,No,14502,0.21
43100,B-271,Lleida,Cuenta corriente,Si,12095,0.21
43101,B-379,Barcelona,Plan de jubilación,No,7953,0.21
43101,A-776,Barcelona,Fondo de inversión,No,6248,0.21
43101,A-896,Gavà,Cuenta corriente,No,3224,0.21
43101,D-298,Gavà,Cuenta corriente,No,12155,0.21
43101,C-743,Gavà,Plan de jubilación,No,14799,0.21
43101,C-730,Gavà,Ahorros,No,7576,0.21
43101,D-239,Tarragona,Plan de jubilación,No,3653,0.21
43101,B-945,Tarragona,Plan de jubilación,No,5714,0.21
43101,C-562,Tarragona,Fondo de inversión,Si,10718,0.21
43101,D-637,Girona,Cuenta corriente,No,4747,0.21
43101,C-957,Girona,Ahorros,Si,4080,0.21
43101,D-260,Girona,Cuenta corriente,No,3178,0.21
43101,D-579,Girona,Plan de jubilación,No,3481,0.21
43101,D-225,Lleida,Plan de jubilación,No,5921,0.21
43101,C-646,Lleida,Cuenta corriente,No,13438,0.21
43101,B-967,Lleida,Plan de jubilación,No,12176,0.21
43102,B-810,Barcelona,Cuenta corriente,Si,11098,0.21
43102,B-164,Barcelona,Fondo de inversión,No,9860,0.21
43102,C-675,Barcelona,Hipoteca,No,8903,0.21
43102,B-740,Gavà,Fondo de inversión,Si,5617,0.21
43102,A-555,Gavà,Fondo de inversión,Si,7881,0.21
43102,C-637,Gavà,Hipoteca,No,13652,0.21
43102,B-562,Gavà,Hipoteca,No,14175,0.21
43102,C-243,Gavà,Fondo de inversión,Si,1103,0.21
43102,D-584,Gavà,Ahorros,Si,9029,0.21
43102,B-801,Tarragona,Ahorros,No,4782,0.21
43102,D-232,Tarragona,Fondo de inversión,No,12388,0.21
43102,B-835,Tarragona,Plan de jubilación,Si,1505,0.21
43102,A-811,Tarragona,Fondo de inversión,No,5734,0.21
43102,D-881,Tarragona,Hipoteca,Si,3551,0.21
43102,C-609,Girona,Cuenta corriente,No,12298,0.21
43102,B-599,Girona,Ahorros,No,13078,0.21
43102,D-607,Girona,Plan de jubilación,Si,8055,0.21
43102,B-456,Girona,Plan de jubilación,Si,3433,0.21
43102,B-786,Lleida,Fondo de inversión,No,6650,0.21
43102,A-150,Lleida,Hipoteca,Si,10346,0.21
43102,C-197,Lleida,Cuenta corriente,No,4760,0.21
43103,D-898,Barcelona,Ahorros,No,11734,0.21
43103,C-350,Gavà,Cuenta corriente,Si,13875,0.21
43103,A-718,Tarragona,Plan de jubilación,No,12611,0.21
43103,C-301,Girona,Plan de jubilación,No,7681,0.21
43104,A-342,Barcelona,Plan de jubilación,No,4518,0.21
43104,B-854,Barcelona,Hipoteca,No,863,0.21
43104,D-200,Gavà,Ahorros,No,12332,0.21
43104,B-978,Gavà,Ahorros,No,11026,0.21
43104,C-842,Tarragona,Fondo de inversión,No,2079,0.21
43104,B-685,Tarragona,Fondo de inversión,No,8990,0.21
43104,D-224,Girona,Ahorros,No,6323,0.21
43104,B-105,Girona,Ahorros,No,11137,0.21
43104,C-544,Girona,Hipoteca,Si,1340,0.21
43104,A-168,Girona,Ahorros,Si,9596,0.21
43104,B-575,Lleida,Ahorros,No,12614,0.21
43105,C-915,Barcelona,Plan de jubilación,No,1021,0.21
43105,B-553,Barcelona,Plan de jubilación,Si,4002,0.21
43105,C-118,Gavà,Ahorros,No,7993,0.21
43105,B-175,Gavà,Plan de jubilación,No,13009,0.21
43105,C-582,Gavà,Cuenta corriente,Si,7413,0.21
43105,B-135,Tarragona,Fondo de inversión,No,9948,0.21
43105,B-221,Tarragona,Plan de jubilación,Si,2451,0.21
43105,B-830,Tarragona,Ahorros,No,10289,0.21
43105,D-478,Tarragona,Fondo de inversión,No,13971,0.21
43105,B-939,Girona,Fondo de inversión,Si,1221,0.21
43105,A-948,Girona,Plan de jubilación,No,13290,0.21
43105,A-195,Lleida,Plan de jubilación,No,11242,0.21
43105,C-415,Lleida,Plan de jubilación,Si,8144,0.21
43105,C-263,Lleida,Ahorros,Si,6111,0.21
43105,B-634,Lleida,Ahorros,Si,10009,0.21
43106,C-623,Barcelona,Ahorros,Si,7418,0.21
43106,C-811,Barcelona,Hipoteca,Si,5955,0.21
43106,C-919,Barcelona,Fondo de inversión,No,14727,0.21
43106,C-843,Gavà,Plan de jubilación,Si,5614,0.21
43106,A-447,Tarragona,Plan de jubilación,Si,9776,0.21
43106,D-885,Tarragona,Hipoteca,No,6206,0.21
43106,C-550,Tarragona,Ahorros,Si,9075,0.21
43106,A-993,Girona,Cuenta corriente,No,13998,0.21
43106,A-466,Girona,Hipoteca,Si,8818,0.21
43106,B-891,Girona,Hipoteca,No,2557,0.21
43106,A-161,Girona,Cuenta corriente,Si,7948,0.21
43106,B-319,Lleida,Cuenta corriente,No,7518,0.21
43106,D-732,Lleida,Plan de jubilación,No,1367,0.21
43106,C-290,Lleida,Fondo de inversión,Si,14078,0.21
43107,D-321,Barcelona,Fondo de inversión,No,12274,0.21
43107,A-237,Barcelona,Fondo de inversión,No,12913,0.21
43107,B-887,Barcelona,Hipoteca,No,234,0.21
43107,A-533,Gavà,Cuenta corriente,No,13737,0.21
43107,A-892,Gavà,Hipoteca,Si,13261,0.21
43107,A-859,Gavà,Hipoteca,No,6740,0.21
43107,B-279,Gavà,Hipoteca,Si,8838,0.21
43107,C-215,Tarragona,Cuenta corriente,Si,14462,0.21
43107,B-284,Tarragona,Plan de jubilación,Si,5399,0.21
43107,B-922,Tarragona,Hipoteca,Si,4696,0.21
43107,C-233,Tarragona,Ahorros,No,7299,0.21
43107,D-959,Tarragona,Hipoteca,Si,10480,0.21
43107,A-637,Tarragona,Ahorros,Si,1776,0.21
43107,C-321,Girona,Plan de jubilación,Si,989,0.21
43107,C-734,Girona,Cuenta corriente,No,14449,0.21
43107,D-976,Girona,Cuenta corriente,No,13749,0.21
43107,D-750,Girona,Hipoteca,Si,14230,0.21
43107,B-394,Lleida,Cuenta corriente,No,4809,0.21
43107,D-520,Lleida,Plan de jubilación,Si,12705,0.21
43108,A-616,Barcelona,Plan de jubilación,No,6313,0.21
43108,C-199,Barcelona,Hipoteca,Si,11667,0.21
43108,D-655,Barcelona,Ahorros,No,13442,0.21
43108,D-323,Barcelona,Fondo de inversión,Si,3332,0.21
43108,C-597,Barcelona,Ahorros,Si,14621,0.21
43108,B-259,Barcelona,Fondo de inversión,Si,1834,0.21
43108,D-858,Barcelona,Cuenta corriente,No,11653,0.21
43108,B-338,Gavà,Fondo de inversión,No,4026,0.21
43108,D-634,Gavà,Fondo de inversión,Si,7354,0.21
43108,A-389,Gavà,Ahorros,Si,9223,0.21
43108,C-417,Tarragona,Cuenta corriente,No,6974,0.21
43108,C-623,Tarragona,Ahorros,Si,2340,0.21
43108,A-470,Tarragona,Ahorros,Si,9164,0.21
43108,C-397,Tarragona,Plan de jubilación,No,13894,0.21
43108,C-693,Tarragona,Cuenta corriente,Si,12846,0.21
43108,D-842,Girona,Plan de jubilación,Si,5869,0.21
43108,C-695,Girona,Plan de jubilación,Si,14063,0.21
43108,A-161,Girona,Ahorros,No,14771,0.21
43108,A-204,Lleida,Cuenta corriente,Si,13829,0.21
43108,C-259,Lleida,Fondo de inversión,Si,453,0.21
43108,B-162,Lleida,Cuenta corriente,No,7569,0.21
43109,B-612,Barcelona,Hipoteca,Si,1876,0.21
43109,A-941,Barcelona,Cuenta corriente,No,8786,0.21
43109,C-472,Barcelona,Plan de jubilación,Si,6326,0.21
43109,D-388,Barcelona,Plan de jubilación,No,3733,0.21
43109,B-785,Barcelona,Fondo de inversión,Si,10893,0.21
43109,B-984,Gavà,Fondo de inversión,Si,7558,0.21
43109,A-663,Gavà,Fondo de inversión,Si,11772,0.21
43109,B-708,Gavà,Cuenta corriente,Si,1244,0.21
43109,A-140,Gavà,Fondo de inversión,Si,8895,0.21
43109,B-675,Tarragona,Fondo de inversión,No,4593,0.21
43109,B-111,Tarragona,Hipoteca,Si,9671,0.21
43109,B-532,Tarragona,Fondo de inversión,Si,4178,0.21
43109,D-249,Tarragona,Fondo de inversión,No,5250,0.21
43109,B-654,Tarragona,Hipoteca,Si,6751,0.21
43109,D-771,Girona,Hipoteca,No,2882,0.21
43109,C-191,Girona,Fondo de inversión,Si,6931,0.21
43109,A-231,Girona,Plan de jubilación,No,8877,0.21
43109,A-519,Girona,Hipoteca,Si,10723,0.21
43109,C-524,Girona,Plan de jubilación,Si,11027,0.21
43109,D-970,Lleida,Hipoteca,No,6221,0.21
43109,D-419,Lleida,Hipoteca,No,13213,0.21
43109,B-813,Lleida,Fondo de inversión,Si,7580,0.21
43109,B-243,Lleida,Fondo de inversión,Si,2726,0.21
43109,D-473,Lleida,Cuenta corriente,Si,5376,0.21
43110,C-218,Barcelona,Fondo de inversión,No,7729,0.21
43110,B-933,Barcelona,Hipoteca,No,3259,0.21
43110,B-148,Gavà,Plan de jubilación,Si,2726,0.21
43110,C-220,Gavà,Hipoteca,No,9871,0.21
43110,D-856,Gavà,Hipoteca,No,7073,0.21
43110,D-744,Tarragona,Ahorros,Si,3268,0.21
43110,A-620,Tarragona,Fondo de inversión,No,7800,0.21
43110,B-866,Tarragona,Fondo de inversión,Si,5784,0.21
43110,C-652,Girona,Cuenta corriente,No,7346,0.21
43110,D-614,Lleida,Fondo de inversión,No,6081,0.21
43110,C-457,Lleida,Plan de jubilación,No,2688,0.21
43110,A-510,Lleida,Cuenta corriente,Si,12875,0.21
43111,D-772,Barcelona,Hipoteca,No,9591,0.21
43111,A-152,Barcelona,Cuenta corriente,Si,4917,0.21
43111,D-539,Barcelona,Ahorros,Si,14224,0.21
43111,B-695,Gavà,Ahorros,No,5670,0.21
43111,C-646,Gavà,Fondo de inversión,No,11957,0.21
43111,B-756,Gavà,Ahorros,Si,2074,0.21
43111,A-433,Gavà,Plan de jubilación,No,10646,0.21
43111,D-965,Gavà,Plan de jubilación,No,14920,0.21
43111,D-345,Tarragona,Fondo de inversión,No,2072,0.21
43111,D-680,Tarragona,Plan de jubilación,Si,8823,0.21
43111,C-344,Tarragona,Hipoteca,Si,12638,0.21
43111,B-563,Tarragona,Ahorros,Si,12699,0.21
43111,B-428,Tarragona,Hipoteca,No,11682,0.21
43111,D-460,Tarragona,Hipoteca,No,8544,0.21
43111,D-637,Tarragona,Fondo de inversión,No,5195,0.21
43111,A-929,Tarragona,Cuenta corriente,Si,1666,0.21
43111,A-385,Girona,Cuenta corriente,No,5361,0.21
43111,C-358,Girona,Ahorros,No,4418,0.21
43111,D-809,Girona,Cuenta corriente,Si,7654,0.21
43111,A-630,Lleida,Cuenta corriente,Si,2261,0.21
43111,C-430,Lleida,Ahorros,Si,282,0.21
43111,C-998,Lleida,Ahorros,No,14732,0.21
43111,A-140,Lleida,Plan de jubilación,No,13245,0.21
43111,B-426,Lleida,Cuenta corriente,No,2664,0.21
43111,B-503,Lleida,Hipoteca,No,12167,0.21
43111,D-694,Lleida,Hipoteca,No,9831,0.21
43112,C-124,Barcelona,Cuenta corriente,Si,3487,0.21
43112,B-317,Barcelona,Fondo de inversión,Si,8849,0.21
43112,B-815,Barcelona,Ahorros,No,6654,0.21
43112,C-389,Barcelona,Ahorros,No,3504,0.21
43112,C-870,Gavà,Plan de jubilación,Si,1701,0.21
43112,D-777,Gavà,Hipoteca,No,11085,0.21
43112,C-690,Tarragona,Plan de jubilación,Si,6599,0.21
43112,D-521,Tarragona,Fondo de inversión,Si,6031,0.21
43112,D-260,Tarragona,Cuenta corriente,Si,5943,0.21
43112,D-850,Tarragona,Plan de jubilación,No,4554,0.21
43112,B-278,Tarragona,Fondo de inversión,No,5614,0.21
43112,C-219,Tarragona,Cuenta corriente,No,11008,0.21
43112,A-710,Girona,Plan de jubilación,Si,9287,0.21
43112,D-733,Lleida,Fondo de inversión,Si,8840,0.21
43112,A-692,Lleida,Ahorros,No,4539,0.21
43112,C-910,Lleida,Plan de jubilación,No,6968,0.21
43112,B-863,Lleida,Plan de jubilación,No,10592,0.21
43113,C-888,Barcelona,Fondo de inversión,No,9098,0.21
43113,D-101,Barcelona,Ahorros,Si,10198,0.21
43113,C-424,Barcelona,Cuenta corriente,No,4928,0.21
43113,A-709,Gavà,Plan de jubilación,No,14191,0.21
43113,A-335,Gavà,Cuenta corriente,No,6407,0.21
43113,B-196,Gavà,Hipoteca,No,3811,0.21
43113,C-375,Gavà,Plan de jubilación,Si,14224,0.21
43113,A-169,Tarragona,Fondo de inversión,Si,12488,0.21
43113,C-813,Girona,Plan de jubilación,No,11842,0.21
43113,A-962,Girona,Plan de jubilación,Si,9105,0.21
43113,B-213,Girona,Fondo de inversión,No,2724,0.21
43113,C-688,Girona,Hipoteca,No,267,0.21
43113,A-459,Girona,Cuenta corriente,Si,7027,0.21
43113,D-158,Girona,Fondo de inversión,Si,9865,0.21
43113,C-482,Lleida,Cuenta corriente,Si,6392,0.21
43113,B-857,Lleida,Hipoteca,No,12802,0.21
43113,D-409,Lleida,Fondo de inversión,Si,12944,0.21
43113,A-903,Lleida,Cuenta corriente,Si,2703,0.21
43114,C-890,Barcelona,Hipoteca,Si,13879,0.21
43114,C-891,Barcelona,Ahorros,No,8165,0.21
43114,B-915,Barcelona,Ahorros,No,8359,0.21
43114,B-658,Barcelona,Cuenta corriente,Si,2861,0.21
43114,D-581,Gavà,Plan de jubilación,No,10546,0.21
43114,C-396,Gavà,Plan de jubilación,Si,7056,0.21
43114,B-570,Gavà,Fondo de inversión,Si,5490,0.21
43114,C-187,Tarragona,Plan de jubilación,No,519,0.21
43114,D-643,Girona,Ahorros,Si,2119,0.21
43114,B-984,Girona,Hipoteca,Si,4377,0.21
43114,D-630,Lleida,Ahorros,No,277,0.21
43114,D-407,Lleida,Ahorros,No,14559,0.21
43114,A-538,Lleida,Fondo de inversión,Si,5479,0.21
43114,B-204,Lleida,Plan de jubilación,Si,230,0.21
43114,B-788,Lleida,Ahorros,No,4043,0.21
43114,D-502,Lleida,Hipoteca,Si,3278,0.21
43115,D-254,Barcelona,Fondo de inversión,No,14176,0.21
43115,C-205,Barcelona,Fondo de inversión,No,10914,0.21
43115,B-962,Gavà,Plan de jubilación,No,11484,0.21
43115,D-676,Gavà,Ahorros,Si,7544,0.21
43115,B-138,Tarragona,Cuenta corriente,No,10692,0.21
43115,A-888,Tarragona,Ahorros,No,753,0.21
43115,C-549,Girona,Fondo de inversión,No,4935,0.21
43115,D-569,Lleida,Plan de jubilación,No,7117,0.21
43115,D-398,Lleida,Plan de jubilación,No,11831,0.21
43115,D-220,Lleida,Fondo de inversión,Si,2522,0.21
43115,C-802,Lleida,Fondo de inversión,No,10137,0.21
43116,B-609,Barcelona,Hipoteca,Si,4536,0.21
43116,B-767,Barcelona,Ahorros,Si,5862,0.21
43116,C-783,Barcelona,Hipoteca,No,14626,0.21
43116,B-734,Barcelona,Plan de jubilación,No,4864,0.21
43116,D-351,Gavà,Ahorros,Si,10529,0.21
43116,D-429,Gavà,Cuenta corriente,No,8479,0.21
43116,A-844,Gavà,Plan de jubilación,Si,900,0.21
43116,A-807,Tarragona,Cuenta corriente,No,2946,0.21
43116,D-642,Tarragona,Plan de jubilación,Si,5109,0.21
43116,A-220,Tarragona,Fondo de inversión,No,5648,0.21
43116,C-823,Tarragona,Fondo de inversión,No,5461,0.21
43116,D-698,Tarragona,Hipoteca,Si,10363,0.21
43116,A-631,Tarragona,Cuenta corriente,No,6653,0.21
43116,B-554,Tarragona,Plan de jubilación,No,1899,0.21
43116,B-920,Tarragona,Hipoteca,No,13091,0.21
43116,A-184,Girona,Ahorros,Si,10427,0.21
43116,A-166,Girona,Fondo de inversión,Si,3089,0.21
43116,C-375,Girona,Plan de jubilación,No,13999,0.21
43116,B-334,Lleida,Plan de jubilación,No,12906,0.21
43116,B-624,Lleida,Plan de jubilación,No,8686,0.21
43116,C-526,Lleida,Hipoteca,No,3585,0.21
43116,D-355,Lleida,Fondo de inversión,Si,14463,0.21
43116,B-184,Lleida,Fondo de inversión,Si,11096,0.21
43117,B-333,Barcelona,Plan de jubilación,Si,3294,0.21
43117,D-742,Barcelona,Ahorros,Si,14269,0.21
43117,C-900,Barcelona,Fondo de inversión,No,6496,0.21
43117,B-742,Barcelona,Cuenta corriente,No,9762,0.21
43117,D-252,Gavà,Ahorros,Si,8672,0.21
43117,D-778,Gavà,Ahorros,Si,10665,0.21
43117,D-667,Gavà,Fondo de inversión,Si,13351,0.21
43117,D-618,Gavà,Plan de jubilación,No,1115,0.21
43117,A-284,Tarragona,Plan de jubilación,No,8403,0.21
43117,A-459,Tarragona,Plan de jubilación,Si,7143,0.21
43117,B-968,Tarragona,Hipoteca,Si,3844,0.21
43117,C-882,Tarragona,Ahorros,No,13471,0.21
43117,C-193,Girona,Hipoteca,No,11868,0.21
43117,C-894,Girona,Hipoteca,Si,6023,0.21
43117,C-419,Girona,Plan de jubilación,Si,766,0.21
43117,D-435,Lleida,Ahorros,No,9663,0.21
43117,A-357,Lleida,Fondo de inversión,No,5313,0.21
43117,A-251,Lleida,Fondo de inversión,Si,6172,0.21
43118,C-719,Barcelona,Cuenta corriente,Si,5761,0.21
43118,C-824,Barcelona,Fondo de inversión,No,12929,0.21
43118,B-759,Barcelona,Cuenta corriente,Si,8485,0.21
43118,D-782,Gavà,Ahorros,No,8437,0.21
43118,C-552,Gavà,Fondo de inversión,Si,1511,0.21
43118,C-784,Gavà,Plan de jubilación,No,9077,0.21
43118,C-177,Gavà,Ahorros,Si,10326,0.21
43118,B-534,Gavà,Hipoteca,Si,911,0.21
43118,A-931,Gavà,Hipoteca,No,5896,0.21
43118,A-936,Gavà,Ahorros,Si,7778,0.21
43118,C-338,Tarragona,Cuenta corriente,No,1412,0.21
43118,B-245,Tarragona,Cuenta corriente,No,212,0.21
43118,B-460,Girona,Hipoteca,No,3050,0.21
43118,C-402,Girona,Cuenta corriente,Si,5507,0.21
43118,B-453,Girona,Fondo de inversión,No,9827,0.21
43118,D-338,Lleida,Ahorros,Si,6384,0.21
43118,B-856,Lleida,Fondo de inversión,No,8312,0.21
43118,C-230,Lleida,Fondo de inversión,No,9837,0.21
43118,B-589,Lleida,Plan de jubilación,No,1452,0.21
43119,A-648,Barcelona,Hipoteca,No,8484,0.21
43119,A-457,Barcelona,Ahorros,Si,11116,0.21
43119,A-816,Barcelona,Hipoteca,Si,6578,0.21
43119,B-736,Barcelona,Plan de jubilación,No,1283,0.21
43119,B-324,Gavà,Cuenta corriente,Si,7142,0.21
43119,C-508,Gavà,Ahorros,Si,8361,0.21
43119,A-356,Tarragona,Plan de jubilación,No,11505,0.21
43119,C-492,Tarragona,Ahorros,No,2723,0.21
43119,D-283,Girona,Ahorros,No,10192,0.21
43119,D-791,Girona,Hipoteca,No,12247,0.21
43119,B-259,Girona,Fondo de inversión,No,8401,0.21
43119,D-148,Girona,Plan de jubilación,Si,8106,0.21
43119,C-426,Girona,Cuenta corriente,Si,6403,0.21
43119,C-376,Lleida,Plan de jubilación,No,7226,0.21
43119,B-684,Lleida,Plan de jubilación,Si,184,0.21
43120,D-535,Barcelona,Fondo de inversión,Si,2565,0.21
43120,B-381,Gavà,Fondo de inversión,Si,5294,0.21
43120,D-425,Gavà,Cuenta corriente,Si,4978,0.21
43120,C-881,Gavà,Fondo de inversión,Si,12997,0.21
43120,B-668,Tarragona,Cuenta corriente,No,4292,0.21
43120,C-966,Tarragona,Plan de jubilación,No,8609,0.21
43120,A-365,Tarragona,Ahorros,Si,5013,0.21
43120,C-498,Girona,Cuenta corriente,Si,4411,0.21
43120,D-484,Girona,Hipoteca,Si,9477,0.21
43120,C-650,Lleida,Cuenta corriente,No,3829,0.21
43120,C-871,Lleida,Cuenta corriente,Si,14225,0.21
43120,B-531,Lleida,Hipoteca,No,2149,0.21
43120,A-267,Lleida,Cuenta corriente,Si,12920,0.21
43120,C-812,Lleida,Plan de jubilación,Si,5316,0.21
43120,D-287,Lleida,Hipoteca,No,8184,0.21
43121,C-246,Barcelona,Fondo de inversión,No,6024,0.21
43121,D-294,Barcelona,Ahorros,Si,14472,0.21
43121,A-451,Barcelona,Hipoteca,No,9139,0.21
43121,A-184,Barcelona,Hipoteca,No,8976,0.21
43121,D-149,Barcelona,Cuenta corriente,No,5134,0.21
43121,B-542,Gavà,Ahorros,Si,7450,0.21
43121,A-230,Tarragona,Ahorros,Si,4802,0.21
43121,A-664,Tarragona,Cuenta corriente,No,3550,0.21
43121,C-157,Tarragona,Fondo de inversión,No,13258,0.21
43121,A-835,Tarragona,Hipoteca,No,2048,0.21
43121,C-962,Girona,Hipoteca,Si,10225,0.21
43121,B-422,Girona,Fondo de inversión,No,7874,0.21
43121,C-944,Girona,Fondo de inversión,Si,8410,0.21
43121,D-841,Girona,Ahorros,Si,7667,0.21
43121,C-110,Girona,Fondo de inversión,No,1548,0.21
43121,C-581,Girona,Hipoteca,No,4995,0.21
43121,D-623,Girona,Fondo de inversión,Si,4020,0.21
43121,D-562,Girona,Cuenta corriente,Si,9254,0.21
43121,D-932,Lleida,Ahorros,Si,10305,0.21
43121,C-648,Lleida,Hipoteca,Si,7479,0.21
43121,B-910,Lleida,Fondo de inversión,No,1670,0.21
43121,C-360,Lleida,Plan de jubilación,Si,12833,0.21
43121,C-810,Lleida,Cuenta corriente,No,3054,0.21
43121,D-819,Lleida,Cuenta corriente,Si,7616,0.21
43121,D-774,Lleida,Plan de jubilación,No,10111,0.21
43121,C-527,Lleida,Hipoteca,Si,14609,0.21
43121,B-899,Lleida,Ahorros,No,8469,0.21
43122,C-933,Barcelona,Hipoteca,Si,7162,0.21
43122,A-899,Barcelona,Hipoteca,Si,3865,0.21
43122,D-553,Barcelona,Cuenta corriente,Si,12282,0.21
43122,B-523,Gavà,Hipoteca,No,10357,0.21
43122,D-397,Gavà,Hipoteca,Si,14359,0.21
43122,C-727,Gavà,Cuenta corriente,Si,4789,0.21
43122,A-462,Gavà,Cuenta corriente,No,10479,0.21
43122,C-430,Gavà,Hipoteca,No,13508,0.21
43122,D-305,Gavà,Hipoteca,No,5931,0.21
43122,D-790,Tarragona,Hipoteca,No,12865,0.21
43122,A-531,Tarragona,Ahorros,No,7206,0.21
43122,B-679,Tarragona,Fondo de inversión,No,5045,0.21
43122,A-697,Girona,Cuenta corriente,Si,10962,0.21
43122,B-283,Girona,Ahorros,No,7470,0.21
43122,A-675,Girona,Hipoteca,Si,10367,0.21
43122,B-809,Girona,Plan de jubilación,No,7161,0.21
43122,A-577,Girona,Plan de jubilación,No,5382,0.21
43122,D-212,Girona,Cuenta corriente,Si,7783,0.21
43122,A-610,Lleida,Ahorros,No,5483,0.21
43122,B-746,Lleida,Fondo de inversión,No,13293,0.21
43123,C-248,Barcelona,Ahorros,Si,4710,0.21
43123,D-281,Barcelona,Fondo de inversión,Si,3388,0.21
43123,D-572,Barcelona,Fondo de inversión,No,4976,0.21
43123,D-190,Barcelona,Plan de jubilación,No,14454,0.21
43123,A-540,Barcelona,Fondo de inversión,Si,14801,0.21
43123,A-535,Barcelona,Plan de jubilación,No,1528,0.21
43123,B-823,Gavà,Ahorros,No,2319,0.21
43123,D-401,Gavà,Plan de jubilación,Si,6807,0.21
43123,B-585,Gavà,Hipoteca,Si,3239,0.21
43123,A-316,Gavà,Plan de jubilación,No,3390,0.21
43123,C-549,Gavà,Ahorros,No,3828,0.21
43123,C-208,Tarragona,Ahorros,Si,8474,0.21
43123,B-292,Tarragona,Fondo de inversión,No,7563,0.21
43123,A-689,Girona,Cuenta corriente,No,7053,0.21
43123,A-778,Girona,Hipoteca,No,14031,0.21
43123,D-540,Girona,Plan de jubilación,Si,7951,0.21
43123,B-287,Girona,Cuenta corriente,Si,5515,0.21
43123,A-356,Lleida,Hipoteca,No,14271,0.21
43123,A-274,Lleida,Plan de jubilación,Si,228,0.21
43123,D-761,Lleida,Hipoteca,No,1010,0.21
43123,C-655,Lleida,Ahorros,No,6118,0.21
43123,A-788,Lleida,Fondo de inversión,No,4379,0.21
43124,D-934,Barcelona,Plan de jubilación,No,2334,0.21
43124,B-590,Barcelona,Ahorros,No,14063,0.21
43124,C-170,Gavà,Hipoteca,Si,5671,0.21
43124,D-196,Gavà,Plan de jubilación,No,3415,0.21
43124,B-802,Gavà,Fondo de inversión,Si,8791,0.21
43124,C-298,Gavà,Fondo de inversión,Si,5255,0.21
43124,B-235,Gavà,Fondo de inversión,Si,13434,0.21
43124,B-547,Tarragona,Hipoteca,No,9767,0.21
43124,D-793,Tarragona,Cuenta corriente,Si,13901,0.21
43124,B-106,Tarragona,Cuenta corriente,No,6809,0.21
43124,C-371,Tarragona,Cuenta corriente,No,430,0.21
43124,C-864,Tarragona,Ahorros,No,8970,0.21
43124,D-104,Girona,Ahorros,Si,7833,0.21
43124,A-307,Girona,Fondo de inversión,Si,1534,0.21
43124,B-313,Girona,Hipoteca,Si,7445,0.21
43124,C-969,Girona,Cuenta corriente,Si,4299,0.21
43124,B-454,Girona,Ahorros,Si,1402,0.21
43124,B-316,Girona,Hipoteca,Si,5199,0.21
43124,C-893,Lleida,Fondo de inversión,No,11215,0.21
43124,D-710,Lleida,Ahorros,No,8123,0.21
43125,B-933,Barcelona,Fondo de inversión,No,4695,0.21
43125,A-154,Gavà,Cuenta corriente,No,13916,0.21
43125,B-962,Gavà,Ahorros,No,1063,0.21
43125,C-708,Tarragona,Plan de jubilación,No,4501,0.21
43125,D-264,Tarragona,Fondo de inversión,Si,12344,0.21
43125,D-123,Tarragona,Cuenta corriente,No,4512,0.21
43125,A-882,Tarragona,Ahorros,Si,9807,0.21
43125,D-788,Tarragona,Cuenta corriente,Si,14225,0.21
43125,B-520,Tarragona,Cuenta corriente,No,2430,0.21
43125,B-506,Girona,Fondo de inversión,No,10590,0.21
43125,A-983,Girona,Fondo de inversión,Si,6758,0.21
43125,B-314,Girona,Cuenta corriente,Si,11301,0.21
43125,D-861,Girona,Ahorros,No,13445,0.21
43125,A-866,Lleida,Plan de jubilación,Si,6105,0.21
43125,D-104,Lleida,Ahorros,No,1189,0.21
43125,A-597,Lleida,Hipoteca,Si,10749,0.21
43125,A-899,Lleida,Plan de jubilación,No,10513,0.21
43126,A-236,Barcelona,Fondo de inversión,No,11667,0.21
43126,C-392,Barcelona,Hipoteca,Si,8403,0.21
43126,B-107,Barcelona,Ahorros,No,4810,0.21
43126,A-539,Barcelona,Plan de jubilación,No,5945,0.21
43126,A-647,Barcelona,Ahorros,Si,476,0.21
43126,C-322,Barcelona,Fondo de inversión,Si,14549,0.21
43126,B-187,Barcelona,Cuenta corriente,No,12042,0.21
43126,B-943,Gavà,Hipoteca,Si,7280,0.21
43126,A-837,Gavà,Plan de jubilación,No,10890,0.21
43126,A-265,Gavà,Hipoteca,Si,10400,0.21
43126,C-129,Gavà,Plan de jubilación,Si,5886,0.21
43126,D-907,Gavà,Hipoteca,No,11450,0.21
43126,A-437,Tarragona,Fondo de inversión,No,9224,0.21
43126,D-464,Tarragona,Ahorros,No,7480,0.21
43126,B-749,Tarragona,Plan de jubilación,No,9245,0.21
43126,C-758,Tarragona,Cuenta corriente,Si,13464,0.21
43126,D-113,Girona,Ahorros,Si,11846,0.21
43126,B-670,Girona,Plan de jubilación,Si,4769,0.21
43126,A-744,Girona,Hipoteca,Si,13466,0.21
43126,D-986,Girona,Hipoteca,No,3089,0.21
43126,B-480,Girona,Plan de jubilación,No,13698,0.21
43126,D-880,Lleida,Ahorros,No,1599,0.21
43126,A-395,Lleida,Plan de jubilación,Si,10891,0.21
43127,A-447,Barcelona,Plan de jubilación,No,8113,0.21
43127,C-618,Barcelona,Plan de jubilación,Si,5304,0.21
43127,A-951,Gavà,Plan de jubilación,No,7020,0.21
43127,C-980,Gavà,Fondo de inversión,Si,7060,0.21
43127,B-809,Gavà,Fondo de inversión,No,1383,0.21
43127,A-831,Gavà,Cuenta corriente,No,12359,0.21
43127,D-350,Gavà,Plan de jubilación,Si,953,0.21
43127,A-260,Tarragona,Plan de jubilación,Si,3964,0.21
43127,D-529,Tarragona,Fondo de inversión,Si,10752,0.21
43127,C-387,Tarragona,Fondo de inversión,Si,2100,0.21
43127,C-971,Tarragona,Ahorros,No,6145,0.21
43127,A-128,Tarragona,Cuenta corriente,Si,12743,0.21
43127,D-706,Tarragona,Plan de jubilación,Si,4710,0.21
43127,B-737,Tarragona,Cuenta corriente,Si,6266,0.21
43127,C-934,Tarragona,Hipoteca,Si,5293,0.21
43127,C-728,Tarragona,Fondo de inversión,No,13146,0.21
43127,B-707,Girona,Hipoteca,Si,1224,0.21
43127,A-554,Girona,Hipoteca,Si,3415,0.21
43127,D-594,Girona,Fondo de inversión,No,6317,0.21
43127,A-319,Lleida,Fondo de inversión,No,1070,0.21
43128,B-477,Barcelona,Plan de jubilación,Si,5127,0.21
43128,C-466,Barcelona,Fondo de inversión,Si,905,0.21
43128,D-623,Barcelona,Ahorros,Si,6410,0.21
43128,C-531,Barcelona,Fondo de inversión,No,4406,0.21
43128,D-325,Barcelona,Fondo de inversión,No,1855,0.21
43128,C-297,Barcelona,Ahorros,Si,8599,0.21
43128,C-568,Barcelona,Cuenta corriente,Si,3208,0.21
43128,A-624,Gavà,Plan de jubilación,No,4140,0.21
43128,A-453,Gavà,Plan de jubilación,Si,7440,0.21
43128,B-597,Gavà,Hipoteca,Si,8184,0.21
43128,D-509,Gavà,Hipoteca,No,3460,0.21
43128,C-713,Tarragona,Fondo de inversión,No,14554,0.21
43128,B-560,Tarragona,Fondo de inversión,No,13511,0.21
43128,C-824,Tarragona,Hipoteca,Si,10366,0.21
43128,D-212,Tarragona,Ahorros,Si,11695,0.21
43128,A-752,Girona,Ahorros,Si,11108,0.21
43128,C-658,Girona,Ahorros,Si,5256,0.21
43128,A-643,Girona,Plan de jubilación,Si,6790,0.21
43128,B-184,Girona,Fondo de inversión,No,9125,0.21
43128,C-121,Lleida,Fondo de inversión,Si,10417,0.21
43128,D-555,Lleida,Cuenta corriente,Si,311,0.21
43129,D-362,Barcelona,Plan de jubilación,No,5031,0.21
43129,B-319,Barcelona,Hipoteca,No,11307,0.21
43129,A-315,Barcelona,Fondo de inversión,Si,7403,0.21
43129,B-814,Gavà,Plan de jubilación,Si,742,0.21
43129,A-619,Gavà,Ahorros,Si,2344,0.21
43129,A-539,Tarragona,Fondo de inversión,No,8254,0.21
43129,B-364,Tarragona,Plan de jubilación,No,14070,0.21
43129,A-501,Tarragona,Plan de jubilación,No,5621,0.21
43129,D-410,Tarragona,Hipoteca,Si,3111,0.21
43129,D-240,Girona,Ahorros,Si,7189,0.21
43129,A-817,Girona,Cuenta corriente,No,2974,0.21
43129,A-598,Girona,Ahorros,No,3714,0.21
43129,B-183,Lleida,Cuenta corriente,Si,12908,0.21
43129,B-576,Lleida,Plan de jubilación,Si,5084,0.21
43130,C-346,Barcelona,Fondo de inversión,No,14124,0.21
43130,B-405,Barcelona,Ahorros,Si,4087,0.21
43130,C-500,Barcelona,Plan de jubilación,No,13661,0.21
43130,D-814,Gavà,Ahorros,No,12140,0.21
43130,B-589,Gavà,Plan de jubilación,No,14022,0.21
43130,C-541,Tarragona,Plan de jubilación,No,3113,0.21
43130,D-771,Girona,Ahorros,No,2165,0.21
43130,C-180,Girona,Fondo de inversión,No,9710,0.21
43130,A-512,Girona,Fondo de inversión,Si,11287,0.21
43130,A-253,Girona,Fondo de inversión,Si,2319,0.21
43130,D-469,Lleida,Cuenta corriente,No,1800,0.21
43130,C-638,Lleida,Ahorros,Si,231,0.21
43130,D-473,Lleida,Plan de jubilación,No,6316,0.21
43130,D-122,Lleida,Cuenta corriente,No,467,0.21
43130,C-191,Lleida,Plan de jubilación,No,1054,0.21
43130,A-913,Lleida,Fondo de inversión,Si,9612,0.21
43130,A-709,Lleida,Plan de jubilación,No,4892,0.21
43130,B-265,Lleida,Ahorros,Si,3910,0.21
43131,B-919,Barcelona,Hipoteca,No,7612,0.21
43131,A-620,Gavà,Ahorros,No,6018,0.21
43131,C-596,Gavà,Ahorros,No,7587,0.21
43131,A-543,Tarragona,Fondo de inversión,No,8698,0.21
43131,A-175,Tarragona,Ahorros,No,10242,0.21
43131,B-940,Tarragona,Hipoteca,Si,11845,0.21
43131,A-722,Tarragona,Cuenta corriente,Si,6938,0.21
43131,D-796,Tarragona,Cuenta corriente,Si,9607,0.21
43131,C-542,Girona,Plan de jubilación,Si,13948,0.21
43131,D-900,Lleida,Ahorros,Si,14339,0.21
43131,D-463,Lleida,Ahorros,Si,9810,0.21
43131,D-588,Lleida,Plan de jubilación,Si,5806,0.21
43131,D-217,Lleida,Hipoteca,No,12305,0.21
43132,D-663,Barcelona,Fondo de inversión,Si,1728,0.21
43132,D-830,Barcelona,Fondo de inversión,No,13598,0.21
43132,A-406,Barcelona,Hipoteca,No,9946,0.21
43132,D-395,Barcelona,Fondo de inversión,No,12297,0.21
43132,A-152,Gavà,Fondo de inversión,No,7670,0.21
43132,A-713,Gavà,Ahorros,Si,8017,0.21
43132,C-945,Gavà,Cuenta corriente,No,8540,0.21
43132,B-901,Tarragona,Cuenta corriente,Si,7612,0.21
43132,C-976,Tarragona,Ahorros,No,9515,0.21
43132,D-901,Tarragona,Plan de jubilación,Si,3221,0.21
43132,A-468,Tarragona,Hipoteca,Si,12627,0.21
43132,A-585,Tarragona,Fondo de inversión,Si,2177,0.21
43132,D-828,Girona,Fondo de inversión,No,2299,0.21
43132,A-547,Girona,Ahorros,No,7481,0.21
43132,A-112,Girona,Cuenta corriente,Si,5400,0.21
43132,A-676,Girona,Plan de jubilación,Si,6037,0.21
43132,A-529,Girona,Ahorros,Si,8667,0.21
43132,A-309,Lleida,Cuenta corriente,Si,1369,0.21
43132,A-674,Lleida,Hipoteca,No,7882,0.21
43132,B-181,Lleida,Cuenta corriente,No,4833,0.21
43132,C-756,Lleida,Ahorros,Si,4501,0.21
43133,C-355,Barcelona,Hipoteca,No,6745,0.21
43133,B-677,Barcelona,Ahorros,No,8402,0.21
43133,A-466,Gavà,Plan de jubilación,No,12890,0.21
43133,C-171,Gavà,Plan de jubilación,No,229,0.21
43133,D-943,Gavà,Fondo de inversión,No,13030,0.21
43133,A-908,Gavà,Plan de jubilación,Si,1351,0.21
43133,D-994,Gavà,Fondo de inversión,No,4452,0.21
43133,A-994,Gavà,Fondo de inversión,No,7443,0.21
43133,D-514,Gavà,Cuenta corriente,No,10757,0.21
43133,D-338,Gavà,Cuenta corriente,Si,1309,0.21
43133,B-384,Tarragona,Cuenta corriente,No,13414,0.21
43133,B-768,Tarragona,Fondo de inversión,Si,5831,0.21
43133,D-991,Tarragona,Fondo de inversión,Si,12963,0.21
43133,C-539,Tarragona,Cuenta corriente,No,3409,0.21
43133,A-287,Girona,Plan de jubilación,No,11531,0.21
43133,D-862,Girona,Ahorros,No,14742,0.21
43133,B-415,Girona,Hipoteca,Si,8810,0.21
43133,B-721,Girona,Ahorros,Si,7295,0.21
43133,B-244,Girona,Plan de jubilación,No,7945,0.21
43133,B-610,Lleida,Fondo de inversión,No,11468,0.21
43133,A-191,Lleida,Plan de jubilación,Si,13366,0.21
43133,C-253,Lleida,Hipoteca,No,8315,0.21
43133,D-928,Lleida,Ahorros,Si,10518,0.21
43134,C-247,Barcelona,Cuenta corriente,Si,11597,0.21
43134,A-288,Barcelona,Ahorros,No,14789,0.21
43134,A-697,Barcelona,Hipoteca,Si,5490,0.21
43134,C-694,Barcelona,Plan de jubilación,No,1990,0.21
43134,A-502,Gavà,Fondo de inversión,Si,10257,0.21
43134,B-699,Gavà,Plan de jubilación,Si,13788,0.21
43134,D-851,Gavà,Ahorros,Si,10009,0.21
43134,D-545,Tarragona,Plan de jubilación,Si,11432,0.21
43134,A-311,Tarragona,Plan de jubilación,Si,8213,0.21
43134,C-901,Girona,Cuenta corriente,No,10369,0.21
43134,A-559,Girona,Ahorros,No,6965,0.21
43134,A-905,Girona,Cuenta corriente,No,4474,0.21
43134,A-390,Lleida,Fondo de inversión,Si,14143,0.21
43134,B-529,Lleida,Fondo de inversión,No,9776,0.21
43134,B-531,Lleida,Plan de jubilación,No,11181,0.21
43134,D-132,Lleida,Fondo de inversión,Si,7827,0.21
43134,C-994,Lleida,Plan de jubilación,Si,4594,0.21
43134,D-210,Lleida,Plan de jubilación,No,11516,0.21
43134,B-938,Lleida,Plan de jubilación,Si,8358,0.21
43134,C-303,Lleida,Cuenta corriente,Si,3971,0.21
43135,C-523,Barcelona,Cuenta corriente,No,6910,0.21
43135,D-678,Barcelona,Hipoteca,No,8071,0.21
43135,A-633,Barcelona,Plan de jubilación,Si,12696,0.21
43135,A-109,Barcelona,Cuenta corriente,Si,5771,0.21
43135,A-999,Barcelona,Ahorros,Si,7815,0.21
43135,A-416,Barcelona,Cuenta corriente,Si,11969,0.21
43135,A-392,Barcelona,Ahorros,Si,11377,0.21
43135,D-914,Gavà,Plan de jubilación,No,4221,0.21
43135,B-478,Gavà,Cuenta corriente,Si,11079,0.21
43135,A-107,Gavà,Hipoteca,No,3570,0.21
43135,A-606,Gavà,Fondo de inversión,No,2530,0.21
43135,B-191,Gavà,Cuenta corriente,Si,9781,0.21
43135,A-981,Gavà,Cuenta corriente,No,3562,0.21
43135,B-898,Gavà,Cuenta corriente,Si,3395,0.21
43135,B-839,Tarragona,Plan de jubilación,Si,5176,0.21
43135,D-847,Tarragona,Cuenta corriente,Si,11885,0.21
43135,D-327,Tarragona,Ahorros,No,10366,0.21
43135,B-417,Tarragona,Hipoteca,No,8451,0.21
43135,B-346,Tarragona,Hipoteca,No,4770,0.21
43135,C-964,Tarragona,Cuenta corriente,No,210,0.21
43135,C-225,Tarragona,Ahorros,No,671,0.21
43135,D-425,Girona,Hipoteca,No,978,0.21
43135,B-274,Girona,Cuenta corriente,No,9329,0.21
43135,A-247,Girona,Ahorros,No,6928,0.21
43135,B-847,Girona,Ahorros,Si,10460,0.21
43135,C-101,Girona,Ahorros,Si,4737,0.21
43135,A-888,Lleida,Ahorros,No,1531,0.21
43135,B-790,Lleida,Cuenta corriente,No,11655,0.21
43135,B-215,Lleida,Fondo de inversión,No,12877,0.21
43135,D-722,Lleida,Hipoteca,Si,9603,0.21
43135,A-966,Lleida,Cuenta corriente,Si,10529,0.21
43135,B-850,Lleida,Hipoteca,No,6116,0.21
43135,C-920,Lleida,Plan de jubilación,No,8730,0.21
43135,C-339,Lleida,Cuenta corriente,No,11776,0.21
43135,D-411,Lleida,Fondo de inversión,Si,8918,0.21
43135,C-989,Lleida,Plan de jubilación,Si,4420,0.21
43136,C-632,Barcelona,Hipoteca,No,5768,0.21
43136,D-729,Barcelona,Fondo de inversión,Si,10852,0.21
43136,B-894,Barcelona,Plan de jubilación,Si,4799,0.21
43136,B-440,Barcelona,Hipoteca,Si,14677,0.21
43136,D-269,Barcelona,Plan de jubilación,No,3261,0.21
43136,D-385,Barcelona,Ahorros,Si,5870,0.21
43136,A-412,Gavà,Fondo de inversión,Si,1269,0.21
43136,C-309,Gavà,Cuenta corriente,Si,4002,0.21
43136,B-207,Gavà,Ahorros,Si,4335,0.21
43136,A-773,Gavà,Ahorros,Si,2563,0.21
43136,A-315,Gavà,Plan de jubilación,No,5233,0.21
43136,B-117,Tarragona,Ahorros,No,6091,0.21
43136,C-268,Tarragona,Ahorros,Si,4156,0.21
43136,A-266,Girona,Ahorros,No,8632,0.21
43136,D-944,Girona,Cuenta corriente,Si,10552,0.21
43136,D-360,Girona,Hipoteca,Si,249,0.21
43136,A-394,Girona,Hipoteca,Si,8439,0.21
43136,C-678,Girona,Fondo de inversión,No,11741,0.21
43136,B-822,Girona,Cuenta corriente,No,7775,0.21
43136,C-974,Lleida,Ahorros,No,9464,0.21
43136,B-561,Lleida,Cuenta corriente,No,5858,0.21
43136,B-103,Lleida,Cuenta corriente,Si,8317,0.21
43136,D-211,Lleida,Hipoteca,Si,13240,0.21
43137,D-649,Barcelona,Cuenta corriente,No,14314,0.21
43137,B-325,Barcelona,Cuenta corriente,Si,11553,0.21
43137,B-500,Barcelona,Cuenta corriente,No,5374,0.21
43137,C-370,Barcelona,Fondo de inversión,Si,9801,0.21
43137,D-858,Barcelona,Hipoteca,No,5560,0.21
43137,D-295,Gavà,Ahorros,No,6560,0.21
43137,B-572,Gavà,Cuenta corriente,Si,4453,0.21
43137,C-254,Tarragona,Hipoteca,No,6371,0.21
43137,A-682,Tarragona,Cuenta corriente,Si,4252,0.21
43137,A-827,Tarragona,Fondo de inversión,No,1732,0.21
43137,A-445,Tarragona,Cuenta corriente,No,12961,0.21
43137,C-787,Tarragona,Cuenta corriente,Si,9908,0.21
43137,A-711,Tarragona,Plan de jubilación,Si,1201,0.21
43137,B-512,Tarragona,Hipoteca,No,1749,0.21
43137,B-237,Girona,Hipoteca,No,12294,0.21
43137,A-781,Girona,Plan de jubilación,No,5298,0.21
43137,B-484,Girona,Cuenta corriente,Si,13625,0.21
43138,B-322,Barcelona,Ahorros,No,12933,0.21
43138,D-575,Barcelona,Fondo de inversión,No,11748,0.21
43138,A-981,Barcelona,Cuenta corriente,Si,5098,0.21
43138,B-287,Barcelona,Cuenta corriente,No,8396,0.21
43138,A-821,Barcelona,Hipoteca,No,9388,0.21
43138,A-435,Barcelona,Fondo de inversión,No,11204,0.21
43138,C-967,Gavà,Hipoteca,Si,14490,0.21
43138,D-976,Gavà,Cuenta corriente,Si,13794,0.21
43138,A-241,Gavà,Hipoteca,No,8324,0.21
43138,C-206,Gavà,Fondo de inversión,No,13254,0.21
43138,D-408,Gavà,Ahorros,No,1883,0.21
43138,B-434,Gavà,Ahorros,No,12657,0.21
43138,A-283,Tarragona,Cuenta corriente,No,3890,0.21
43138,B-947,Tarragona,Hipoteca,No,7347,0.21
43138,B-847,Tarragona,Cuenta corriente,No,1220,0.21
43138,A-800,Tarragona,Hipoteca,No,617,0.21
43138,B-519,Girona,Hipoteca,Si,9665,0.21
43138,D-742,Girona,Fondo de inversión,No,13819,0.21
43138,C-274,Girona,Ahorros,Si,11388,0.21
43138,A-229,Girona,Ahorros,No,10092,0.21
43138,D-632,Girona,Ahorros,Si,3196,0.21
43138,B-579,Girona,Fondo de inversión,Si,5254,0.21
43138,A-821,Girona,Ahorros,Si,511,0.21
43138,D-167,Lleida,Fondo de inversión,Si,6491,0.21
43139,C-393,Barcelona,Hipoteca,No,10812,0.21
43139,B-908,Barcelona,Hipoteca,No,6061,0.21
43139,C-508,Barcelona,Fondo de inversión,No,10208,0.21
43139,A-381,Barcelona,Cuenta corriente,No,8899,0.21
43139,D-814,Barcelona,Cuenta corriente,No,1632,0.21
43139,C-378,Barcelona,Hipoteca,Si,4583,0.21
43139,C-831,Gavà,Fondo de inversión,No,3571,0.21
43139,C-831,Gavà,Cuenta corriente,Si,14313,0.21
43139,A-728,Gavà,Fondo de inversión,Si,3464,0.21
43139,A-475,Tarragona,Ahorros,Si,12178,0.21
43139,D-297,Tarragona,Cuenta corriente,Si,9911,0.21
43139,D-459,Tarragona,Cuenta corriente,No,14454,0.21
43139,D-674,Tarragona,Cuenta corriente,Si,11208,0.21
43139,A-205,Tarragona,Plan de jubilación,Si,3866,0.21
43139,D-496,Tarragona,Plan de jubilación,No,2309,0.21
43139,A-332,Tarragona,Ahorros,No,12649,0.21
43139,B-671,Girona,Fondo de inversión,No,4623,0.21
43139,D-831,Girona,Ahorros,No,3953,0.21
43139,C-783,Girona,Hipoteca,Si,6596,0.21
43139,C-787,Girona,Cuenta corriente,Si,14821,0.21
43139,B-518,Girona,Fondo de inversión,Si,9268,0.21
43139,D-967,Lleida,Fondo de inversión,Si,9977,0.21
43139,B-265,Lleida,Cuenta corriente,No,5098,0.21
43139,D-490,Lleida,Fondo de inversión,No,1894,0.21
43139,D-221,Lleida,Fondo de inversión,Si,2839,0.21
43139,D-283,Lleida,Hipoteca,Si,14173,0.21
43139,C-839,Lleida,Hipoteca,Si,5874,0.21
43139,C-401,Lleida,Hipoteca,Si,11162,0.21
43139,B-275,Lleida,Plan de jubilación,Si,1710,0.21
43139,C-221,Lleida,Plan de jubilación,No,9682,0.21
43140,A-166,Barcelona,Hipoteca,No,14048,0.21
43140,C-314,Barcelona,Cuenta corriente,Si,1405,0.21
43140,D-914,Barcelona,Ahorros,No,643,0.21
43140,D-676,Barcelona,Hipoteca,No,4297,0.21
43140,D-821,Barcelona,Hipoteca,No,7159,0.21
43140,B-849,Barcelona,Cuenta corriente,No,2262,0.21
43140,B-872,Barcelona,Fondo de inversión,No,12198,0.21
43140,C-151,Barcelona,Ahorros,No,2383,0.21
43140,C-984,Gavà,Cuenta corriente,Si,8062,0.21
43140,A-735,Tarragona,Plan de jubilación,Si,1749,0.21
43140,B-643,Tarragona,Fondo de inversión,No,5718,0.21
43140,A-177,Tarragona,Plan de jubilación,Si,5126,0.21
43140,B-771,Tarragona,Plan de jubilación,No,1502,0.21
43140,B-193,Girona,Plan de jubilación,Si,7214,0.21
43140,C-874,Lleida,Fondo de inversión,Si,10550,0.21
43140,C-644,Lleida,Hipoteca,No,12030,0.21
43141,B-413,Barcelona,Fondo de inversión,No,700,0.21
43141,C-600,Barcelona,Fondo de inversión,No,11337,0.21
43141,B-818,Barcelona,Cuenta corriente,No,2990,0.21
43141,A-330,Barcelona,Cuenta corriente,Si,14648,0.21
43141,D-311,Barcelona,Fondo de inversión,No,7886,0.21
43141,C-971,Barcelona,Fondo de inversión,No,1597,0.21
43141,D-306,Barcelona,Ahorros,Si,2007,0.21
43141,A-828,Barcelona,Plan de jubilación,Si,5748,0.21
43141,D-278,Barcelona,Plan de jubilación,No,13825,0.21
43141,B-498,Gavà,Cuenta corriente,Si,13754,0.21
43141,D-154,Gavà,Ahorros,Si,11505,0.21
43141,B-956,Gavà,Hipoteca,Si,8944,0.21
43141,A-228,Gavà,Plan de jubilación,No,6272,0.21
43141,B-888,Tarragona,Cuenta corriente,No,6971,0.21
43141,D-435,Tarragona,Plan de jubilación,Si,11418,0.21
43141,A-324,Tarragona,Fondo de inversión,No,11503,0.21
43141,D-627,Tarragona,Plan de jubilación,No,13513,0.21
43141,D-155,Tarragona,Plan de jubilación,Si,4236,0.21
43141,C-667,Girona,Ahorros,No,6021,0.21
43141,B-317,Girona,Hipoteca,No,7604,0.21
43141,D-958,Girona,Ahorros,No,421,0.21
43141,B-901,Girona,Plan de jubilación,Si,2201,0.21
43141,C-681,Girona,Plan de jubilación,Si,4630,0.21
43141,A-944,Girona,Ahorros,Si,11747,0.21
43141,D-638,Lleida,Hipoteca,Si,7985,0.21
43141,B-432,Lleida,Cuenta corriente,No,14817,0.21
43141,A-805,Lleida,Cuenta corriente,No,2386,0.21
43142,A-836,Barcelona,Cuenta corriente,No,6277,0.21
43142,C-100,Barcelona,Fondo de inversión,No,11437,0.21
43142,B-693,Barcelona,Fondo de inversión,Si,7093,0.21
43142,D-415,Barcelona,Hipoteca,Si,12547,0.21
43142,B-380,Barcelona,Cuenta corriente,Si,6209,0.21
43142,A-340,Barcelona,Fondo de inversión,No,13477,0.21
43142,A-907,Gavà,Fondo de inversión,No,10493,0.21
43142,D-285,Gavà,Plan de jubilación,No,6498,0.21
43142,C-855,Gavà,Fondo de inversión,No,9639,0.21
43142,B-729,Tarragona,Cuenta corriente,No,10961,0.21
43142,D-904,Tarragona,Fondo de inversión,Si,10444,0.21
43142,C-191,Tarragona,Hipoteca,No,13243,0.21
43142,D-799,Tarragona,Hipoteca,Si,12388,0.21
43142,C-245,Tarragona,Cuenta corriente,Si,4520,0.21
43142,D-829,Tarragona,Hipoteca,No,10316,0.21
43142,C-825,Tarragona,Cuenta corriente,No,6437,0.21
43142,D-614,Tarragona,Plan de jubilación,Si,4230,0.21
43142,B-892,Girona,Hipoteca,Si,5741,0.21
43142,D-501,Girona,Hipoteca,No,9066,0.21
43142,D-449,Girona,Hipoteca,Si,9410,0.21
43142,B-881,Girona,Fondo de inversión,Si,4082,0.21
43142,A-532,Girona,Cuenta corriente,No,10500,0.21
43142,C-927,Girona,Cuenta corriente,Si,12489,0.21
43142,A-876,Lleida,Fondo de inversión,No,14887,0.21
43142,D-645,Lleida,Hipoteca,Si,6392,0.21
43142,A-772,Lleida,Hipoteca,Si,10554,0.21
43142,C-637,Lleida,Plan de jubilación,No,9140,0.21
43143,B-343,Barcelona,Plan de jubilación,Si,13576,0.21
43143,A-567,Barcelona,Plan de jubilación,No,2619,0.21
43143,C-451,Gavà,Fondo de inversión,Si,7873,0.21
43143,A-392,Gavà,Fondo de inversión,Si,1844,0.21
43143,C-727,Gavà,Hipoteca,Si,7812,0.21
43143,A-128,Gavà,Ahorros,No,4364,0.21
43143,B-185,Gavà,Ahorros,Si,2848,0.21
43143,C-938,Tarragona,Hipoteca,Si,7569,0.21
43143,B-741,Tarragona,Fondo de inversión,Si,3962,0.21
43143,B-431,Tarragona,Plan de jubilación,No,10908,0.21
43143,B-762,Tarragona,Ahorros,No,6632,0.21
43143,C-772,Tarragona,Cuenta corriente,No,12875,0.21
43143,D-728,Girona,Ahorros,Si,2115,0.21
43143,B-439,Lleida,Cuenta corriente,No,9037,0.21
43143,A-459,Lleida,Ahorros,No,5873,0.21
43143,C-275,Lleida,Ahorros,No,9885,0.21
43143,C-314,Lleida,Hipoteca,No,4533,0.21
43144,B-663,Barcelona,Hipoteca,Si,13770,0.21
43144,C-578,Gavà,Hipoteca,No,483,0.21
43144,D-903,Gavà,Hipoteca,No,4474,0.21
43144,A-995,Gavà,Hipoteca,Si,6539,0.21
43144,D-753,Gavà,Cuenta corriente,Si,10580,0.21
43144,C-876,Tarragona,Plan de jubilación,No,5666,0.21
43144,D-263,Tarragona,Hipoteca,No,803,0.21
43144,C-837,Girona,Hipoteca,No,5416,0.21
43144,A-378,Girona,Hipoteca,No,14011,0.21
43144,A-193,Girona,Fondo de inversión,No,11355,0.21
43144,C-976,Girona,Plan de jubilación,No,12489,0.21
43144,C-767,Lleida,Cuenta corriente,Si,3839,0.21
43144,A-927,Lleida,Fondo de inversión,Si,1980,0.21
43144,A-376,Lleida,Cuenta corriente,Si,6243,0.21
43144,B-367,Lleida,Ahorros,Si,3671,0.21
43144,C-965,Lleida,Fondo de inversión,No,427,0.21
43144,D-860,Lleida,Fondo de inversión,No,9553,0.21
43144,D-846,Lleida,Ahorros,No,6426,0.21
43144,D-844,Lleida,Fondo de inversión,No,9662,0.21
43145,D-566,Barcelona,Ahorros,Si,2480,0.21
43145,D-706,Barcelona,Fondo de inversión,Si,14564,0.21
43145,A-223,Barcelona,Hipoteca,No,3879,0.21
43145,D-713,Barcelona,Hipoteca,Si,3623,0.21
43145,C-524,Gavà,Plan de jubilación,No,1189,0.21
43145,C-110,Gavà,Cuenta corriente,Si,8212,0.21
43145,A-470,Gavà,Plan de jubilación,No,6581,0.21
43145,D-616,Gavà,Cuenta corriente,Si,10151,0.21
43145,D-836,Gavà,Plan de jubilación,No,5222,0.21
43145,B-509,Gavà,Cuenta corriente,Si,14734,0.21
43145,A-799,Tarragona,Hipoteca,Si,7441,0.21
43145,A-561,Tarragona,Hipoteca,Si,520,0.21
43145,A-378,Tarragona,Cuenta corriente,Si,6803,0.21
43145,A-934,Tarragona,Ahorros,Si,5510,0.21
43145,D-577,Tarragona,Cuenta corriente,Si,3857,0.21
43145,A-455,Tarragona,Plan de jubilación,Si,5326,0.21
43145,C-387,Tarragona,Hipoteca,Si,3335,0.21
43145,B-272,Tarragona,Plan de jubilación,No,3489,0.21
43145,D-573,Girona,Cuenta corriente,Si,3777,0.21
43145,B-559,Girona,Plan de jubilación,No,13936,0.21
43145,C-553,Lleida,Cuenta corriente,No,1255,0.21
43145,B-402,Lleida,Plan de jubilación,Si,5011,0.21
43145,A-160,Lleida,Plan de jubilación,Si,12392,0.21
43145,D-255,Lleida,Hipoteca,No,14588,0.21
43145,A-296,Lleida,Cuenta corriente,Si,7688,0.21
43145,A-357,Lleida,Plan de jubilación,No,12827,0.21
43146,C-382,Barcelona,Hipoteca,Si,2011,0.21
43146,B-920,Barcelona,Ahorros,Si,3329,0.21
43146,B-792,Barcelona,Hipoteca,No,3249,0.21
43146,B-513,Barcelona,Plan de jubilación,Si,8880,0.21
43146,D-419,Barcelona,Fondo de inversión,No,3868,0.21
43146,A-810,Barcelona,Plan de jubilación,Si,6840,0.21
43146,D-801,Gavà,Ahorros,No,11153,0.21
43146,A-305,Gavà,Ahorros,Si,984,0.21
43146,A-718,Tarragona,Ahorros,No,13067,0.21
43146,A-163,Tarragona,Ahorros,Si,4116,0.21
43146,A-143,Tarragona,Cuenta corriente,No,2352,0.21
43146,B-256,Tarragona,Ahorros,Si,13349,0.21
43146,C-262,Tarragona,Plan de jubilación,Si,817,0.21
43146,C-694,Tarragona,Cuenta corriente,No,14604,0.21
43146,C-954,Girona,Hipoteca,No,14806,0.21
43146,D-290,Girona,Fondo de inversión,Si,14227,0.21
43146,C-782,Girona,Cuenta corriente,Si,10476,0.21
43146,C-732,Lleida,Cuenta corriente,Si,7487,0.21
43146,B-159,Lleida,Fondo de inversión,Si,3936,0.21
43146,D-113,Lleida,Cuenta corriente,No,9284,0.21
43146,A-635,Lleida,Hipoteca,Si,4980,0.21
43146,A-555,Lleida,Plan de jubilación,Si,10588,0.21
43147,D-563,Gavà,Ahorros,No,474,0.21
43147,B-780,Gavà,Fondo de inversión,Si,922,0.21
43147,A-291,Tarragona,Fondo de inversión,No,1508,0.21
43147,D-550,Tarragona,Cuenta corriente,No,13502,0.21
43147,A-608,Tarragona,Hipoteca,Si,7819,0.21
43147,D-292,Tarragona,Plan de jubilación,No,4737,0.21
43147,C-725,Girona,Fondo de inversión,No,3598,0.21
43147,D-996,Girona,Plan de jubilación,Si,11002,0.21
43147,D-321,Girona,Hipoteca,Si,7170,0.21
43147,A-371,Girona,Plan de jubilación,No,12683,0.21
43147,C-176,Girona,Fondo de inversión,Si,6019,0.21
43147,B-802,Girona,Cuenta corriente,No,14087,0.21
43147,B-579,Lleida,Cuenta corriente,Si,5050,0.21
43147,D-580,Lleida,Ahorros,Si,1722,0.21
43147,A-477,Lleida,Cuenta corriente,No,7934,0.21
43147,B-987,Lleida,Fondo de inversión,Si,8842,0.21
43148,B-948,Barcelona,Fondo de inversión,Si,11285,0.21
43148,B-821,Barcelona,Ahorros,Si,14300,0.21
43148,C-838,Gavà,Fondo de inversión,Si,13281,0.21
43148,D-689,Gavà,Ahorros,No,4393,0.21
43148,C-154,Gavà,Cuenta corriente,No,13230,0.21
43148,B-763,Gavà,Ahorros,Si,14648,0.21
43148,C-295,Gavà,Plan de jubilación,Si,3286,0.21
43148,B-422,Gavà,Cuenta corriente,No,3033,0.21
43148,A-158,Girona,Ahorros,No,2465,0.21
43148,D-572,Girona,Cuenta corriente,No,12978,0.21
43148,B-214,Girona,Hipoteca,Si,7201,0.21
43148,B-747,Lleida,Plan de jubilación,No,9799,0.21
43148,C-359,Lleida,Hipoteca,Si,1271,0.21
43148,A-451,Lleida,Hipoteca,No,10530,0.21
43148,C-285,Lleida,Plan de jubilación,No,1388,0.21
43148,B-460,Lleida,Fondo de inversión,No,4681,0.21
43149,C-137,Barcelona,Ahorros,Si,14876,0.21
43149,C-197,Gavà,Hipoteca,No,14249,0.21
43149,C-304,Tarragona,Hipoteca,Si,6645,0.21
43149,C-461,Tarragona,Cuenta corriente,No,12725,0.21
43149,A-789,Tarragona,Hipoteca,No,6719,0.21
43149,C-259,Girona,Hipoteca,No,3894,0.21
43149,D-454,Girona,Cuenta corriente,No,10553,0.21
43149,D-226,Lleida,Plan de jubilación,No,10702,0.21
43149,D-877,Lleida,Ahorros,No,5028,0.21
43150,B-722,Barcelona,Hipoteca,No,1235,0.21
43150,D-333,Barcelona,Hipoteca,No,8303,0.21
43150,C-756,Barcelona,Cuenta corriente,Si,9250,0.21
43150,A-767,Barcelona,Hipoteca,No,2009,0.21
43150,C-991,Gavà,Fondo de inversión,No,2572,0.21
43150,B-623,Gavà,Ahorros,No,1606,0.21
43150,A-932,Gavà,Ahorros,No,13865,0.21
43150,B-340,Tarragona,Ahorros,No,7494,0.21
43150,B-337,Tarragona,Ahorros,Si,14701,0.21
43150,D-493,Tarragona,Cuenta corriente,Si,1499,0.21
43150,D-481,Tarragona,Fondo de inversión,No,4360,0.21
43150,B-594,Tarragona,Hipoteca,No,12907,0.21
43150,A-429,Girona,Ahorros,No,13624,0.21
43150,A-774,Girona,Ahorros,Si,5434,0.21
43150,C-641,Girona,Fondo de inversión,Si,13767,0.21
43150,D-140,Girona,Cuenta corriente,Si,7656,0.21
43150,A-787,Girona,Ahorros,Si,3928,0.21
43150,D-873,Girona,Fondo de inversión,Si,210,0.21
43150,D-617,Girona,Ahorros,No,2030,0.21
43150,B-878,Lleida,Cuenta corriente,No,4472,0.21
43150,B-286,Lleida,Hipoteca,Si,9089,0.21
43150,C-621,Lleida,Plan de jubilación,No,2844,0.21
43150,B-244,Lleida,Cuenta corriente,Si,5747,0.21
43150,C-521,Lleida,Fondo de inversión,Si,9254,0.21
43150,A-239,Lleida,Hipoteca,No,7498,0.21
43150,B-781,Lleida,Ahorros,No,2427,0.21
43150,C-555,Lleida,Plan de jubilación,Si,2929,0.21
43151,A-134,Barcelona,Hipoteca,Si,7248,0.21
43151,B-446,Barcelona,Plan de jubilación,Si,3754,0.21
43151,C-865,Barcelona,Ahorros,No,14569,0.21
43151,B-118,Barcelona,Plan de jubilación,Si,6779,0.21
43151,D-385,Gavà,Hipoteca,Si,7733,0.21
43151,B-812,Gavà,Cuenta corriente,No,3944,0.21
43151,C-691,Gavà,Plan de jubilación,No,13213,0.21
43151,C-434,Gavà,Ahorros,No,14961,0.21
43151,B-995,Tarragona,Fondo de inversión,No,2123,0.21
43151,A-184,Tarragona,Hipoteca,Si,14814,0.21
43151,B-275,Tarragona,Plan de jubilación,Si,9465,0.21
43151,B-742,Tarragona,Plan de jubilación,Si,8912,0.21
43151,A-701,Girona,Fondo de inversión,Si,8028,0.21
43151,D-422,Girona,Hipoteca,No,12177,0.21
43151,C-160,Girona,Cuenta corriente,Si,7807,0.21
43151,B-524,Girona,Plan de jubilación,Si,10415,0.21
43151,C-156,Girona,Fondo de inversión,No,13886,0.21
43151,B-517,Lleida,Fondo de inversión,Si,12796,0.21
43151,C-946,Lleida,Cuenta corriente,No,2115,0.21
43151,C-385,Lleida,Cuenta corriente,Si,8335,0.21
43151,B-127,Lleida,Hipoteca,No,1826,0.21
43152,C-765,Barcelona,Cuenta corriente,Si,14794,0.21
43152,B-867,Barcelona,Plan de jubilación,No,8673,0.21
43152,D-846,Barcelona,Hipoteca,No,1389,0.21
43152,B-431,Barcelona,Hipoteca,No,14923,0.21
43152,D-194,Barcelona,Fondo de inversión,No,6047,0.21
43152,C-811,Barcelona,Cuenta corriente,Si,8609,0.21
43152,A-566,Barcelona,Hipoteca,No,7419,0.21
43152,D-692,Gavà,Hipoteca,No,6874,0.21
43152,D-477,Gavà,Ahorros,No,5349,0.21
43152,A-479,Gavà,Ahorros,No,2139,0.21
43152,A-219,Gavà,Cuenta corriente,Si,11285,0.21
43152,B-270,Gavà,Plan de jubilación,No,13437,0.21
43152,D-599,Girona,Plan de jubilación,No,5477,0.21
43152,C-544,Girona,Fondo de inversión,No,9040,0.21
43152,A-594,Girona,Cuenta corriente,Si,4410,0.21
43152,D-846,Girona,Ahorros,No,14149,0.21
43152,A-934,Girona,Ahorros,Si,2114,0.21
43152,B-356,Lleida,Hipoteca,No,14472,0.21
43152,D-189,Lleida,Fondo de inversión,No,13762,0.21
43152,A-797,Lleida,Cuenta corriente,Si,654,0.21
43152,C-876,Lleida,Plan de jubilación,Si,2981,0.21
43152,A-737,Lleida,Ahorros,Si,2054,0.21
43153,C-231,Barcelona,Cuenta corriente,No,5111,0.21
43153,B-450,Gavà,Fondo de inversión,Si,12643,0.21
43153,A-884,Tarragona,Ahorros,No,13846,0.21
43153,A-997,Tarragona,Fondo de inversión,Si,2663,0.21
43153,A-209,Tarragona,Fondo de inversión,Si,5808,0.21
43153,D-902,Tarragona,Fondo de inversión,Si,5581,0.21
43153,D-501,Tarragona,Hipoteca,No,624,0.21
43153,A-329,Girona,Fondo de inversión,Si,2487,0.21
43153,A-577,Girona,Hipoteca,Si,9176,0.21
43153,A-457,Girona,Ahorros,Si,6776,0.21
43153,C-624,Girona,Fondo de inversión,Si,5841,0.21
43153,A-723,Girona,Ahorros,No,5117,0.21
43153,B-519,Girona,Ahorros,Si,13986,0.21
43153,C-408,Girona,Plan de jubilación,Si,10830,0.21
43153,C-680,Lleida,Fondo de inversión,Si,11008,0.21
43153,C-483,Lleida,Hipoteca,Si,5136,0.21
43153,A-796,Lleida,Cuenta corriente,No,11098,0.21
43153,A-225,Lleida,Fondo de inversión,Si,7852,0.21
43154,A-575,Barcelona,Fondo de inversión,No,8140,0.21
43154,A-919,Barcelona,Fondo de inversión,Si,4251,0.21
43154,B-325,Barcelona,Ahorros,Si,3165,0.21
43154,C-132,Gavà,Fondo de inversión,Si,8275,0.21
43154,D-473,Gavà,Ahorros,No,13135,0.21
43154,C-898,Gavà,Hipoteca,No,12770,0.21
43154,A-538,Gavà,Plan de jubilación,Si,6901,0.21
43154,D-631,Tarragona,Cuenta corriente,No,10198,0.21
43154,B-555,Tarragona,Hipoteca,Si,6389,0.21
43154,A-106,Tarragona,Plan de jubilación,No,463,0.21
43154,C-789,Girona,Cuenta corriente,No,2540,0.21
43154,D-862,Girona,Plan de jubilación,Si,14284,0.21
43154,A-906,Girona,Ahorros,No,1436,0.21
43154,C-620,Girona,Plan de jubilación,Si,9727,0.21
43154,A-471,Girona,Ahorros,Si,9046,0.21
43154,D-194,Girona,Hipoteca,Si,4131,0.21
43154,C-642,Lleida,Fondo de inversión,Si,4235,0.21
43154,A-144,Lleida,Ahorros,Si,1542,0.21
43154,D-136,Lleida,Fondo de inversión,Si,13839,0.21
43154,A-196,Lleida,Fondo de inversión,No,2302,0.21
43155,A-152,Barcelona,Plan de jubilación,No,6813,0.21
43155,C-588,Barcelona,Ahorros,No,1555,0.21
43155,B-695,Gavà,Cuenta corriente,Si,5318,0.21
43155,A-933,Gavà,Ahorros,Si,13771,0.21
43155,A-729,Gavà,Fondo de inversión,Si,7068,0.21
43155,A-867,Gavà,Ahorros,Si,8686,0.21
43155,D-693,Gavà,Cuenta corriente,Si,11393,0.21
43155,C-663,Tarragona,Plan de jubilación,Si,13533,0.21
43155,C-254,Tarragona,Ahorros,Si,9465,0.21
43155,C-719,Girona,Hipoteca,No,3795,0.21
43155,A-889,Girona,Ahorros,No,9814,0.21
43155,A-449,Girona,Fondo de inversión,No,14578,0.21
43155,B-372,Girona,Fondo de inversión,No,12245,0.21
43155,A-983,Girona,Hipoteca,Si,13904,0.21
43155,D-126,Lleida,Cuenta corriente,Si,8262,0.21
43155,A-332,Lleida,Fondo de inversión,Si,13483,0.21
43156,C-932,Barcelona,Plan de jubilación,Si,822,0.21
43156,B-585,Barcelona,Hipoteca,Si,13289,0.21
43156,A-901,Barcelona,Plan de jubilación,Si,10081,0.21
43156,B-138,Barcelona,Cuenta corriente,No,9889,0.21
43156,D-944,Barcelona,Ahorros,No,1492,0.21
43156,B-631,Barcelona,Ahorros,Si,12523,0.21
43156,A-986,Barcelona,Cuenta corriente,Si,8135,0.21
43156,A-100,Barcelona,Fondo de inversión,Si,12200,0.21
43156,B-702,Gavà,Cuenta corriente,Si,6973,0.21
43156,B-868,Gavà,Fondo de inversión,No,12516,0.21
43156,B-120,Gavà,Ahorros,Si,3243,0.21
43156,C-673,Gavà,Cuenta corriente,Si,9122,0.21
43156,D-586,Gavà,Fondo de inversión,Si,10483,0.21
43156,D-229,Gavà,Plan de jubilación,Si,7015,0.21
43156,A-846,Tarragona,Hipoteca,No,7543,0.21
43156,D-837,Tarragona,Plan de jubilación,Si,4574,0.21
43156,C-576,Tarragona,Cuenta corriente,No,6226,0.21
43156,C-574,Tarragona,Plan de jubilación,Si,8020,0.21
43156,B-276,Tarragona,Ahorros,No,14672,0.21
43156,D-156,Tarragona,Hipoteca,Si,8326,0.21
43156,B-348,Tarragona,Fondo de inversión,No,1167,0.21
43156,D-859,Tarragona,Plan de jubilación,No,3876,0.21
43156,C-894,Tarragona,Plan de jubilación,No,10896,0.21
43156,A-479,Girona,Plan de jubilación,Si,6995,0.21
43156,A-326,Girona,Fondo de inversión,No,7523,0.21
43156,B-792,Girona,Plan de jubilación,No,11080,0.21
43156,B-476,Girona,Cuenta corriente,Si,13332,0.21
43156,D-778,Lleida,Cuenta corriente,No,14656,0.21
43156,A-413,Lleida,Fondo de inversión,No,561,0.21
43156,D-726,Lleida,Cuenta corriente,Si,5643,0.21
43156,A-778,Lleida,Cuenta corriente,Si,4609,0.21
43157,A-327,Barcelona,Ahorros,Si,11702,0.21
43157,A-231,Barcelona,Cuenta corriente,No,13294,0.21
43157,A-598,Barcelona,Plan de jubilación,Si,4582,0.21
43157,C-812,Barcelona,Cuenta corriente,Si,11146,0.21
43157,B-391,Barcelona,Hipoteca,Si,4933,0.21
43157,B-155,Barcelona,Fondo de inversión,Si,13177,0.21
43157,A-546,Barcelona,Plan de jubilación,No,338,0.21
43157,C-539,Barcelona,Cuenta corriente,No,2857,0.21
43157,B-419,Gavà,Cuenta corriente,No,10253,0.21
43157,D-324,Gavà,Cuenta corriente,No,4793,0.21
43157,B-588,Gavà,Cuenta corriente,No,1295,0.21
43157,D-122,Gavà,Fondo de inversión,No,11043,0.21
43157,C-362,Tarragona,Fondo de inversión,Si,6531,0.21
43157,B-362,Tarragona,Cuenta corriente,Si,3694,0.21
43157,C-862,Girona,Ahorros,Si,6245,0.21
43157,A-812,Girona,Cuenta corriente,Si,14749,0.21
43157,D-498,Lleida,Ahorros,Si,6873,0.21
43157,A-764,Lleida,Plan de jubilación,No,11943,0.21
43157,A-654,Lleida,Plan de jubilación,Si,192,0.21
43158,A-406,Barcelona,Plan de jubilación,No,14472,0.21
43158,C-834,Barcelona,Ahorros,Si,5316,0.21
43158,C-912,Gavà,Cuenta corriente,Si,6931,0.21
43158,D-748,Gavà,Hipoteca,No,8058,0.21
43158,A-323,Gavà,Hipoteca,No,7600,0.21
43158,B-643,Gavà,Ahorros,No,14955,0.21
43158,C-920,Tarragona,Plan de jubilación,No,13157,0.21
43158,D-516,Tarragona,Ahorros,Si,2915,0.21
43158,C-993,Tarragona,Cuenta corriente,Si,7413,0.21
43158,D-851,Tarragona,Cuenta corriente,No,1285,0.21
43158,D-972,Tarragona,Fondo de inversión,Si,1064,0.21
43158,A-338,Tarragona,Cuenta corriente,Si,12141,0.21
43158,D-872,Girona,Hipoteca,Si,6739,0.21
43158,B-185,Girona,Hipoteca,No,5994,0.21
43158,A-864,Girona,Plan de jubilación,Si,12440,0.21
43158,D-271,Girona,Plan de jubilación,No,1829,0.21
43158,D-227,Lleida,Fondo de inversión,No,4478,0.21
43158,D-303,Lleida,Hipoteca,Si,3349,0.21
43158,C-978,Lleida,Cuenta corriente,No,3213,0.21
43158,D-615,Lleida,Plan de jubilación,No,334,0.21
43158,A-466,Lleida,Fondo de inversión,Si,8496,0.21
43159,A-568,Barcelona,Fondo de inversión,No,11406,0.21
43159,A-881,Barcelona,Plan de jubilación,No,7121,0.21
43159,A-935,Gavà,Cuenta corriente,Si,1501,0.21
43159,B-239,Gavà,Plan de jubilación,No,10993,0.21
43159,A-746,Gavà,Ahorros,Si,115,0.21
43159,D-993,Gavà,Cuenta corriente,Si,6074,0.21
43159,B-713,Gavà,Plan de jubilación,No,4739,0.21
43159,A-779,Gavà,Hipoteca,Si,537,0.21
43159,A-914,Gavà,Plan de jubilación,No,11943,0.21
43159,A-184,Tarragona,Hipoteca,Si,13136,0.21
43159,C-586,Girona,Hipoteca,No,14005,0.21
43159,D-345,Girona,Fondo de inversión,No,7558,0.21
43159,D-185,Girona,Ahorros,No,9221,0.21
43159,B-305,Lleida,Hipoteca,Si,13917,0.21
43159,D-756,Lleida,Fondo de inversión,No,9252,0.21
43160,A-328,Barcelona,Fondo de inversión,Si,555,0.21
43160,C-985,Barcelona,Cuenta corriente,Si,12644,0.21
43160,B-804,Barcelona,Cuenta corriente,No,13192,0.21
43160,B-760,Barcelona,Cuenta corriente,No,8013,0.21
43160,B-113,Gavà,Fondo de inversión,Si,577,0.21
43160,B-678,Tarragona,Ahorros,Si,176,0.21
43160,A-715,Tarragona,Plan de jubilación,No,1282,0.21
43160,C-295,Tarragona,Plan de jubilación,Si,9364,0.21
43160,A-913,Tarragona,Fondo de inversión,No,13398,0.21
43160,B-724,Tarragona,Hipoteca,No,8135,0.21
43160,B-182,Tarragona,Cuenta corriente,No,4078,0.21
43160,C-786,Tarragona,Ahorros,Si,6367,0.21
43160,B-924,Tarragona,Fondo de inversión,Si,9560,0.21
43160,D-576,Tarragona,Hipoteca,Si,4460,0.21
43160,B-175,Tarragona,Hipoteca,Si,8689,0.21
43160,A-613,Tarragona,Ahorros,No,12679,0.21
43160,B-673,Tarragona,Ahorros,No,7491,0.21
43160,A-582,Girona,Cuenta corriente,No,9469,0.21
43160,C-191,Girona,Plan de jubilación,No,7769,0.21
43160,D-441,Lleida,Ahorros,No,12241,0.21
43160,D-604,Lleida,Plan de jubilación,Si,13036,0.21
43161,D-184,Barcelona,Hipoteca,Si,1122,0.21
43161,C-927,Barcelona,Plan de jubilación,No,5959,0.21
43161,C-832,Barcelona,Plan de jubilación,Si,9061,0.21
43161,C-163,Barcelona,Ahorros,No,13087,0.21
43161,B-377,Barcelona,Fondo de inversión,Si,7270,0.21
43161,B-256,Barcelona,Plan de jubilación,No,172,0.21
43161,A-530,Barcelona,Hipoteca,Si,2234,0.21
43161,D-648,Gavà,Ahorros,Si,8493,0.21
43161,C-260,Gavà,Ahorros,Si,9887,0.21
43161,A-617,Gavà,Cuenta corriente,No,10271,0.21
43161,B-161,Gavà,Fondo de inversión,Si,3391,0.21
43161,D-862,Tarragona,Cuenta corriente,No,13036,0.21
43161,A-762,Tarragona,Cuenta corriente,No,11995,0.21
43161,D-734,Tarragona,Fondo de inversión,No,4137,0.21
43161,C-746,Tarragona,Hipoteca,Si,4502,0.21
43161,D-723,Tarragona,Cuenta corriente,Si,3838,0.21
43161,A-392,Girona,Ahorros,No,6353,0.21
43161,B-417,Girona,Hipoteca,Si,8990,0.21
43161,C-129,Girona,Cuenta corriente,No,5230,0.21
43161,B-166,Lleida,Hipoteca,Si,13020,0.21
43161,B-843,Lleida,Ahorros,Si,2832,0.21
43161,B-214,Lleida,Ahorros,Si,8737,0.21
43161,A-497,Lleida,Plan de jubilación,No,11982,0.21
43161,A-420,Lleida,Hipoteca,Si,10947,0.21
43162,C-852,Barcelona,Cuenta corriente,No,14461,0.21
43162,B-874,Barcelona,Ahorros,No,13977,0.21
43162,B-794,Barcelona,Hipoteca,Si,5739,0.21
43162,D-831,Barcelona,Plan de jubilación,Si,12916,0.21
43162,B-918,Barcelona,Cuenta corriente,No,6365,0.21
43162,D-563,Barcelona,Cuenta corriente,Si,14573,0.21
43162,B-249,Gavà,Ahorros,No,5966,0.21
43162,C-288,Gavà,Cuenta corriente,No,12225,0.21
43162,B-753,Tarragona,Hipoteca,No,10544,0.21
43162,B-447,Tarragona,Cuenta corriente,Si,2807,0.21
43162,D-259,Tarragona,Ahorros,Si,8192,0.21
43162,D-751,Tarragona,Ahorros,No,7589,0.21
43162,A-607,Girona,Fondo de inversión,Si,12370,0.21
43162,B-280,Girona,Cuenta corriente,No,9255,0.21
43162,B-585,Girona,Hipoteca,No,648,0.21
43162,B-910,Girona,Cuenta corriente,No,1842,0.21
43162,A-534,Girona,Hipoteca,Si,422,0.21
43162,D-209,Girona,Fondo de inversión,No,11286,0.21
43162,D-762,Girona,Plan de jubilación,No,4136,0.21
43162,D-120,Lleida,Fondo de inversión,Si,7057,0.21
43162,C-509,Lleida,Cuenta corriente,No,14576,0.21
43162,D-954,Lleida,Fondo de inversión,No,7113,0.21
43162,B-581,Lleida,Cuenta corriente,Si,7145,0.21
43163,D-912,Barcelona,Fondo de inversión,No,13642,0.21
43163,C-817,Barcelona,Ahorros,No,11507,0.21
43163,A-871,Barcelona,Fondo de inversión,No,10418,0.21
43163,C-999,Barcelona,Plan de jubilación,No,4806,0.21
43163,C-531,Barcelona,Hipoteca,Si,598,0.21
43163,C-700,Barcelona,Plan de jubilación,No,7965,0.21
43163,A-385,Barcelona,Plan de jubilación,No,13277,0.21
43163,A-415,Barcelona,Plan de jubilación,Si,4040,0.21
43163,A-754,Gavà,Fondo de inversión,Si,12326,0.21
43163,A-640,Gavà,Plan de jubilación,No,10504,0.21
43163,D-880,Gavà,Ahorros,No,10876,0.21
43163,D-121,Gavà,Hipoteca,No,4665,0.21
43163,B-166,Tarragona,Cuenta corriente,Si,13984,0.21
43163,A-133,Tarragona,Fondo de inversión,Si,11680,0.21
43163,B-275,Tarragona,Hipoteca,No,9910,0.21
43163,B-888,Tarragona,Fondo de inversión,Si,6520,0.21
43163,D-567,Tarragona,Plan de jubilación,Si,4520,0.21
43163,C-447,Girona,Fondo de inversión,No,4733,0.21
43163,A-135,Girona,Ahorros,No,1767,0.21
43163,B-390,Girona,Cuenta corriente,Si,13368,0.21
43163,C-611,Girona,Cuenta corriente,No,6174,0.21
43163,A-606,Lleida,Fondo de inversión,Si,13729,0.21
43163,C-486,Lleida,Hipoteca,No,6468,0.21
43163,D-359,Lleida,Fondo de inversión,No,1289,0.21
43164,C-898,Barcelona,Hipoteca,No,14995,0.21
43164,B-608,Barcelona,Plan de jubilación,Si,4672,0.21
43164,D-380,Barcelona,Hipoteca,Si,9881,0.21
43164,C-357,Barcelona,Fondo de inversión,Si,7796,0.21
43164,D-446,Gavà,Fondo de inversión,Si,5156,0.21
43164,D-156,Gavà,Plan de jubilación,No,6111,0.21
43164,B-418,Tarragona,Cuenta corriente,No,2374,0.21
43164,B-195,Tarragona,Cuenta corriente,No,9539,0.21
43164,A-399,Tarragona,Fondo de inversión,No,8992,0.21
43164,D-444,Tarragona,Hipoteca,No,1109,0.21
43164,A-777,Girona,Plan de jubilación,Si,11512,0.21
43164,A-782,Girona,Fondo de inversión,No,13739,0.21
43164,D-578,Girona,Fondo de inversión,No,1280,0.21
43164,B-880,Girona,Fondo de inversión,No,11189,0.21
43164,A-241,Girona,Ahorros,No,6540,0.21
43164,A-309,Girona,Cuenta corriente,No,6171,0.21
43164,D-828,Lleida,Fondo de inversión,Si,8689,0.21
43164,C-753,Lleida,Ahorros,Si,7076,0.21
43165,A-320,Barcelona,Ahorros,No,722,0.21
43165,D-274,Barcelona,Ahorros,No,11683,0.21
43165,B-163,Barcelona,Ahorros,Si,9572,0.21
43165,D-798,Barcelona,Ahorros,No,4172,0.21
43165,D-204,Barcelona,Plan de jubilación,No,5417,0.21
43165,D-811,Barcelona,Ahorros,Si,4953,0.21
43165,B-197,Barcelona,Ahorros,Si,13594,0.21
43165,D-881,Gavà,Plan de jubilación,Si,9251,0.21
43165,D-494,Gavà,Fondo de inversión,Si,14259,0.21
43165,A-992,Gavà,Hipoteca,Si,922,0.21
43165,B-924,Gavà,Plan de jubilación,No,2571,0.21
43165,A-253,Gavà,Fondo de inversión,No,3498,0.21
43165,B-967,Tarragona,Hipoteca,Si,7480,0.21
43165,D-674,Tarragona,Ahorros,Si,13702,0.21
43165,C-246,Tarragona,Ahorros,No,6859,0.21
43165,D-845,Tarragona,Ahorros,Si,6629,0.21
43165,C-679,Girona,Hipoteca,Si,2293,0.21
43165,A-633,Girona,Hipoteca,Si,12458,0.21
43165,C-780,Girona,Fondo de inversión,Si,627,0.21
43165,C-830,Lleida,Ahorros,No,6187,0.21
43165,B-654,Lleida,Ahorros,No,10218,0.21
43165,C-707,Lleida,Ahorros,No,8604,0.21
43165,A-848,Lleida,Plan de jubilación,No,9647,0.21
43165,B-733,Lleida,Cuenta corriente,Si,11223,0.21
43165,C-536,Lleida,Cuenta corriente,No,14282,0.21
43165,B-279,Lleida,Ahorros,Si,6346,0.21
43166,B-542,Barcelona,Hipoteca,No,1705,0.21
43166,A-743,Barcelona,Cuenta corriente,Si,4025,0.21
43166,D-269,Barcelona,Cuenta corriente,Si,11410,0.21
43166,D-354,Barcelona,Plan de jubilación,Si,3977,0.21
43166,A-446,Barcelona,Plan de jubilación,Si,5970,0.21
43166,A-446,Gavà,Cuenta corriente,Si,10225,0.21
43166,D-492,Gavà,Hipoteca,No,12601,0.21
43166,D-364,Tarragona,Fondo de inversión,Si,7447,0.21
43166,D-695,Tarragona,Hipoteca,Si,14354,0.21
43166,A-468,Tarragona,Ahorros,Si,14892,0.21
43166,C-718,Tarragona,Fondo de inversión,Si,2167,0.21
43166,D-433,Tarragona,Ahorros,Si,6376,0.21
43166,B-253,Tarragona,Hipoteca,No,1543,0.21
43166,D-577,Tarragona,Hipoteca,Si,5677,0.21
43166,C-534,Girona,Plan de jubilación,No,7497,0.21
43166,D-979,Girona,Plan de jubilación,Si,14319,0.21
43166,C-709,Girona,Plan de jubilación,Si,263,0.21
43166,D-728,Girona,Plan de jubilación,No,14278,0.21
43166,D-597,Girona,Plan de jubilación,Si,3963,0.21
43166,D-986,Girona,Cuenta corriente,Si,7102,0.21
43166,B-890,Girona,Ahorros,No,7197,0.21
43166,D-383,Lleida,Fondo de inversión,No,10614,0.21
43166,C-139,Lleida,Fondo de inversión,No,270,0.21
43166,B-754,Lleida,Cuenta corriente,Si,10890,0.21
43166,A-299,Lleida,Hipoteca,No,11285,0.21
43166,B-708,Lleida,Plan de jubilación,Si,10361,0.21
43167,C-645,Barcelona,Hipoteca,No,12025,0.21
43167,B-554,Barcelona,Ahorros,Si,2531,0.21
43167,C-731,Barcelona,Plan de jubilación,Si,1192,0.21
43167,B-724,Barcelona,Ahorros,No,5504,0.21
43167,B-422,Barcelona,Plan de jubilación,No,12233,0.21
43167,A-228,Barcelona,Plan de jubilación,Si,8736,0.21
43167,D-684,Gavà,Fondo de inversión,No,8530,0.21
43167,B-823,Gavà,Hipoteca,No,13798,0.21
43167,B-376,Gavà,Plan de jubilación,No,1906,0.21
43167,A-490,Tarragona,Hipoteca,Si,14890,0.21
43167,B-525,Tarragona,Cuenta corriente,No,13949,0.21
43167,A-481,Girona,Hipoteca,No,12511,0.21
43167,C-626,Girona,Plan de jubilación,No,9347,0.21
43167,B-765,Girona,Plan de jubilación,Si,5506,0.21
43167,A-616,Girona,Ahorros,No,4183,0.21
43167,C-910,Lleida,Ahorros,No,6267,0.21
43167,A-326,Lleida,Hipoteca,No,7069,0.21
43167,C-434,Lleida,Fondo de inversión,Si,2883,0.21
43168,B-604,Barcelona,Fondo de inversión,No,3155,0.21
43168,C-850,Barcelona,Hipoteca,Si,10098,0.21
43168,D-472,Gavà,Hipoteca,No,4757,0.21
43168,B-812,Gavà,Ahorros,Si,9349,0.21
43168,B-865,Gavà,Fondo de inversión,No,5815,0.21
43168,B-961,Gavà,Ahorros,No,2199,0.21
43168,D-660,Tarragona,Plan de jubilación,Si,1835,0.21
43168,A-624,Tarragona,Plan de jubilación,Si,7729,0.21
43168,B-814,Tarragona,Plan de jubilación,No,9020,0.21
43168,D-813,Girona,Fondo de inversión,No,8465,0.21
43168,C-802,Girona,Cuenta corriente,Si,8296,0.21
43168,A-677,Girona,Fondo de inversión,No,3958,0.21
43168,D-874,Girona,Hipoteca,Si,5331,0.21
43168,C-757,Girona,Ahorros,No,8615,0.21
43168,C-147,Girona,Ahorros,No,14007,0.21
43168,B-558,Girona,Plan de jubilación,Si,4755,0.21
43168,C-980,Lleida,Hipoteca,Si,10438,0.21
43168,C-271,Lleida,Hipoteca,No,8158,0.21
43168,D-224,Lleida,Plan de jubilación,Si,1545,0.21
43168,A-840,Lleida,Ahorros,No,915,0.21
43169,C-585,Barcelona,Plan de jubilación,Si,11754,0.21
43169,D-364,Barcelona,Cuenta corriente,Si,12565,0.21
43169,B-862,Barcelona,Cuenta corriente,No,12424,0.21
43169,D-332,Barcelona,Cuenta corriente,Si,6090,0.21
43169,A-615,Gavà,Fondo de inversión,Si,12100,0.21
43169,B-220,Gavà,Fondo de inversión,No,11857,0.21
43169,C-452,Gavà,Plan de jubilación,Si,3395,0.21
43169,D-690,Gavà,Plan de jubilación,No,11410,0.21
43169,D-556,Gavà,Plan de jubilación,Si,12983,0.21
43169,B-885,Tarragona,Ahorros,No,14727,0.21
43169,D-225,Tarragona,Hipoteca,Si,14816,0.21
43169,C-943,Tarragona,Cuenta corriente,No,7329,0.21
43169,C-624,Girona,Cuenta corriente,Si,344,0.21
43169,B-282,Girona,Fondo de inversión,No,6057,0.21
43169,A-581,Lleida,Hipoteca,Si,2942,0.21
43169,A-415,Lleida,Plan de jubilación,No,13492,0.21
43169,A-377,Lleida,Ahorros,No,6493,0.21
43169,D-965,Lleida,Plan de jubilación,No,13954,0.21
43170,B-899,Gavà,Hipoteca,Si,11444,0.21
43170,B-972,Gavà,Fondo de inversión,Si,4935,0.21
43170,B-457,Tarragona,Plan de jubilación,No,14416,0.21
43170,B-330,Tarragona,Fondo de inversión,Si,8398,0.21
43170,A-325,Tarragona,Hipoteca,Si,8363,0.21
43170,A-379,Tarragona,Fondo de inversión,Si,9377,0.21
43170,C-651,Tarragona,Cuenta corriente,No,5795,0.21
43170,B-910,Girona,Ahorros,No,11589,0.21
43170,D-850,Girona,Plan de jubilación,No,12502,0.21
43170,A-765,Girona,Plan de jubilación,No,13719,0.21
43170,D-547,Girona,Ahorros,Si,610,0.21
43170,C-468,Lleida,Plan de jubilación,No,13204,0.21
43170,D-519,Lleida,Plan de jubilación,Si,7844,0.21
43170,A-574,Lleida,Plan de jubilación,Si,13173,0.21
43170,C-675,Lleida,Fondo de inversión,Si,8662,0.21
43171,C-502,Barcelona,Fondo de inversión,No,3995,0.21
43171,A-733,Barcelona,Fondo de inversión,Si,11549,0.21
43171,C-310,Barcelona,Hipoteca,No,2575,0.21
43171,C-287,Barcelona,Cuenta corriente,Si,1608,0.21
43171,B-365,Barcelona,Cuenta corriente,No,364,0.21
43171,D-182,Gavà,Hipoteca,No,531,0.21
43171,D-639,Gavà,Hipoteca,No,13596,0.21
43171,A-197,Tarragona,Ahorros,Si,10323,0.21
43171,B-212,Tarragona,Fondo de inversión,Si,6642,0.21
43171,D-438,Tarragona,Plan de jubilación,Si,13884,0.21
43171,C-177,Girona,Cuenta corriente,Si,849,0.21
43171,D-695,Girona,Hipoteca,No,3404,0.21
43171,C-882,Girona,Ahorros,Si,12194,0.21
43171,D-187,Lleida,Plan de jubilación,No,9337,0.21
43171,D-667,Lleida,Hipoteca,Si,3470,0.21
43171,D-391,Lleida,Cuenta corriente,No,7724,0.21
43172,D-947,Barcelona,Fondo de inversión,No,10590,0.21
43172,B-215,Barcelona,Hipoteca,Si,1339,0.21
43172,B-406,Barcelona,Ahorros,No,9553,0.21
43172,A-210,Barcelona,Cuenta corriente,No,7214,0.21
43172,C-182,Gavà,Fondo de inversión,No,12865,0.21
43172,A-615,Gavà,Plan de jubilación,Si,11546,0.21
43172,C-719,Gavà,Hipoteca,Si,2946,0.21
43172,D-168,Tarragona,Ahorros,No,12631,0.21
43172,B-166,Tarragona,Plan de jubilación,Si,11604,0.21
43172,D-975,Girona,Fondo de inversión,No,474,0.21
43172,D-891,Girona,Fondo de inversión,No,14412,0.21
43172,B-208,Girona,Fondo de inversión,No,458,0.21
43172,D-309,Girona,Plan de jubilación,Si,5715,0.21
43172,A-778,Lleida,Fondo de inversión,No,1661,0.21
43172,D-826,Lleida,Fondo de inversión,No,6133,0.21
43172,D-379,Lleida,Cuenta corriente,Si,10912,0.21
43172,C-902,Lleida,Ahorros,No,1375,0.21
43172,C-640,Lleida,Fondo de inversión,Si,11380,0.21
43173,D-837,Barcelona,Fondo de inversión,Si,10340,0.21
43173,D-698,Barcelona,Fondo de inversión,No,11233,0.21
43173,B-261,Barcelona,Hipoteca,No,13467,0.21
43173,B-796,Barcelona,Ahorros,No,13852,0.21
43173,D-192,Barcelona,Fondo de inversión,Si,6156,0.21
43173,B-177,Gavà,Cuenta corriente,No,834,0.21
43173,C-841,Gavà,Ahorros,No,13071,0.21
43173,B-507,Gavà,Fondo de inversión,No,2044,0.21
43173,D-562,Gavà,Ahorros,Si,8287,0.21
43173,D-421,Tarragona,Hipoteca,No,13204,0.21
43173,A-875,Tarragona,Plan de jubilación,Si,2840,0.21
43173,C-727,Tarragona,Cuenta corriente,No,2818,0.21
43173,B-837,Girona,Ahorros,No,13887,0.21
43173,C-740,Lleida,Plan de jubilación,No,6175,0.21
43173,A-960,Lleida,Cuenta corriente,Si,10203,0.21
43173,A-974,Lleida,Plan de jubilación,Si,2047,0.21
43174,C-280,Barcelona,Hipoteca,Si,12205,0.21
43174,B-933,Barcelona,Plan de jubilación,Si,764,0.21
43174,B-280,Barcelona,Plan de jubilación,No,14311,0.21
43174,D-655,Barcelona,Plan de jubilación,Si,2659,0.21
43174,B-434,Gavà,Ahorros,Si,5739,0.21
43174,C-268,Gavà,Fondo de inversión,Si,7686,0.21
43174,A-933,Tarragona,Hipoteca,No,3352,0.21
43174,A-836,Tarragona,Cuenta corriente,Si,12208,0.21
43174,B-880,Tarragona,Ahorros,Si,7859,0.21
43174,A-455,Tarragona,Cuenta corriente,Si,3086,0.21
43174,B-735,Tarragona,Fondo de inversión,Si,12211,0.21
43174,D-780,Tarragona,Fondo de inversión,Si,13576,0.21
43174,C-342,Girona,Ahorros,Si,3412,0.21
43174,B-881,Girona,Hipoteca,Si,2292,0.21
43174,D-926,Girona,Hipoteca,Si,14733,0.21
43174,A-767,Lleida,Fondo de inversión,No,9943,0.21
43174,B-311,Lleida,Fondo de inversión,No,1814,0.21
43174,C-945,Lleida,Fondo de inversión,No,13307,0.21
43175,B-224,Barcelona,Fondo de inversión,Si,4319,0.21
43175,B-408,Barcelona,Fondo de inversión,No,14206,0.21
43175,C-692,Barcelona,Ahorros,Si,7361,0.21
43175,D-802,Barcelona,Fondo de inversión,Si,10424,0.21
43175,A-207,Gavà,Plan de jubilación,Si,1242,0.21
43175,C-524,Gavà,Cuenta corriente,Si,2955,0.21
43175,D-950,Tarragona,Cuenta corriente,Si,136,0.21
43175,D-190,Tarragona,Cuenta corriente,Si,8446,0.21
43175,D-785,Tarragona,Cuenta corriente,Si,9204,0.21
43175,B-963,Tarragona,Ahorros,Si,100,0.21
43175,A-274,Girona,Ahorros,Si,6591,0.21
43175,B-871,Girona,Ahorros,Si,7573,0.21
43175,A-541,Lleida,Hipoteca,Si,1390,0.21
43175,B-322,Lleida,Ahorros,Si,3439,0.21
43175,B-391,Lleida,Cuenta corriente,Si,4356,0.21
43175,D-374,Lleida,Hipoteca,Si,10419,0.21
43175,C-761,Lleida,Cuenta corriente,Si,259,0.21
43175,B-508,Lleida,Plan de jubilación,Si,9196,0.21
43175,D-298,Lleida,Cuenta corriente,Si,2008,0.21
43176,A-157,Barcelona,Plan de jubilación,Si,11136,0.21
43176,A-488,Barcelona,Fondo de inversión,Si,4322,0.21
43176,B-145,Barcelona,Cuenta corriente,No,11030,0.21
43176,B-374,Barcelona,Hipoteca,Si,800,0.21
43176,B-569,Barcelona,Hipoteca,Si,14174,0.21
43176,D-928,Barcelona,Plan de jubilación,No,12551,0.21
43176,D-695,Gavà,Ahorros,Si,4788,0.21
43176,D-767,Gavà,Fondo de inversión,No,4184,0.21
43176,D-174,Gavà,Hipoteca,Si,6506,0.21
43176,C-326,Gavà,Hipoteca,Si,5589,0.21
43176,C-923,Tarragona,Cuenta corriente,No,14485,0.21
43176,A-617,Tarragona,Cuenta corriente,Si,14154,0.21
43176,C-440,Tarragona,Fondo de inversión,No,11493,0.21
43176,D-411,Tarragona,Cuenta corriente,Si,7613,0.21
43176,B-777,Tarragona,Cuenta corriente,Si,8093,0.21
43176,A-407,Tarragona,Ahorros,No,8220,0.21
43176,B-559,Tarragona,Hipoteca,Si,7902,0.21
43176,B-320,Girona,Ahorros,No,2456,0.21
43176,C-463,Girona,Plan de jubilación,No,3796,0.21
43176,A-654,Girona,Hipoteca,Si,9152,0.21
43176,B-444,Lleida,Ahorros,Si,8170,0.21
43176,D-260,Lleida,Ahorros,No,9394,0.21
43176,D-668,Lleida,Hipoteca,No,1877,0.21
43176,D-387,Lleida,Fondo de inversión,Si,13130,0.21
43177,D-531,Barcelona,Fondo de inversión,No,1436,0.21
43177,D-460,Barcelona,Cuenta corriente,No,9272,0.21
43177,B-896,Barcelona,Cuenta corriente,No,6792,0.21
43177,C-531,Barcelona,Ahorros,No,5405,0.21
43177,D-648,Gavà,Plan de jubilación,Si,6518,0.21
43177,B-962,Gavà,Ahorros,Si,1728,0.21
43177,B-730,Gavà,Ahorros,Si,8729,0.21
43177,D-901,Gavà,Plan de jubilación,No,8270,0.21
43177,A-109,Gavà,Fondo de inversión,Si,6977,0.21
43177,A-715,Gavà,Ahorros,No,14151,0.21
43177,D-885,Gavà,Hipoteca,Si,14010,0.21
43177,B-698,Tarragona,Fondo de inversión,No,549,0.21
43177,A-625,Tarragona,Ahorros,Si,1472,0.21
43177,A-265,Tarragona,Cuenta corriente,Si,10061,0.21
43177,C-664,Tarragona,Cuenta corriente,Si,11773,0.21
43177,C-263,Girona,Ahorros,No,10290,0.21
43177,B-989,Girona,Ahorros,No,6216,0.21
43177,D-611,Girona,Cuenta corriente,No,8418,0.21
43177,B-813,Girona,Fondo de inversión,No,11872,0.21
43177,B-532,Girona,Hipoteca,No,12074,0.21
43177,D-437,Lleida,Cuenta corriente,No,5254,0.21
43177,C-969,Lleida,Ahorros,Si,797,0.21
43177,A-935,Lleida,Plan de jubilación,No,6168,0.21
43178,C-178,Barcelona,Cuenta corriente,No,9296,0.21
43178,B-895,Barcelona,Fondo de inversión,Si,10939,0.21
43178,A-854,Barcelona,Hipoteca,Si,515,0.21
43178,C-794,Barcelona,Plan de jubilación,No,3473,0.21
43178,B-847,Gavà,Ahorros,Si,11239,0.21
43178,C-758,Gavà,Hipoteca,No,2990,0.21
43178,D-918,Gavà,Ahorros,Si,11241,0.21
43178,C-439,Gavà,Plan de jubilación,No,9161,0.21
43178,A-487,Tarragona,Hipoteca,Si,6430,0.21
43178,B-252,Tarragona,Cuenta corriente,Si,11741,0.21
43178,A-761,Tarragona,Plan de jubilación,Si,9351,0.21
43178,C-892,Tarragona,Cuenta corriente,No,937,0.21
43178,C-275,Girona,Hipoteca,Si,5890,0.21
43178,A-642,Girona,Fondo de inversión,Si,14188,0.21
43178,C-562,Girona,Hipoteca,No,7218,0.21
43178,B-989,Girona,Fondo de inversión,Si,14376,0.21
43178,A-767,Girona,Ahorros,No,8594,0.21
43178,C-379,Girona,Ahorros,Si,12265,0.21
43178,C-993,Girona,Ahorros,No,12195,0.21
43178,B-824,Girona,Hipoteca,No,12025,0.21
43178,C-518,Lleida,Plan de jubilación,No,14622,0.21
43178,D-506,Lleida,Cuenta corriente,No,8940,0.21
43178,C-283,Lleida,Cuenta corriente,No,979,0.21
43179,C-384,Barcelona,Fondo de inversión,No,14140,0.21
43179,C-917,Barcelona,Hipoteca,Si,2945,0.21
43179,C-133,Gavà,Plan de jubilación,No,5351,0.21
43179,D-965,Gavà,Plan de jubilación,Si,3607,0.21
43179,B-115,Gavà,Cuenta corriente,Si,8872,0.21
43179,D-165,Gavà,Fondo de inversión,Si,8499,0.21
43179,A-979,Tarragona,Cuenta corriente,Si,10949,0.21
43179,A-933,Tarragona,Fondo de inversión,Si,10260,0.21
43179,A-130,Tarragona,Hipoteca,Si,5294,0.21
43179,B-506,Tarragona,Ahorros,Si,6344,0.21
43179,C-728,Girona,Plan de jubilación,Si,552,0.21
43179,B-140,Girona,Hipoteca,Si,11952,0.21
43179,A-241,Lleida,Fondo de inversión,Si,12299,0.21
43179,B-998,Lleida,Cuenta corriente,No,4201,0.21
43179,B-900,Lleida,Plan de jubilación,No,12157,0.21
43179,C-728,Lleida,Plan de jubilación,Si,7700,0.21
43179,B-877,Lleida,Fondo de inversión,Si,8487,0.21
43179,C-352,Lleida,Cuenta corriente,Si,5191,0.21
43179,A-155,Lleida,Cuenta corriente,No,3530,0.21
43180,A-323,Barcelona,Hipoteca,No,4663,0.21
43180,B-696,Barcelona,Cuenta corriente,No,1078,0.21
43180,D-755,Barcelona,Ahorros,No,6182,0.21
43180,D-282,Gavà,Hipoteca,No,6920,0.21
43180,C-948,Gavà,Fondo de inversión,No,3227,0.21
43180,B-738,Gavà,Hipoteca,No,9368,0.21
43180,D-369,Gavà,Ahorros,No,4101,0.21
43180,B-457,Tarragona,Ahorros,No,1478,0.21
43180,D-683,Tarragona,Cuenta corriente,No,3866,0.21
43180,D-576,Girona,Plan de jubilación,Si,9795,0.21
43180,C-539,Girona,Cuenta corriente,No,13320,0.21
43180,C-188,Girona,Hipoteca,No,6386,0.21
43180,A-240,Lleida,Fondo de inversión,No,3755,0.21
43181,C-466,Barcelona,Fondo de inversión,No,5024,0.21
43181,A-332,Barcelona,Plan de jubilación,No,7389,0.21
43181,D-373,Barcelona,Cuenta corriente,Si,10045,0.21
43181,D-747,Barcelona,Plan de jubilación,Si,8939,0.21
43181,C-860,Gavà,Plan de jubilación,No,972,0.21
43181,B-462,Gavà,Hipoteca,No,14455,0.21
43181,C-732,Tarragona,Hipoteca,Si,3460,0.21
43181,B-993,Tarragona,Cuenta corriente,Si,10943,0.21
43181,C-896,Tarragona,Plan de jubilación,No,5657,0.21
43181,C-951,Tarragona,Hipoteca,Si,12695,0.21
43181,A-234,Tarragona,Plan de jubilación,Si,3165,0.21
43181,D-214,Girona,Ahorros,No,13813,0.21
43181,C-641,Girona,Plan de jubilación,No,214,0.21
43181,A-418,Girona,Cuenta corriente,Si,12795,0.21
43181,B-651,Lleida,Cuenta corriente,No,2221,0.21
43181,D-227,Lleida,Fondo de inversión,No,3253,0.21
43181,A-625,Lleida,Plan de jubilación,Si,8282,0.21
43181,B-598,Lleida,Cuenta corriente,No,11786,0.21
43181,D-776,Lleida,Fondo de inversión,No,3658,0.21
43182,C-144,Barcelona,Plan de jubilación,Si,5784,0.21
43182,C-366,Barcelona,Ahorros,No,6002,0.21
43182,D-739,Barcelona,Cuenta corriente,No,7201,0.21
43182,B-408,Barcelona,Cuenta corriente,Si,7972,0.21
43182,B-323,Gavà,Plan de jubilación,No,2820,0.21
43182,D-587,Tarragona,Plan de jubilación,No,13430,0.21
43182,C-498,Tarragona,Cuenta corriente,Si,13149,0.21
43182,A-796,Girona,Plan de jubilación,Si,977,0.21
43182,B-746,Girona,Plan de jubilación,No,6109,0.21
43182,C-100,Lleida,Hipoteca,Si,1070,0.21
43182,A-209,Lleida,Plan de jubilación,No,13602,0.21
43182,B-724,Lleida,Ahorros,Si,2736,0.21
43182,A-922,Lleida,Plan de jubilación,Si,3236,0.21
43182,B-279,Lleida,Ahorros,Si,6788,0.21
43182,C-723,Lleida,Hipoteca,Si,5911,0.21
43183,B-139,Barcelona,Hipoteca,Si,6339,0.21
43183,D-534,Barcelona,Hipoteca,Si,14323,0.21
43183,A-142,Barcelona,Cuenta corriente,No,13464,0.21
43183,B-524,Gavà,Plan de jubilación,No,5324,0.21
43183,C-650,Gavà,Hipoteca,No,2847,0.21
43183,A-424,Gavà,Ahorros,Si,12547,0.21
43183,C-914,Tarragona,Cuenta corriente,Si,9896,0.21
43183,D-147,Tarragona,Plan de jubilación,No,8765,0.21
43183,A-584,Tarragona,Hipoteca,No,12499,0.21
43183,B-134,Tarragona,Hipoteca,No,10672,0.21
43183,D-215,Tarragona,Plan de jubilación,No,10301,0.21
43183,D-605,Girona,Plan de jubilación,Si,1123,0.21
43183,A-101,Girona,Plan de jubilación,Si,8855,0.21
43183,A-205,Girona,Fondo de inversión,Si,11358,0.21
43183,B-189,Lleida,Plan de jubilación,Si,3642,0.21
43183,B-176,Lleida,Hipoteca,Si,11176,0.21
43183,D-451,Lleida,Ahorros,No,12845,0.21
43183,B-160,Lleida,Fondo de inversión,No,2285,0.21
43184,A-311,Barcelona,Hipoteca,No,12605,0.21
43184,D-974,Barcelona,Plan de jubilación,Si,14656,0.21
43184,A-265,Barcelona,Ahorros,No,9759,0.21
43184,A-139,Barcelona,Hipoteca,Si,1600,0.21
43184,C-817,Barcelona,Cuenta corriente,Si,2003,0.21
43184,B-323,Barcelona,Hipoteca,No,14865,0.21
43184,A-943,Gavà,Hipoteca,Si,14009,0.21
43184,C-927,Gavà,Cuenta corriente,No,5874,0.21
43184,D-674,Gavà,Hipoteca,Si,2439,0.21
43184,A-259,Gavà,Plan de jubilación,Si,6676,0.21
43184,C-344,Tarragona,Hipoteca,No,6646,0.21
43184,A-588,Tarragona,Hipoteca,No,13914,0.21
43184,B-807,Tarragona,Hipoteca,Si,2219,0.21
43184,B-493,Girona,Cuenta corriente,Si,1587,0.21
43184,D-909,Girona,Ahorros,No,7065,0.21
43184,D-224,Girona,Fondo de inversión,No,4993,0.21
43184,D-119,Girona,Hipoteca,No,13724,0.21
43184,C-702,Lleida,Ahorros,Si,8615,0.21
43184,C-422,Lleida,Cuenta corriente,Si,11206,0.21
43184,B-826,Lleida,Ahorros,Si,8671,0.21
43184,B-200,Lleida,Hipoteca,Si,12984,0.21
43184,A-390,Lleida,Cuenta corriente,Si,14404,0.21
43185,D-690,Barcelona,Hipoteca,Si,6559,0.21
43185,A-565,Barcelona,Cuenta corriente,No,12693,0.21
43185,D-721,Barcelona,Hipoteca,Si,9076,0.21
43185,A-553,Barcelona,Fondo de inversión,Si,4222,0.21
43185,C-981,Barcelona,Hipoteca,Si,7017,0.21
43185,C-703,Barcelona,Hipoteca,Si,13375,0.21
43185,D-536,Gavà,Fondo de inversión,No,1676,0.21
43185,A-572,Gavà,Plan de jubilación,Si,11808,0.21
43185,B-197,Tarragona,Hipoteca,Si,8270,0.21
43185,D-225,Girona,Cuenta corriente,No,5218,0.21
43185,A-297,Girona,Cuenta corriente,Si,8294,0.21
43185,A-945,Girona,Ahorros,No,12770,0.21
43185,D-161,Girona,Plan de jubilación,Si,14209,0.21
43185,D-553,Lleida,Cuenta corriente,Si,2477,0.21
43185,D-292,Lleida,Cuenta corriente,Si,5794,0.21
43185,A-448,Lleida,Ahorros,Si,11597,0.21
43185,B-234,Lleida,Ahorros,No,10470,0.21
43185,D-269,Lleida,Plan de jubilación,Si,8492,0.21
43185,B-563,Lleida,Hipoteca,Si,8692,0.21
43185,A-960,Lleida,Ahorros,Si,10761,0.21
43186,D-452,Barcelona,Ahorros,No,2426,0.21
43186,C-162,Barcelona,Cuenta corriente,No,13940,0.21
43186,D-708,Barcelona,Cuenta corriente,No,8499,0.21
43186,B-865,Barcelona,Ahorros,Si,7885,0.21
43186,B-369,Barcelona,Fondo de inversión,No,12727,0.21
43186,A-244,Gavà,Plan de jubilación,No,7996,0.21
43186,B-957,Gavà,Hipoteca,No,1776,0.21
43186,B-453,Gavà,Fondo de inversión,No,7928,0.21
43186,B-860,Gavà,Plan de jubilación,No,216,0.21
43186,B-981,Gavà,Plan de jubilación,No,12441,0.21
43186,B-791,Gavà,Hipoteca,Si,8299,0.21
43186,C-984,Tarragona,Ahorros,No,14376,0.21
43186,A-171,Tarragona,Ahorros,Si,13130,0.21
43186,B-165,Girona,Ahorros,Si,11397,0.21
43186,A-783,Girona,Cuenta corriente,No,6927,0.21
43186,B-524,Girona,Fondo de inversión,No,2884,0.21
43186,B-413,Girona,Hipoteca,Si,11270,0.21
43186,D-698,Girona,Fondo de inversión,Si,9690,0.21
43186,B-557,Girona,Fondo de inversión,Si,12223,0.21
43186,B-604,Lleida,Cuenta corriente,Si,14765,0.21
43186,D-357,Lleida,Cuenta corriente,No,3822,0.21
43186,A-730,Lleida,Hipoteca,Si,10967,0.21
43186,A-238,Lleida,Hipoteca,Si,4777,0.21
43186,B-341,Lleida,Cuenta corriente,Si,10227,0.21
43187,D-215,Barcelona,Plan de jubilación,No,8984,0.21
43187,C-227,Barcelona,Cuenta corriente,No,13255,0.21
43187,D-124,Barcelona,Cuenta corriente,Si,11284,0.21
43187,B-120,Barcelona,Hipoteca,No,10383,0.21
43187,C-995,Barcelona,Hipoteca,No,12449,0.21
43187,A-368,Gavà,Ahorros,Si,8494,0.21
43187,B-613,Gavà,Hipoteca,No,3489,0.21
43187,D-943,Gavà,Hipoteca,No,876,0.21
43187,C-693,Gavà,Fondo de inversión,No,11237,0.21
43187,A-506,Tarragona,Ahorros,Si,6888,0.21
43187,A-518,Tarragona,Plan de jubilación,Si,5943,0.21
43187,D-978,Tarragona,Hipoteca,No,12545,0.21
43187,C-708,Tarragona,Hipoteca,Si,5754,0.21
43187,D-330,Girona,Fondo de inversión,No,5103,0.21
43187,D-775,Girona,Cuenta corriente,Si,13440,0.21
43187,C-669,Girona,Plan de jubilación,Si,7094,0.21
43187,C-315,Lleida,Ahorros,Si,14440,0.21
43187,A-883,Lleida,Ahorros,No,6778,0.21
43187,D-363,Lleida,Plan de jubilación,No,1897,0.21
43187,B-424,Lleida,Hipoteca,Si,3537,0.21
43187,A-563,Lleida,Fondo de inversión,Si,2528,0.21
43187,A-789,Lleida,Cuenta corriente,No,8705,0.21
43188,D-478,Barcelona,Hipoteca,No,4952,0.21
43188,C-371,Barcelona,Ahorros,Si,7243,0.21
43188,A-782,Barcelona,Ahorros,No,10459,0.21
43188,A-773,Barcelona,Ahorros,No,2386,0.21
43188,A-461,Gavà,Fondo de inversión,No,2052,0.21
43188,C-931,Gavà,Plan de jubilación,No,3670,0.21
43188,A-760,Gavà,Fondo de inversión,Si,7925,0.21
43188,C-938,Gavà,Plan de jubilación,No,7235,0.21
43188,A-258,Tarragona,Cuenta corriente,No,1459,0.21
43188,C-517,Tarragona,Plan de jubilación,No,6576,0.21
43188,D-760,Tarragona,Plan de jubilación,No,5074,0.21
43188,C-527,Girona,Fondo de inversión,No,1199,0.21
43188,D-605,Girona,Ahorros,No,8395,0.21
43188,B-629,Girona,Hipoteca,No,3471,0.21
43188,B-487,Girona,Plan de jubilación,Si,9164,0.21
43188,D-909,Lleida,Ahorros,Si,13396,0.21
43188,B-647,Lleida,Hipoteca,Si,7124,0.21
43188,B-189,Lleida,Fondo de inversión,Si,8472,0.21
43188,C-434,Lleida,Fondo de inversión,No,2164,0.21
43188,A-864,Lleida,Ahorros,Si,7109,0.21
43189,D-518,Barcelona,Hipoteca,No,14518,0.21
43189,D-811,Barcelona,Hipoteca,No,5027,0.21
43189,A-555,Barcelona,Ahorros,Si,9801,0.21
43189,B-837,Gavà,Hipoteca,Si,3298,0.21
43189,A-835,Gavà,Fondo de inversión,No,5281,0.21
43189,C-230,Gavà,Ahorros,No,10778,0.21
43189,A-583,Gavà,Hipoteca,No,9556,0.21
43189,C-670,Tarragona,Hipoteca,No,5600,0.21
43189,D-317,Tarragona,Hipoteca,Si,12024,0.21
43189,A-562,Tarragona,Plan de jubilación,No,3922,0.21
43189,C-289,Tarragona,Hipoteca,Si,5195,0.21
43189,B-842,Girona,Fondo de inversión,Si,7397,0.21
43189,C-693,Lleida,Cuenta corriente,Si,10418,0.21
43189,C-403,Lleida,Ahorros,No,3267,0.21
43189,D-302,Lleida,Hipoteca,No,13259,0.21
43189,D-839,Lleida,Plan de jubilación,Si,8918,0.21
43190,B-761,Barcelona,Plan de jubilación,No,3587,0.21
43190,A-420,Gavà,Cuenta corriente,No,3291,0.21
43190,B-937,Gavà,Ahorros,No,14918,0.21
43190,B-890,Gavà,Ahorros,No,10745,0.21
43190,C-727,Tarragona,Fondo de inversión,No,6042,0.21
43190,A-485,Tarragona,Plan de jubilación,No,8268,0.21
43190,D-159,Tarragona,Hipoteca,No,11385,0.21
43190,D-575,Tarragona,Ahorros,No,9172,0.21
43190,B-223,Tarragona,Ahorros,No,6532,0.21
43190,A-909,Girona,Fondo de inversión,Si,1942,0.21
43190,B-320,Girona,Plan de jubilación,No,8786,0.21
43190,A-428,Girona,Hipoteca,No,10667,0.21
43190,D-482,Girona,Hipoteca,No,3571,0.21
43190,C-614,Lleida,Plan de jubilación,No,2781,0.21
43191,D-510,Barcelona,Hipoteca,Si,4062,0.21
43191,C-439,Barcelona,Cuenta corriente,No,5880,0.21
43191,D-404,Barcelona,Plan de jubilación,No,2158,0.21
43191,C-339,Barcelona,Cuenta corriente,Si,8808,0.21
43191,D-644,Gavà,Fondo de inversión,No,11662,0.21
43191,D-417,Tarragona,Ahorros,Si,847,0.21
43191,B-840,Tarragona,Plan de jubilación,Si,10663,0.21
43191,B-459,Tarragona,Cuenta corriente,No,10729,0.21
43191,D-242,Girona,Fondo de inversión,No,4585,0.21
43191,B-577,Girona,Ahorros,No,7267,0.21
43191,D-919,Girona,Fondo de inversión,Si,13031,0.21
43191,B-471,Girona,Plan de jubilación,Si,6213,0.21
43191,D-624,Girona,Ahorros,Si,12637,0.21
43191,C-309,Girona,Fondo de inversión,Si,14956,0.21
43191,B-556,Lleida,Fondo de inversión,Si,12199,0.21
43191,A-690,Lleida,Fondo de inversión,Si,4300,0.21
43191,D-124,Lleida,Hipoteca,No,2273,0.21
43191,C-498,Lleida,Cuenta corriente,No,3924,0.21
43191,A-953,Lleida,Hipoteca,Si,9440,0.21
43191,C-197,Lleida,Fondo de inversión,Si,11340,0.21
43192,A-977,Barcelona,Fondo de inversión,Si,7003,0.21
43192,D-267,Barcelona,Cuenta corriente,No,11814,0.21
43192,C-825,Barcelona,Plan de jubilación,No,9018,0.21
43192,B-259,Barcelona,Fondo de inversión,No,12519,0.21
43192,D-607,Barcelona,Cuenta corriente,Si,2669,0.21
43192,B-381,Barcelona,Hipoteca,No,5788,0.21
43192,A-657,Gavà,Plan de jubilación,No,14215,0.21
43192,A-501,Gavà,Fondo de inversión,No,13891,0.21
43192,C-940,Tarragona,Hipoteca,No,13135,0.21
43192,D-368,Tarragona,Cuenta corriente,No,8748,0.21
43192,A-549,Girona,Ahorros,No,3612,0.21
43192,A-391,Lleida,Cuenta corriente,Si,6050,0.21
43192,C-911,Lleida,Plan de jubilación,No,7949,0.21
43193,B-356,Barcelona,Fondo de inversión,Si,2032,0.21
43193,A-251,Barcelona,Cuenta corriente,No,4748,0.21
43193,D-734,Barcelona,Ahorros,Si,3928,0.21
43193,C-278,Barcelona,Ahorros,Si,1911,0.21
43193,C-347,Tarragona,Ahorros,Si,5279,0.21
43193,D-673,Tarragona,Hipoteca,Si,12052,0.21
43193,D-180,Tarragona,Hipoteca,Si,14377,0.21
43193,D-699,Tarragona,Hipoteca,Si,12262,0.21
43193,A-816,Tarragona,Cuenta corriente,Si,9506,0.21
43193,D-944,Tarragona,Hipoteca,No,11008,0.21
43193,A-576,Girona,Hipoteca,No,11139,0.21
43193,C-805,Girona,Fondo de inversión,No,10305,0.21
43193,B-765,Girona,Fondo de inversión,No,6427,0.21
43193,B-881,Girona,Plan de jubilación,No,11056,0.21
43193,C-834,Lleida,Ahorros,No,10095,0.21
43193,A-456,Lleida,Ahorros,Si,10207,0.21
43193,D-171,Lleida,Cuenta corriente,No,5372,0.21
43193,B-806,Lleida,Hipoteca,No,6805,0.21
43194,D-510,Barcelona,Fondo de inversión,Si,5091,0.21
43194,C-989,Barcelona,Hipoteca,Si,5152,0.21
43194,B-400,Barcelona,Ahorros,No,8425,0.21
43194,C-192,Barcelona,Fondo de inversión,No,10146,0.21
43194,D-244,Gavà,Ahorros,No,2887,0.21
43194,A-217,Gavà,Cuenta corriente,Si,9783,0.21
43194,A-504,Gavà,Plan de jubilación,Si,8653,0.21
43194,B-179,Gavà,Plan de jubilación,No,6499,0.21
43194,A-115,Gavà,Cuenta corriente,No,13519,0.21
43194,D-361,Gavà,Cuenta corriente,No,10759,0.21
43194,B-650,Tarragona,Plan de jubilación,Si,13905,0.21
43194,B-307,Tarragona,Plan de jubilación,No,4973,0.21
43194,D-811,Tarragona,Plan de jubilación,Si,10859,0.21
43194,C-169,Girona,Plan de jubilación,Si,6929,0.21
43194,A-964,Lleida,Hipoteca,Si,1123,0.21
43194,A-847,Lleida,Fondo de inversión,No,1374,0.21
43194,B-179,Lleida,Cuenta corriente,Si,2527,0.21
43195,C-357,Barcelona,Plan de jubilación,Si,7844,0.21
43195,B-188,Barcelona,Cuenta corriente,Si,3287,0.21
43195,B-287,Barcelona,Cuenta corriente,No,11673,0.21
43195,C-206,Barcelona,Hipoteca,No,14398,0.21
43195,D-804,Barcelona,Ahorros,No,2351,0.21
43195,A-630,Gavà,Fondo de inversión,Si,574,0.21
43195,A-333,Gavà,Cuenta corriente,No,11981,0.21
43195,B-894,Gavà,Ahorros,No,1225,0.21
43195,B-976,Gavà,Plan de jubilación,No,6115,0.21
43195,D-824,Gavà,Hipoteca,Si,7734,0.21
43195,B-337,Tarragona,Hipoteca,Si,11785,0.21
43195,A-293,Girona,Ahorros,Si,13684,0.21
43195,D-680,Girona,Fondo de inversión,No,5915,0.21
43195,C-159,Girona,Fondo de inversión,No,13241,0.21
43195,B-190,Girona,Hipoteca,No,5192,0.21
43195,C-113,Girona,Plan de jubilación,Si,2262,0.21
43195,C-202,Lleida,Hipoteca,Si,12371,0.21
43195,A-830,Lleida,Cuenta corriente,No,4315,0.21
43195,A-626,Lleida,Cuenta corriente,Si,1016,0.21
43195,D-110,Lleida,Ahorros,Si,12209,0.21
43196,C-713,Barcelona,Plan de jubilación,Si,5598,0.21
43196,B-797,Gavà,Fondo de inversión,No,13005,0.21
43196,B-948,Gavà,Hipoteca,No,8499,0.21
43196,B-444,Gavà,Ahorros,Si,900,0.21
43196,A-924,Gavà,Plan de jubilación,Si,4269,0.21
43196,B-810,Tarragona,Hipoteca,No,9800,0.21
43196,B-695,Tarragona,Plan de jubilación,Si,2067,0.21
43196,A-541,Tarragona,Hipoteca,Si,407,0.21
43196,A-635,Girona,Fondo de inversión,No,809,0.21
43196,C-183,Girona,Hipoteca,No,14433,0.21
43196,A-359,Girona,Fondo de inversión,No,7069,0.21
43196,A-289,Girona,Fondo de inversión,No,14588,0.21
43196,A-398,Lleida,Cuenta corriente,No,13957,0.21
43197,A-188,Barcelona,Cuenta corriente,No,11435,0.21
43197,B-699,Barcelona,Cuenta corriente,No,4362,0.21
43197,A-616,Barcelona,Fondo de inversión,No,4814,0.21
43197,C-664,Barcelona,Ahorros,Si,2096,0.21
43197,B-310,Barcelona,Plan de jubilación,No,11434,0.21
43197,D-728,Gavà,Fondo de inversión,Si,177,0.21
43197,D-546,Gavà,Ahorros,Si,8547,0.21
43197,B-539,Gavà,Cuenta corriente,Si,5164,0.21
43197,A-315,Gavà,Fondo de inversión,Si,8793,0.21
43197,C-600,Gavà,Hipoteca,Si,2829,0.21
43197,C-319,Tarragona,Hipoteca,Si,9383,0.21
43197,B-573,Tarragona,Hipoteca,Si,5613,0.21
43197,C-528,Tarragona,Plan de jubilación,Si,14218,0.21
43197,A-802,Tarragona,Plan de jubilación,Si,4484,0.21
43197,B-995,Girona,Fondo de inversión,Si,12421,0.21
43197,A-608,Lleida,Plan de jubilación,Si,5801,0.21
43197,D-104,Lleida,Ahorros,No,14933,0.21
43197,A-220,Lleida,Fondo de inversión,No,10596,0.21
43197,C-206,Lleida,Cuenta corriente,No,3281,0.21
43197,B-587,Lleida,Ahorros,No,920,0.21
43198,A-410,Barcelona,Ahorros,Si,14291,0.21
43198,B-165,Barcelona,Hipoteca,Si,14377,0.21
43198,B-739,Gavà,Plan de jubilación,No,2363,0.21
43198,C-773,Gavà,Cuenta corriente,Si,13014,0.21
43198,C-844,Gavà,Plan de jubilación,Si,8074,0.21
43198,C-139,Gavà,Cuenta corriente,Si,3899,0.21
43198,C-967,Gavà,Plan de jubilación,Si,5680,0.21
43198,B-601,Gavà,Plan de jubilación,No,10727,0.21
43198,A-245,Gavà,Cuenta corriente,No,636,0.21
43198,C-206,Gavà,Fondo de inversión,Si,14602,0.21
43198,C-831,Gavà,Fondo de inversión,Si,1349,0.21
43198,C-848,Gavà,Cuenta corriente,Si,14843,0.21
43198,D-440,Gavà,Hipoteca,No,7599,0.21
43198,D-469,Tarragona,Plan de jubilación,No,6522,0.21
43198,A-281,Tarragona,Plan de jubilación,Si,10644,0.21
43198,B-424,Tarragona,Cuenta corriente,No,14900,0.21
43198,B-884,Tarragona,Plan de jubilación,Si,3622,0.21
43198,A-774,Tarragona,Hipoteca,Si,10241,0.21
43198,D-817,Tarragona,Cuenta corriente,Si,5504,0.21
43198,B-980,Girona,Cuenta corriente,No,5260,0.21
43198,A-265,Girona,Hipoteca,Si,7519,0.21
43198,D-934,Girona,Plan de jubilación,No,2841,0.21
43198,D-772,Lleida,Cuenta corriente,Si,14472,0.21
43199,D-737,Barcelona,Hipoteca,Si,3283,0.21
43199,A-739,Barcelona,Cuenta corriente,No,758,0.21
43199,B-333,Barcelona,Hipoteca,No,13797,0.21
43199,D-713,Gavà,Fondo de inversión,Si,10808,0.21
43199,B-819,Gavà,Plan de jubilación,No,6041,0.21
43199,A-765,Gavà,Ahorros,No,8918,0.21
43199,A-207,Gavà,Fondo de inversión,Si,13749,0.21
43199,C-607,Gavà,Fondo de inversión,Si,12550,0.21
43199,B-595,Gavà,Cuenta corriente,Si,7206,0.21
43199,A-989,Tarragona,Cuenta corriente,Si,5046,0.21
43199,B-874,Tarragona,Ahorros,No,7701,0.21
43199,D-942,Tarragona,Ahorros,Si,11818,0.21
43199,C-805,Tarragona,Hipoteca,Si,12887,0.21
43199,A-309,Girona,Cuenta corriente,No,9504,0.21
43199,A-571,Girona,Ahorros,No,875,0.21
43199,C-386,Girona,Fondo de inversión,Si,2029,0.21
43199,C-934,Girona,Plan de jubilación,Si,2630,0.21
43199,A-258,Lleida,Fondo de inversión,No,4557,0.21
43199,A-519,Lleida,Hipoteca,Si,14963,0.21
43199,A-733,Lleida,Hipoteca,Si,116,0.21
43199,C-635,Lleida,Ahorros,No,5716,0.21
43200,B-680,Barcelona,Fondo de inversión,Si,2032,0.21
43200,C-516,Barcelona,Cuenta corriente,Si,9045,0.21
43200,D-534,Barcelona,Hipoteca,No,1738,0.21
43200,D-910,Barcelona,Plan de jubilación,No,11063,0.21
43200,B-202,Barcelona,Ahorros,Si,9113,0.21
43200,D-815,Barcelona,Fondo de inversión,No,14373,0.21
43200,D-470,Barcelona,Cuenta corriente,No,3436,0.21
43200,A-241,Barcelona,Hipoteca,Si,12355,0.21
43200,B-923,Barcelona,Fondo de inversión,Si,4291,0.21
43200,D-826,Gavà,Ahorros,Si,11049,0.21
43200,C-994,Gavà,Cuenta corriente,Si,4870,0.21
43200,D-285,Gavà,Ahorros,Si,1404,0.21
43200,C-948,Gavà,Fondo de inversión,Si,2346,0.21
43200,A-951,Girona,Plan de jubilación,Si,10870,0.21
43200,A-446,Girona,Fondo de inversión,Si,10309,0.21
43200,A-436,Girona,Plan de jubilación,No,6721,0.21
43200,C-928,Girona,Ahorros,Si,11857,0.21
43200,A-385,Lleida,Ahorros,Si,11701,0.21
43200,D-316,Lleida,Cuenta corriente,Si,4825,0.21
43200,D-647,Lleida,Cuenta corriente,Si,400,0.21
43200,C-275,Lleida,Fondo de inversión,No,11445,0.21
43201,A-783,Barcelona,Hipoteca,No,11327,0.21
43201,D-522,Gavà,Plan de jubilación,Si,5661,0.21
43201,C-334,Gavà,Fondo de inversión,No,8294,0.21
43201,B-567,Gavà,Hipoteca,No,13266,0.21
43201,B-290,Tarragona,Ahorros,Si,4986,0.21
43201,A-898,Tarragona,Hipoteca,No,5241,0.21
43201,C-739,Tarragona,Fondo de inversión,Si,11224,0.21
43201,A-227,Tarragona,Ahorros,No,260,0.21
43201,B-552,Girona,Ahorros,Si,11615,0.21
43201,D-470,Girona,Hipoteca,No,795,0.21
43201,D-251,Girona,Hipoteca,No,3037,0.21
43201,A-480,Lleida,Cuenta corriente,No,477,0.21
43201,C-809,Lleida,Plan de jubilación,No,12222,0.21
43201,B-776,Lleida,Fondo de inversión,Si,5852,0.21
43202,A-111,Barcelona,Plan de jubilación,Si,1850,0.21
43202,B-756,Barcelona,Cuenta corriente,No,1743,0.21
43202,C-915,Barcelona,Ahorros,Si,8756,0.21
43202,B-466,Barcelona,Fondo de inversión,No,2826,0.21
43202,C-626,Barcelona,Hipoteca,Si,3253,0.21
43202,D-640,Barcelona,Hipoteca,Si,3098,0.21
43202,A-805,Gavà,Fondo de inversión,Si,11695,0.21
43202,B-997,Gavà,Fondo de inversión,Si,6727,0.21
43202,D-321,Gavà,Fondo de inversión,Si,13785,0.21
43202,B-964,Gavà,Plan de jubilación,Si,10381,0.21
43202,A-243,Gavà,Hipoteca,Si,6633,0.21
43202,B-104,Gavà,Plan de jubilación,No,12095,0.21
43202,A-515,Gavà,Cuenta corriente,Si,10928,0.21
43202,B-730,Gavà,Cuenta corriente,No,959,0.21
43202,C-445,Tarragona,Ahorros,Si,13040,0.21
43202,B-738,Tarragona,Hipoteca,No,626,0.21
43202,A-483,Tarragona,Cuenta corriente,No,2792,0.21
43202,A-560,Girona,Ahorros,Si,12113,0.21
43202,A-419,Girona,Plan de jubilación,Si,7448,0.21
43202,D-522,Girona,Fondo de inversión,Si,7262,0.21
43202,C-206,Girona,Plan de jubilación,No,14182,0.21
43202,C-287,Girona,Cuenta corriente,Si,8566,0.21
43202,C-811,Girona,Cuenta corriente,Si,13499,0.21
43202,D-997,Lleida,Plan de jubilación,No,7307,0.21
43202,D-339,Lleida,Ahorros,Si,6015,0.21
43202,B-270,Lleida,Hipoteca,No,1128,0.21
43202,D-979,Lleida,Ahorros,No,2532,0.21
43203,C-303,Barcelona,Cuenta corriente,No,13387,0.21
43203,B-970,Barcelona,Hipoteca,No,2257,0.21
43203,D-116,Barcelona,Fondo de inversión,No,573,0.21
43203,B-583,Barcelona,Cuenta corriente,Si,7050,0.21
43203,B-647,Barcelona,Fondo de inversión,No,2045,0.21
43203,B-140,Barcelona,Plan de jubilación,Si,11335,0.21
43203,D-334,Barcelona,Ahorros,No,12911,0.21
43203,A-241,Barcelona,Plan de jubilación,Si,7082,0.21
43203,B-283,Barcelona,Hipoteca,No,1261,0.21
43203,D-474,Gavà,Hipoteca,No,14073,0.21
43203,C-182,Tarragona,Plan de jubilación,No,5951,0.21
43203,D-218,Tarragona,Fondo de inversión,Si,10763,0.21
43203,A-526,Tarragona,Ahorros,Si,3364,0.21
43203,B-399,Tarragona,Hipoteca,No,5709,0.21
43203,B-496,Tarragona,Plan de jubilación,No,190,0.21
43203,B-751,Girona,Cuenta corriente,Si,13538,0.21
43203,C-777,Girona,Hipoteca,No,11291,0.21
43203,D-137,Girona,Cuenta corriente,No,9799,0.21
43203,B-421,Girona,Hipoteca,Si,11098,0.21
43203,A-662,Lleida,Hipoteca,Si,6671,0.21
43203,C-695,Lleida,Fondo de inversión,Si,7016,0.21
43203,C-762,Lleida,Hipoteca,No,11998,0.21
43203,C-622,Lleida,Cuenta corriente,Si,9896,0.21
43203,D-212,Lleida,Cuenta corriente,Si,2336,0.21
43203,A-404,Lleida,Hipoteca,Si,4503,0.21
43204,D-431,Barcelona,Hipoteca,Si,14175,0.21
43204,B-862,Barcelona,Plan de jubilación,Si,7533,0.21
43204,B-127,Barcelona,Ahorros,No,1183,0.21
43204,B-847,Barcelona,Fondo de inversión,Si,6376,0.21
43204,C-738,Barcelona,Ahorros,No,13965,0.21
43204,A-496,Barcelona,Hipoteca,No,14538,0.21
43204,C-961,Barcelona,Fondo de inversión,Si,6367,0.21
43204,B-966,Barcelona,Ahorros,Si,11826,0.21
43204,D-231,Gavà,Fondo de inversión,No,9902,0.21
43204,A-580,Gavà,Fondo de inversión,Si,9158,0.21
43204,C-616,Gavà,Fondo de inversión,No,11125,0.21
43204,C-749,Gavà,Cuenta corriente,Si,14016,0.21
43204,A-108,Tarragona,Hipoteca,Si,6187,0.21
43204,B-429,Tarragona,Fondo de inversión,No,13461,0.21
43204,D-760,Tarragona,Hipoteca,Si,14996,0.21
43204,B-578,Girona,Plan de jubilación,Si,6096,0.21
43204,D-868,Girona,Plan de jubilación,No,8680,0.21
43204,D-639,Lleida,Fondo de inversión,No,11309,0.21
43204,C-180,Lleida,Ahorros,No,9287,0.21
43204,C-679,Lleida,Fondo de inversión,Si,11309,0.21
43205,A-353,Barcelona,Hipoteca,No,5947,0.21
43205,A-773,Barcelona,Plan de jubilación,No,11027,0.21
43205,D-369,Barcelona,Ahorros,No,7561,0.21
43205,B-692,Barcelona,Fondo de inversión,Si,870,0.21
43205,A-721,Tarragona,Cuenta corriente,Si,7724,0.21
43205,D-285,Tarragona,Fondo de inversión,No,11096,0.21
43205,C-921,Tarragona,Hipoteca,Si,3696,0.21
43205,C-954,Tarragona,Fondo de inversión,No,7532,0.21
43205,C-534,Tarragona,Plan de jubilación,No,2391,0.21
43205,B-744,Tarragona,Plan de jubilación,Si,14175,0.21
43205,A-194,Girona,Cuenta corriente,Si,9792,0.21
43205,C-281,Girona,Cuenta corriente,Si,5170,0.21
43205,B-225,Girona,Hipoteca,Si,13435,0.21
43205,A-763,Girona,Hipoteca,No,4988,0.21
43205,A-467,Girona,Plan de jubilación,Si,6182,0.21
43205,B-675,Girona,Ahorros,Si,2451,0.21
43206,D-903,Barcelona,Cuenta corriente,No,6373,0.21
43206,A-781,Barcelona,Hipoteca,Si,9959,0.21
43206,A-202,Barcelona,Hipoteca,Si,2654,0.21
43206,A-929,Gavà,Cuenta corriente,No,5466,0.21
43206,B-692,Gavà,Fondo de inversión,No,11982,0.21
43206,B-150,Gavà,Fondo de inversión,Si,6199,0.21
43206,A-551,Tarragona,Fondo de inversión,No,10132,0.21
43206,D-738,Tarragona,Fondo de inversión,No,1265,0.21
43206,D-702,Tarragona,Plan de jubilación,Si,1608,0.21
43206,A-518,Tarragona,Hipoteca,No,12018,0.21
43206,B-215,Girona,Fondo de inversión,No,13591,0.21
43206,C-390,Girona,Plan de jubilación,No,12685,0.21
43206,C-737,Girona,Plan de jubilación,No,4804,0.21
43206,D-339,Girona,Hipoteca,No,2566,0.21
43206,C-930,Girona,Ahorros,No,665,0.21
43206,B-398,Girona,Ahorros,No,3531,0.21
43206,B-522,Girona,Plan de jubilación,Si,8096,0.21
43206,B-279,Girona,Plan de jubilación,Si,3049,0.21
43206,A-772,Girona,Cuenta corriente,No,10369,0.21
43206,A-846,Girona,Hipoteca,No,13200,0.21
43206,A-806,Lleida,Plan de jubilación,Si,528,0.21
43206,C-419,Lleida,Cuenta corriente,Si,14829,0.21
43206,B-757,Lleida,Plan de jubilación,Si,5121,0.21
43207,A-391,Barcelona,Hipoteca,No,3266,0.21
43207,A-869,Barcelona,Plan de jubilación,Si,5811,0.21
43207,C-222,Barcelona,Cuenta corriente,Si,840,0.21
43207,B-858,Barcelona,Ahorros,No,395,0.21
43207,A-182,Barcelona,Fondo de inversión,Si,1316,0.21
43207,A-778,Gavà,Fondo de inversión,No,193,0.21
43207,B-437,Tarragona,Plan de jubilación,Si,1857,0.21
43207,B-299,Tarragona,Fondo de inversión,Si,13697,0.21
43207,B-147,Girona,Fondo de inversión,Si,10816,0.21
43207,A-170,Girona,Plan de jubilación,Si,12960,0.21
43207,A-702,Lleida,Hipoteca,No,11002,0.21
43207,B-134,Lleida,Cuenta corriente,Si,14213,0.21
43208,B-750,Barcelona,Ahorros,No,2507,0.21
43208,C-858,Barcelona,Hipoteca,Si,3274,0.21
43208,A-536,Barcelona,Ahorros,Si,11949,0.21
43208,C-104,Barcelona,Fondo de inversión,No,1149,0.21
43208,C-955,Gavà,Plan de jubilación,No,10312,0.21
43208,C-472,Gavà,Cuenta corriente,No,9756,0.21
43208,A-946,Tarragona,Plan de jubilación,No,1918,0.21
43208,A-592,Tarragona,Ahorros,No,3069,0.21
43208,C-620,Tarragona,Ahorros,No,3055,0.21
43208,C-710,Tarragona,Ahorros,No,9194,0.21
43208,C-949,Tarragona,Hipoteca,Si,7402,0.21
43208,A-996,Tarragona,Plan de jubilación,Si,13121,0.21
43208,A-168,Tarragona,Ahorros,Si,13169,0.21
43208,C-692,Tarragona,Cuenta corriente,No,8305,0.21
43208,C-167,Girona,Plan de jubilación,Si,14420,0.21
43208,A-471,Girona,Ahorros,No,11816,0.21
43208,C-422,Girona,Plan de jubilación,Si,14739,0.21
43208,A-444,Girona,Plan de jubilación,No,13575,0.21
43208,A-395,Lleida,Fondo de inversión,Si,1594,0.21
43208,D-980,Lleida,Fondo de inversión,No,1874,0.21
43208,A-936,Lleida,Fondo de inversión,No,10581,0.21
43209,A-517,Barcelona,Plan de jubilación,Si,4910,0.21
43209,C-748,Barcelona,Hipoteca,Si,2255,0.21
43209,C-153,Barcelona,Hipoteca,Si,1865,0.21
43209,C-228,Barcelona,Plan de jubilación,Si,8634,0.21
43209,A-972,Barcelona,Fondo de inversión,No,12461,0.21
43209,A-220,Barcelona,Plan de jubilación,No,10418,0.21
43209,A-271,Barcelona,Fondo de inversión,Si,1924,0.21
43209,C-528,Barcelona,Ahorros,Si,14303,0.21
43209,A-170,Gavà,Plan de jubilación,No,8650,0.21
43209,D-833,Gavà,Plan de jubilación,Si,12388,0.21
43209,B-301,Gavà,Ahorros,Si,10135,0.21
43209,B-179,Gavà,Fondo de inversión,No,13404,0.21
43209,B-444,Tarragona,Fondo de inversión,Si,12303,0.21
43209,D-896,Tarragona,Hipoteca,No,8762,0.21
43209,B-854,Tarragona,Fondo de inversión,Si,2606,0.21
43209,D-753,Tarragona,Ahorros,No,12352,0.21
43209,B-664,Tarragona,Fondo de inversión,Si,9222,0.21
43209,A-571,Tarragona,Ahorros,No,9216,0.21
43209,C-339,Girona,Hipoteca,No,10804,0.21
43209,C-550,Girona,Ahorros,No,9555,0.21
43209,D-564,Girona,Cuenta corriente,Si,9203,0.21
43209,D-517,Lleida,Ahorros,Si,2860,0.21
43209,B-135,Lleida,Fondo de inversión,No,1454,0.21
43209,B-812,Lleida,Plan de jubilación,No,1549,0.21
43209,A-213,Lleida,Hipoteca,Si,10136,0.21
43209,C-211,Lleida,Fondo de inversión,Si,10967,0.21
43210,D-523,Barcelona,Plan de jubilación,No,12011,0.21
43210,C-378,Barcelona,Fondo de inversión,Si,6970,0.21
43210,D-815,Barcelona,Hipoteca,No,10800,0.21
43210,D-579,Barcelona,Ahorros,Si,13392,0.21
43210,A-849,Barcelona,Ahorros,Si,6730,0.21
43210,A-531,Barcelona,Cuenta corriente,Si,10245,0.21
43210,C-588,Barcelona,Ahorros,No,1109,0.21
43210,A-317,Gavà,Fondo de inversión,Si,8213,0.21
43210,D-551,Gavà,Fondo de inversión,No,14793,0.21
43210,A-436,Gavà,Fondo de inversión,Si,12244,0.21
43210,A-791,Gavà,Hipoteca,Si,12109,0.21
43210,C-285,Gavà,Hipoteca,Si,7295,0.21
43210,C-198,Gavà,Hipoteca,No,11484,0.21
43210,D-645,Gavà,Ahorros,No,9786,0.21
43210,C-499,Tarragona,Fondo de inversión,No,7424,0.21
43210,B-245,Tarragona,Plan de jubilación,Si,11006,0.21
43210,C-360,Girona,Fondo de inversión,Si,10825,0.21
43210,C-509,Girona,Hipoteca,Si,1349,0.21
43210,D-996,Lleida,Ahorros,No,7802,0.21
43210,B-793,Lleida,Fondo de inversión,No,9775,0.21
43210,B-995,Lleida,Ahorros,Si,2435,0.21
43210,B-631,Lleida,Ahorros,No,514,0.21
43211,A-845,Barcelona,Plan de jubilación,Si,7802,0.21
43211,D-381,Barcelona,Fondo de inversión,Si,14356,0.21
43211,B-144,Barcelona,Ahorros,Si,5028,0.21
43211,C-114,Barcelona,Ahorros,No,5436,0.21
43211,D-259,Barcelona,Plan de jubilación,Si,10686,0.21
43211,C-516,Barcelona,Fondo de inversión,Si,12456,0.21
43211,A-403,Barcelona,Hipoteca,No,6662,0.21
43211,D-340,Barcelona,Ahorros,No,9262,0.21
43211,D-359,Gavà,Ahorros,Si,9582,0.21
43211,B-382,Gavà,Hipoteca,Si,3293,0.21
43211,D-874,Gavà,Plan de jubilación,Si,4692,0.21
43211,D-114,Gavà,Hipoteca,Si,14839,0.21
43211,C-870,Tarragona,Hipoteca,No,14669,0.21
43211,A-609,Tarragona,Cuenta corriente,Si,782,0.21
43211,D-271,Tarragona,Fondo de inversión,Si,9585,0.21
43211,D-229,Girona,Plan de jubilación,No,7483,0.21
43211,C-847,Girona,Hipoteca,No,1394,0.21
43211,D-659,Girona,Plan de jubilación,No,1647,0.21
43211,A-136,Girona,Plan de jubilación,No,3897,0.21
43211,A-407,Girona,Fondo de inversión,No,3867,0.21
43211,B-349,Girona,Plan de jubilación,No,4064,0.21
43211,C-158,Lleida,Ahorros,No,9716,0.21
43211,B-502,Lleida,Fondo de inversión,Si,5269,0.21
43211,D-788,Lleida,Hipoteca,No,9928,0.21
43211,B-979,Lleida,Fondo de inversión,Si,8024,0.21
43211,B-380,Lleida,Ahorros,No,8420,0.21
43211,D-377,Lleida,Fondo de inversión,No,9987,0.21
43212,B-748,Barcelona,Ahorros,No,10090,0.21
43212,B-469,Gavà,Ahorros,No,9404,0.21
43212,C-342,Gavà,Fondo de inversión,Si,9910,0.21
43212,B-260,Gavà,Cuenta corriente,Si,8185,0.21
43212,A-569,Gavà,Fondo de inversión,Si,6268,0.21
43212,B-198,Gavà,Ahorros,Si,3191,0.21
43212,C-408,Gavà,Plan de jubilación,No,4724,0.21
43212,B-170,Tarragona,Ahorros,No,14321,0.21
43212,A-689,Tarragona,Plan de jubilación,Si,9215,0.21
43212,B-501,Tarragona,Plan de jubilación,No,12937,0.21
43212,B-663,Tarragona,Plan de jubilación,Si,6760,0.21
43212,D-557,Tarragona,Cuenta corriente,No,7864,0.21
43212,A-812,Tarragona,Hipoteca,No,7327,0.21
43212,D-570,Girona,Fondo de inversión,Si,6240,0.21
43212,A-200,Girona,Plan de jubilación,No,13321,0.21
43212,A-369,Girona,Ahorros,Si,10379,0.21
43212,D-332,Girona,Cuenta corriente,Si,9491,0.21
43212,D-575,Lleida,Plan de jubilación,Si,12961,0.21
43212,C-757,Lleida,Ahorros,No,14639,0.21
43212,B-802,Lleida,Fondo de inversión,Si,13671,0.21
43212,D-868,Lleida,Cuenta corriente,Si,12108,0.21
43212,D-709,Lleida,Cuenta corriente,Si,1570,0.21
43212,C-692,Lleida,Fondo de inversión,No,12654,0.21
43213,C-888,Barcelona,Ahorros,Si,13576,0.21
43213,B-225,Barcelona,Fondo de inversión,No,12282,0.21
43213,A-822,Barcelona,Cuenta corriente,Si,12842,0.21
43213,D-753,Barcelona,Cuenta corriente,Si,11035,0.21
43213,C-619,Gavà,Ahorros,Si,1985,0.21
43213,A-457,Gavà,Plan de jubilación,Si,8242,0.21
43213,C-333,Gavà,Fondo de inversión,No,270,0.21
43213,C-417,Gavà,Plan de jubilación,Si,4763,0.21
43213,D-267,Gavà,Ahorros,Si,7642,0.21
43213,B-139,Gavà,Ahorros,No,10894,0.21
43213,A-213,Tarragona,Cuenta corriente,Si,5743,0.21
43213,A-743,Tarragona,Ahorros,No,12565,0.21
43213,A-717,Tarragona,Fondo de inversión,No,8300,0.21
43213,D-132,Tarragona,Cuenta corriente,Si,3803,0.21
43213,D-288,Tarragona,Hipoteca,Si,8171,0.21
43213,C-352,Girona,Hipoteca,No,6637,0.21
43213,A-816,Girona,Ahorros,Si,14075,0.21
43213,A-200,Girona,Plan de jubilación,No,5987,0.21
43213,D-878,Lleida,Hipoteca,No,3584,0.21
43213,C-744,Lleida,Ahorros,No,644,0.21
43214,C-506,Barcelona,Cuenta corriente,No,2986,0.21
43214,C-340,Barcelona,Hipoteca,Si,7873,0.21
43214,C-941,Barcelona,Plan de jubilación,No,8061,0.21
43214,C-186,Barcelona,Cuenta corriente,No,5100,0.21
43214,A-737,Gavà,Cuenta corriente,No,2631,0.21
43214,D-668,Gavà,Plan de jubilación,Si,13555,0.21
43214,C-972,Gavà,Hipoteca,Si,9647,0.21
43214,C-499,Tarragona,Cuenta corriente,Si,8602,0.21
43214,D-296,Tarragona,Hipoteca,Si,13346,0.21
43214,A-496,Tarragona,Cuenta corriente,No,4619,0.21
43214,B-394,Tarragona,Fondo de inversión,No,14706,0.21
43214,A-491,Girona,Ahorros,Si,4947,0.21
43214,C-243,Girona,Cuenta corriente,Si,2480,0.21
43214,B-796,Girona,Plan de jubilación,Si,13123,0.21
43214,C-710,Girona,Ahorros,No,8451,0.21
43214,A-942,Girona,Ahorros,No,1347,0.21
43214,B-202,Lleida,Ahorros,No,6030,0.21
43214,C-590,Lleida,Fondo de inversión,Si,4325,0.21
43214,A-785,Lleida,Cuenta corriente,No,3458,0.21
43214,A-277,Lleida,Plan de jubilación,No,13775,0.21
43215,D-165,Gavà,Cuenta corriente,Si,13706,0.21
43215,A-169,Gavà,Plan de jubilación,Si,12665,0.21
43215,C-993,Gavà,Plan de jubilación,Si,2263,0.21
43215,B-887,Gavà,Fondo de inversión,Si,1601,0.21
43215,D-840,Tarragona,Ahorros,No,12562,0.21
43215,B-726,Girona,Fondo de inversión,Si,8551,0.21
43215,D-618,Girona,Hipoteca,No,3656,0.21
43215,A-469,Girona,Cuenta corriente,No,8044,0.21
43215,D-826,Lleida,Cuenta corriente,No,2461,0.21
43215,B-291,Lleida,Hipoteca,Si,6128,0.21
43215,C-324,Lleida,Cuenta corriente,No,12490,0.21
43215,A-663,Lleida,Cuenta corriente,No,8139,0.21
43215,C-314,Lleida,Fondo de inversión,No,11650,0.21
43215,D-563,Lleida,Cuenta corriente,No,14094,0.21
43216,A-793,Barcelona,Hipoteca,Si,10099,0.21
43216,D-991,Barcelona,Hipoteca,Si,6722,0.21
43216,D-755,Barcelona,Cuenta corriente,Si,9823,0.21
43216,D-283,Barcelona,Ahorros,Si,9743,0.21
43216,A-894,Barcelona,Cuenta corriente,No,1684,0.21
43216,C-198,Gavà,Plan de jubilación,Si,5534,0.21
43216,B-527,Gavà,Plan de jubilación,Si,14740,0.21
43216,C-149,Gavà,Fondo de inversión,No,954,0.21
43216,C-696,Gavà,Hipoteca,Si,3366,0.21
43216,C-456,Tarragona,Ahorros,Si,1290,0.21
43216,B-804,Tarragona,Hipoteca,Si,12944,0.21
43216,D-960,Tarragona,Fondo de inversión,No,8127,0.21
43216,B-370,Tarragona,Plan de jubilación,Si,934,0.21
43216,A-774,Tarragona,Hipoteca,No,5214,0.21
43216,A-653,Tarragona,Ahorros,Si,14925,0.21
43216,D-266,Tarragona,Fondo de inversión,Si,10245,0.21
43216,B-637,Girona,Fondo de inversión,Si,11671,0.21
43216,C-258,Lleida,Hipoteca,Si,7371,0.21
43216,C-964,Lleida,Fondo de inversión,Si,5488,0.21
43216,D-702,Lleida,Plan de jubilación,No,14040,0.21
43217,A-401,Barcelona,Ahorros,Si,11820,0.21
43217,C-580,Barcelona,Cuenta corriente,No,9281,0.21
43217,D-115,Barcelona,Hipoteca,No,4374,0.21
43217,D-969,Barcelona,Plan de jubilación,Si,6332,0.21
43217,D-401,Gavà,Fondo de inversión,Si,2837,0.21
43217,C-662,Gavà,Plan de jubilación,No,11604,0.21
43217,B-118,Gavà,Hipoteca,Si,3903,0.21
43217,B-929,Gavà,Plan de jubilación,No,8716,0.21
43217,B-678,Tarragona,Fondo de inversión,Si,10650,0.21
43217,A-755,Tarragona,Ahorros,Si,10220,0.21
43217,D-521,Tarragona,Fondo de inversión,No,13703,0.21
43217,B-333,Tarragona,Fondo de inversión,No,8774,0.21
43217,D-378,Tarragona,Ahorros,No,1128,0.21
43217,A-789,Tarragona,Hipoteca,No,3747,0.21
43217,D-184,Girona,Hipoteca,No,10953,0.21
43217,D-792,Girona,Hipoteca,No,3225,0.21
43217,C-701,Girona,Hipoteca,Si,1015,0.21
43217,B-514,Girona,Ahorros,No,13120,0.21
43217,A-286,Girona,Ahorros,Si,9093,0.21
43217,C-267,Lleida,Cuenta corriente,No,11790,0.21
43217,D-502,Lleida,Ahorros,No,6853,0.21
43217,B-181,Lleida,Fondo de inversión,No,5784,0.21
43218,D-194,Barcelona,Fondo de inversión,No,4283,0.21
43218,A-502,Gavà,Cuenta corriente,Si,5773,0.21
43218,A-852,Tarragona,Plan de jubilación,No,7062,0.21
43218,C-129,Tarragona,Ahorros,Si,9403,0.21
43218,B-365,Tarragona,Fondo de inversión,Si,14913,0.21
43218,C-201,Tarragona,Ahorros,No,5145,0.21
43218,D-862,Girona,Hipoteca,No,7492,0.21
43218,A-324,Girona,Ahorros,Si,12641,0.21
43218,B-908,Girona,Cuenta corriente,Si,497,0.21
43218,D-676,Girona,Cuenta corriente,No,8827,0.21
43218,B-670,Girona,Hipoteca,No,14491,0.21
43218,C-783,Girona,Fondo de inversión,Si,3443,0.21
43218,A-251,Girona,Ahorros,No,11587,0.21
43218,B-610,Girona,Cuenta corriente,No,14184,0.21
43218,A-591,Lleida,Hipoteca,No,10447,0.21
43218,B-308,Lleida,Hipoteca,No,9967,0.21
43218,C-855,Lleida,Plan de jubilación,Si,9036,0.21
43218,B-508,Lleida,Cuenta corriente,No,13339,0.21
43218,D-538,Lleida,Ahorros,Si,4368,0.21
43219,D-166,Barcelona,Fondo de inversión,Si,6684,0.21
43219,B-801,Barcelona,Hipoteca,No,3631,0.21
43219,B-140,Barcelona,Hipoteca,No,3527,0.21
43219,A-919,Barcelona,Fondo de inversión,Si,8771,0.21
43219,A-149,Gavà,Hipoteca,No,11784,0.21
43219,B-896,Gavà,Ahorros,No,158,0.21
43219,A-502,Gavà,Ahorros,Si,9967,0.21
43219,B-201,Gavà,Plan de jubilación,Si,6529,0.21
43219,D-994,Tarragona,Plan de jubilación,Si,5593,0.21
43219,B-469,Tarragona,Hipoteca,No,4025,0.21
43219,B-788,Tarragona,Fondo de inversión,No,10448,0.21
43219,B-442,Tarragona,Plan de jubilación,No,11578,0.21
43219,A-936,Tarragona,Fondo de inversión,No,6361,0.21
43219,D-378,Tarragona,Plan de jubilación,Si,10575,0.21
43219,B-656,Tarragona,Hipoteca,No,2941,0.21
43219,C-317,Girona,Cuenta corriente,Si,11729,0.21
43219,C-399,Girona,Hipoteca,No,4460,0.21
43219,D-809,Girona,Hipoteca,No,3757,0.21
43219,D-279,Girona,Fondo de inversión,Si,8290,0.21
43219,B-874,Girona,Cuenta corriente,Si,3763,0.21
43219,B-690,Lleida,Hipoteca,No,5004,0.21
43219,A-884,Lleida,Hipoteca,No,6068,0.21
43219,C-912,Lleida,Ahorros,Si,7333,0.21
43219,A-343,Lleida,Cuenta corriente,No,7193,0.21
43219,C-356,Lleida,Hipoteca,No,13094,0.21
43219,C-390,Lleida,Fondo de inversión,Si,11911,0.21
43219,C-669,Lleida,Ahorros,Si,1082,0.21
43220,B-148,Barcelona,Fondo de inversión,No,2973,0.21
43220,B-273,Barcelona,Plan de jubilación,No,14075,0.21
43220,B-749,Barcelona,Hipoteca,Si,7530,0.21
43220,C-555,Barcelona,Hipoteca,No,14184,0.21
43220,D-197,Barcelona,Ahorros,No,8416,0.21
43220,B-743,Barcelona,Cuenta corriente,Si,1169,0.21
43220,A-560,Barcelona,Plan de jubilación,Si,9282,0.21
43220,A-120,Barcelona,Plan de jubilación,No,3271,0.21
43220,D-288,Barcelona,Hipoteca,No,3965,0.21
43220,A-135,Barcelona,Plan de jubilación,Si,9115,0.21
43220,D-155,Gavà,Hipoteca,Si,4597,0.21
43220,A-805,Gavà,Cuenta corriente,Si,11990,0.21
43220,B-811,Gavà,Fondo de inversión,No,12641,0.21
43220,B-701,Gavà,Hipoteca,No,8570,0.21
43220,B-151,Gavà,Cuenta corriente,No,6013,0.21
43220,D-208,Tarragona,Plan de jubilación,Si,4691,0.21
43220,D-937,Tarragona,Hipoteca,Si,2518,0.21
43220,D-657,Tarragona,Ahorros,No,10626,0.21
43220,A-646,Tarragona,Fondo de inversión,No,4946,0.21
43220,C-856,Girona,Hipoteca,No,10053,0.21
43220,D-131,Girona,Plan de jubilación,Si,3261,0.21
43220,B-634,Girona,Cuenta corriente,No,5308,0.21
43220,D-238,Lleida,Fondo de inversión,Si,8796,0.21
43220,A-505,Lleida,Hipoteca,Si,9071,0.21
43220,A-821,Lleida,Plan de jubilación,Si,7738,0.21
43220,C-504,Lleida,Hipoteca,Si,5386,0.21
43220,D-598,Lleida,Cuenta corriente,No,3005,0.21
43220,B-566,Lleida,Cuenta corriente,Si,121,0.21
43221,A-691,Barcelona,Ahorros,No,238,0.21
43221,D-883,Gavà,Fondo de inversión,No,3121,0.21
43221,C-463,Gavà,Cuenta corriente,No,12759,0.21
43221,D-777,Tarragona,Cuenta corriente,No,1448,0.21
43221,C-828,Girona,Fondo de inversión,No,3810,0.21
43221,A-555,Girona,Plan de jubilación,No,11996,0.21
43221,B-488,Girona,Cuenta corriente,Si,647,0.21
43221,B-652,Girona,Ahorros,Si,8908,0.21
43221,A-504,Girona,Cuenta corriente,No,5508,0.21
43221,B-806,Girona,Hipoteca,No,540,0.21
43221,D-315,Girona,Hipoteca,No,12995,0.21
43221,D-830,Lleida,Fondo de inversión,Si,8291,0.21
43221,A-768,Lleida,Fondo de inversión,No,5732,0.21
43221,B-219,Lleida,Plan de jubilación,Si,12531,0.21
43221,C-844,Lleida,Hipoteca,Si,13797,0.21
43222,A-234,Barcelona,Hipoteca,Si,2915,0.21
43222,A-658,Barcelona,Hipoteca,No,9787,0.21
43222,B-550,Barcelona,Plan de jubilación,Si,7210,0.21
43222,D-559,Gavà,Hipoteca,Si,9281,0.21
43222,D-133,Gavà,Ahorros,No,2609,0.21
43222,B-877,Gavà,Hipoteca,No,5129,0.21
43222,B-147,Tarragona,Plan de jubilación,No,10707,0.21
43222,A-978,Tarragona,Fondo de inversión,Si,14397,0.21
43222,D-959,Tarragona,Plan de jubilación,No,8754,0.21
43222,C-804,Tarragona,Plan de jubilación,Si,682,0.21
43222,C-363,Tarragona,Hipoteca,No,5309,0.21
43222,C-491,Tarragona,Ahorros,Si,5311,0.21
43222,B-465,Tarragona,Cuenta corriente,No,3461,0.21
43222,D-808,Girona,Cuenta corriente,No,4181,0.21
43222,D-382,Girona,Ahorros,Si,14672,0.21
43222,D-443,Girona,Hipoteca,No,13196,0.21
43222,B-294,Girona,Hipoteca,Si,645,0.21
43222,A-280,Lleida,Fondo de inversión,No,7710,0.21
43222,C-821,Lleida,Ahorros,No,4697,0.21
43222,C-420,Lleida,Hipoteca,No,10143,0.21
43222,B-331,Lleida,Cuenta corriente,No,11635,0.21
43223,B-960,Barcelona,Ahorros,Si,1185,0.21
43223,A-274,Barcelona,Ahorros,Si,110,0.21
43223,D-259,Barcelona,Fondo de inversión,No,5029,0.21
43223,C-794,Barcelona,Cuenta corriente,Si,5348,0.21
43223,A-976,Barcelona,Fondo de inversión,Si,5618,0.21
43223,A-812,Barcelona,Plan de jubilación,No,14682,0.21
43223,A-458,Gavà,Ahorros,Si,12699,0.21
43223,D-231,Tarragona,Cuenta corriente,Si,8913,0.21
43223,D-143,Tarragona,Plan de jubilación,Si,3145,0.21
43223,D-603,Tarragona,Plan de jubilación,Si,8199,0.21
43223,B-532,Tarragona,Ahorros,No,12157,0.21
43223,C-384,Tarragona,Ahorros,No,863,0.21
43223,A-933,Tarragona,Plan de jubilación,No,4014,0.21
43223,A-331,Tarragona,Cuenta corriente,No,7427,0.21
43223,D-660,Girona,Cuenta corriente,Si,10284,0.21
43223,B-349,Girona,Cuenta corriente,Si,9919,0.21
43223,D-999,Girona,Fondo de inversión,No,4807,0.21
43223,B-241,Girona,Hipoteca,No,4731,0.21
43223,A-838,Girona,Fondo de inversión,No,4348,0.21
43223,D-855,Lleida,Hipoteca,Si,8072,0.21
43223,C-322,Lleida,Fondo de inversión,Si,9319,0.21
43223,D-128,Lleida,Fondo de inversión,Si,11490,0.21
43223,B-437,Lleida,Plan de jubilación,No,5534,0.21
43223,C-855,Lleida,Cuenta corriente,Si,9741,0.21
43224,B-301,Barcelona,Fondo de inversión,Si,13697,0.21
43224,C-901,Barcelona,Cuenta corriente,No,11792,0.21
43224,A-619,Barcelona,Cuenta corriente,Si,14852,0.21
43224,C-100,Barcelona,Plan de jubilación,Si,8500,0.21
43224,C-103,Barcelona,Plan de jubilación,Si,10426,0.21
43224,C-948,Tarragona,Cuenta corriente,No,11181,0.21
43224,A-387,Girona,Fondo de inversión,Si,2928,0.21
43224,C-792,Girona,Ahorros,Si,4899,0.21
43224,D-599,Lleida,Fondo de inversión,No,12310,0.21
43224,D-670,Lleida,Hipoteca,Si,5923,0.21
43225,C-822,Barcelona,Plan de jubilación,Si,13829,0.21
43225,A-542,Barcelona,Plan de jubilación,Si,1838,0.21
43225,C-932,Gavà,Cuenta corriente,No,9226,0.21
43225,C-727,Tarragona,Plan de jubilación,No,3513,0.21
43225,B-707,Tarragona,Plan de jubilación,Si,5471,0.21
43225,B-876,Tarragona,Hipoteca,Si,13109,0.21
43225,B-608,Tarragona,Ahorros,No,3838,0.21
43225,A-790,Tarragona,Ahorros,Si,4736,0.21
43225,C-786,Tarragona,Ahorros,Si,13307,0.21
43225,A-950,Tarragona,Hipoteca,Si,8968,0.21
43225,D-674,Tarragona,Hipoteca,Si,8087,0.21
43225,D-762,Girona,Fondo de inversión,Si,9377,0.21
43225,C-294,Girona,Fondo de inversión,Si,3458,0.21
43225,B-798,Girona,Plan de jubilación,No,1842,0.21
43225,C-989,Lleida,Ahorros,No,4399,0.21
43225,A-637,Lleida,Fondo de inversión,Si,5045,0.21
43225,C-779,Lleida,Cuenta corriente,No,12241,0.21
43225,A-420,Lleida,Hipoteca,No,4210,0.21
43226,A-100,Barcelona,Ahorros,No,13421,0.21
43226,D-250,Barcelona,Cuenta corriente,No,5474,0.21
43226,A-836,Barcelona,Ahorros,Si,711,0.21
43226,A-421,Barcelona,Hipoteca,No,9886,0.21
43226,A-789,Barcelona,Cuenta corriente,No,2802,0.21
43226,B-833,Barcelona,Cuenta corriente,No,5691,0.21
43226,B-613,Gavà,Cuenta corriente,Si,9442,0.21
43226,D-752,Gavà,Hipoteca,No,2818,0.21
43226,B-461,Gavà,Ahorros,Si,10818,0.21
43226,A-151,Gavà,Hipoteca,No,9047,0.21
43226,D-350,Tarragona,Ahorros,No,3161,0.21
43226,C-970,Tarragona,Ahorros,No,3593,0.21
43226,C-705,Girona,Cuenta corriente,Si,5690,0.21
43226,D-463,Girona,Fondo de inversión,No,14410,0.21
43226,C-857,Girona,Hipoteca,No,1348,0.21
43226,A-952,Girona,Plan de jubilación,No,10095,0.21
43226,B-901,Lleida,Hipoteca,No,7674,0.21
43226,C-712,Lleida,Hipoteca,Si,3844,0.21
43226,A-347,Lleida,Ahorros,No,6515,0.21
43227,A-421,Barcelona,Cuenta corriente,Si,10712,0.21
43227,A-423,Barcelona,Ahorros,No,12796,0.21
43227,D-786,Barcelona,Fondo de inversión,No,11519,0.21
43227,B-760,Gavà,Plan de jubilación,No,7818,0.21
43227,D-519,Gavà,Hipoteca,No,10147,0.21
43227,D-250,Tarragona,Hipoteca,No,8757,0.21
43227,A-201,Tarragona,Fondo de inversión,Si,12479,0.21
43227,A-641,Tarragona,Fondo de inversión,No,4765,0.21
43227,A-987,Tarragona,Ahorros,Si,3677,0.21
43227,D-308,Tarragona,Ahorros,Si,2460,0.21
43227,C-534,Girona,Hipoteca,Si,11002,0.21
43227,A-451,Girona,Hipoteca,No,3445,0.21
43227,A-644,Girona,Fondo de inversión,No,9890,0.21
43227,D-337,Girona,Cuenta corriente,Si,10309,0.21
43227,B-579,Girona,Hipoteca,Si,2443,0.21
43227,A-395,Girona,Plan de jubilación,No,12554,0.21
43227,D-631,Girona,Plan de jubilación,No,7386,0.21
43227,B-505,Girona,Cuenta corriente,No,3449,0.21
43227,C-815,Lleida,Fondo de inversión,No,13556,0.21
43227,A-249,Lleida,Hipoteca,No,12260,0.21
43227,D-544,Lleida,Cuenta corriente,No,14280,0.21
43227,C-330,Lleida,Fondo de inversión,Si,778,0.21
43227,C-283,Lleida,Cuenta corriente,No,6278,0.21
43228,D-518,Barcelona,Cuenta corriente,Si,11307,0.21
43228,A-950,Barcelona,Cuenta corriente,No,14771,0.21
43228,A-781,Barcelona,Plan de jubilación,Si,4698,0.21
43228,B-962,Gavà,Ahorros,Si,3142,0.21
43228,C-615,Gavà,Hipoteca,Si,10956,0.21
43228,B-425,Gavà,Fondo de inversión,No,3086,0.21
43228,A-696,Gavà,Plan de jubilación,Si,1888,0.21
43228,A-637,Gavà,Cuenta corriente,No,8464,0.21
43228,D-812,Tarragona,Hipoteca,Si,4022,0.21
43228,C-908,Tarragona,Ahorros,No,3548,0.21
43228,B-779,Tarragona,Fondo de inversión,Si,14971,0.21
43228,A-319,Tarragona,Ahorros,No,6590,0.21
43228,D-941,Girona,Cuenta corriente,Si,13383,0.21
43228,D-721,Girona,Cuenta corriente,Si,360,0.21
43228,A-406,Girona,Cuenta corriente,Si,10094,0.21
43228,C-443,Girona,Ahorros,No,8491,0.21
43228,A-741,Lleida,Plan de jubilación,Si,2531,0.21
43228,B-767,Lleida,Ahorros,Si,611,0.21
43228,A-934,Lleida,Hipoteca,Si,6464,0.21
43228,A-450,Lleida,Hipoteca,Si,2542,0.21
43228,A-362,Lleida,Ahorros,Si,2884,0.21
43228,B-310,Lleida,Hipoteca,Si,10460,0.21
43229,D-339,Barcelona,Hipoteca,No,11607,0.21
43229,C-484,Barcelona,Hipoteca,Si,5699,0.21
43229,A-965,Barcelona,Cuenta corriente,Si,4588,0.21
43229,C-398,Gavà,Plan de jubilación,Si,8666,0.21
43229,C-516,Gavà,Fondo de inversión,Si,6632,0.21
43229,D-935,Gavà,Ahorros,No,14701,0.21
43229,C-626,Gavà,Fondo de inversión,No,13054,0.21
43229,D-802,Gavà,Ahorros,No,13413,0.21
43229,D-864,Tarragona,Plan de jubilación,No,10740,0.21
43229,D-543,Girona,Cuenta corriente,No,6888,0.21
43229,C-318,Lleida,Cuenta corriente,No,12242,0.21
43229,A-149,Lleida,Cuenta corriente,No,10360,0.21
43229,C-578,Lleida,Fondo de inversión,Si,12708,0.21
43229,D-480,Lleida,Fondo de inversión,Si,1986,0.21
43229,D-858,Lleida,Cuenta corriente,Si,5373,0.21
43229,B-811,Lleida,Fondo de inversión,No,4868,0.21
43230,C-121,Barcelona,Hipoteca,Si,13294,0.21
43230,B-289,Gavà,Fondo de inversión,Si,7418,0.21
43230,C-732,Gavà,Hipoteca,No,6876,0.21
43230,A-643,Gavà,Ahorros,No,11303,0.21
43230,D-302,Gavà,Hipoteca,Si,11390,0.21
43230,C-982,Gavà,Ahorros,No,4055,0.21
43230,D-800,Gavà,Fondo de inversión,No,6956,0.21
43230,B-941,Tarragona,Cuenta corriente,No,6534,0.21
43230,A-590,Tarragona,Hipoteca,Si,7316,0.21
43230,C-923,Tarragona,Ahorros,Si,14592,0.21
43230,C-414,Tarragona,Cuenta corriente,No,7603,0.21
43230,A-597,Tarragona,Ahorros,No,2666,0.21
43230,A-660,Girona,Hipoteca,Si,13110,0.21
43230,A-556,Girona,Fondo de inversión,Si,641,0.21
43230,B-304,Lleida,Cuenta corriente,Si,659,0.21
43230,B-483,Lleida,Plan de jubilación,Si,11118,0.21
43230,A-216,Lleida,Cuenta corriente,No,4723,0.21
43230,A-164,Lleida,Cuenta corriente,Si,3002,0.21
43231,D-633,Barcelona,Plan de jubilación,Si,666,0.21
43231,A-789,Barcelona,Cuenta corriente,No,1917,0.21
43231,B-594,Barcelona,Cuenta corriente,No,2926,0.21
43231,C-899,Barcelona,Ahorros,No,11346,0.21
43231,D-769,Gavà,Hipoteca,Si,10702,0.21
43231,B-501,Gavà,Fondo de inversión,Si,1757,0.21
43231,B-408,Gavà,Ahorros,No,8380,0.21
43231,A-408,Gavà,Fondo de inversión,Si,13137,0.21
43231,B-803,Gavà,Ahorros,No,4424,0.21
43231,A-465,Tarragona,Cuenta corriente,No,9057,0.21
43231,B-705,Tarragona,Ahorros,No,9143,0.21
43231,B-599,Tarragona,Fondo de inversión,Si,14806,0.21
43231,C-864,Tarragona,Plan de jubilación,No,13423,0.21
43231,B-633,Tarragona,Hipoteca,Si,7668,0.21
43231,A-218,Girona,Ahorros,No,5886,0.21
43231,D-711,Girona,Ahorros,No,6664,0.21
43231,B-996,Lleida,Cuenta corriente,Si,12397,0.21
43231,C-555,Lleida,Plan de jubilación,No,13016,0.21
43231,D-327,Lleida,Hipoteca,No,7498,0.21
43231,B-965,Lleida,Cuenta corriente,No,5894,0.21
43231,A-181,Lleida,Cuenta corriente,No,6776,0.21
43231,D-862,Lleida,Hipoteca,No,958,0.21
43232,D-129,Barcelona,Ahorros,Si,993,0.21
43232,D-819,Barcelona,Plan de jubilación,No,8172,0.21
43232,D-370,Gavà,Hipoteca,Si,2919,0.21
43232,D-778,Gavà,Cuenta corriente,No,9943,0.21
43232,B-867,Gavà,Plan de jubilación,Si,3663,0.21
43232,B-874,Tarragona,Fondo de inversión,Si,13339,0.21
43232,B-306,Tarragona,Plan de jubilación,Si,11726,0.21
43232,A-777,Girona,Cuenta corriente,No,14116,0.21
43232,C-948,Girona,Fondo de inversión,Si,182,0.21
43232,C-245,Lleida,Cuenta corriente,Si,10546,0.21
43232,D-735,Lleida,Hipoteca,Si,11185,0.21
43232,D-666,Lleida,Cuenta corriente,No,9627,0.21
43232,C-897,Lleida,Ahorros,Si,1144,0.21
43232,A-729,Lleida,Cuenta corriente,No,6447,0.21
43233,A-795,Barcelona,Fondo de inversión,Si,7700,0.21
43233,B-962,Barcelona,Plan de jubilación,No,11705,0.21
43233,B-979,Gavà,Plan de jubilación,Si,8348,0.21
43233,B-760,Gavà,Cuenta corriente,Si,8513,0.21
43233,C-754,Gavà,Hipoteca,No,5029,0.21
43233,A-758,Gavà,Ahorros,Si,7774,0.21
43233,B-301,Tarragona,Cuenta corriente,Si,14087,0.21
43233,C-375,Tarragona,Fondo de inversión,Si,13042,0.21
43233,A-288,Tarragona,Hipoteca,Si,13876,0.21
43233,A-640,Girona,Ahorros,Si,14264,0.21
43233,C-443,Girona,Hipoteca,No,4105,0.21
43233,C-899,Girona,Fondo de inversión,Si,4413,0.21
43233,C-268,Girona,Ahorros,No,5644,0.21
43233,A-117,Girona,Cuenta corriente,Si,4463,0.21
43233,D-968,Girona,Hipoteca,No,7327,0.21
43233,D-488,Girona,Fondo de inversión,No,1202,0.21
43233,B-359,Girona,Cuenta corriente,Si,1937,0.21
43233,A-424,Lleida,Cuenta corriente,Si,8388,0.21
43233,C-197,Lleida,Fondo de inversión,No,402,0.21
43234,D-586,Barcelona,Cuenta corriente,No,6731,0.21
43234,D-854,Gavà,Fondo de inversión,No,297,0.21
43234,D-638,Gavà,Ahorros,No,8958,0.21
43234,A-791,Tarragona,Fondo de inversión,Si,6940,0.21
43234,A-293,Tarragona,Plan de jubilación,Si,12563,0.21
43234,A-342,Tarragona,Cuenta corriente,Si,8249,0.21
43234,A-503,Tarragona,Plan de jubilación,No,14361,0.21
43234,C-166,Tarragona,Hipoteca,Si,8273,0.21
43234,A-270,Girona,Plan de jubilación,Si,10753,0.21
43234,A-160,Girona,Hipoteca,Si,813,0.21
43234,B-119,Girona,Plan de jubilación,Si,6382,0.21
43234,A-559,Lleida,Hipoteca,No,2999,0.21
43234,A-282,Lleida,Ahorros,Si,13742,0.21
43234,A-980,Lleida,Cuenta corriente,No,5108,0.21
43234,A-126,Lleida,Plan de jubilación,Si,201,0.21
43234,B-736,Lleida,Ahorros,Si,14577,0.21
43235,B-813,Barcelona,Cuenta corriente,Si,1311,0.21
43235,B-819,Barcelona,Plan de jubilación,Si,3603,0.21
43235,C-916,Barcelona,Hipoteca,Si,7634,0.21
43235,C-777,Barcelona,Ahorros,Si,2950,0.21
43235,C-331,Barcelona,Plan de jubilación,No,5705,0.21
43235,B-210,Barcelona,Cuenta corriente,Si,6459,0.21
43235,C-315,Barcelona,Ahorros,No,1013,0.21
43235,D-403,Barcelona,Fondo de inversión,Si,8925,0.21
43235,B-266,Gavà,Cuenta corriente,Si,3059,0.21
43235,A-388,Gavà,Hipoteca,No,10393,0.21
43235,D-291,Gavà,Plan de jubilación,Si,3957,0.21
43235,D-712,Gavà,Hipoteca,No,165,0.21
43235,A-619,Tarragona,Hipoteca,No,10094,0.21
43235,D-682,Tarragona,Cuenta corriente,No,7651,0.21
43235,A-947,Tarragona,Cuenta corriente,No,5721,0.21
43235,D-613,Tarragona,Hipoteca,Si,9759,0.21
43235,B-368,Tarragona,Plan de jubilación,No,7277,0.21
43235,A-259,Tarragona,Plan de jubilación,Si,3985,0.21
43235,C-911,Tarragona,Ahorros,No,13759,0.21
43235,A-960,Tarragona,Ahorros,Si,8319,0.21
43235,C-955,Tarragona,Cuenta corriente,Si,6406,0.21
43235,C-271,Tarragona,Plan de jubilación,No,549,0.21
43235,C-950,Tarragona,Fondo de inversión,Si,9806,0.21
43235,C-615,Girona,Cuenta corriente,Si,10113,0.21
43235,D-333,Girona,Cuenta corriente,Si,11292,0.21
43235,B-820,Girona,Fondo de inversión,No,2371,0.21
43235,A-880,Girona,Plan de jubilación,No,10419,0.21
43235,A-173,Lleida,Fondo de inversión,Si,14129,0.21
43235,B-454,Lleida,Plan de jubilación,No,7849,0.21
43235,B-154,Lleida,Cuenta corriente,Si,12293,0.21
43235,B-301,Lleida,Hipoteca,No,6947,0.21
43236,A-684,Barcelona,Ahorros,No,8279,0.21
43236,B-595,Barcelona,Hipoteca,No,6229,0.21
43236,A-193,Barcelona,Fondo de inversión,No,6913,0.21
43236,C-117,Barcelona,Fondo de inversión,No,1248,0.21
43236,C-304,Gavà,Plan de jubilación,Si,12218,0.21
43236,B-202,Gavà,Fondo de inversión,Si,7066,0.21
43236,B-840,Gavà,Fondo de inversión,No,10655,0.21
43236,C-477,Gavà,Plan de jubilación,No,14915,0.21
43236,B-922,Gavà,Fondo de inversión,Si,2719,0.21
43236,A-167,Gavà,Hipoteca,No,1014,0.21
43236,A-953,Tarragona,Ahorros,Si,5148,0.21
43236,A-847,Tarragona,Hipoteca,No,3175,0.21
43236,B-599,Tarragona,Ahorros,Si,969,0.21
43236,C-601,Girona,Cuenta corriente,No,7524,0.21
43236,A-372,Girona,Fondo de inversión,Si,5162,0.21
43236,C-621,Girona,Fondo de inversión,No,3981,0.21
43236,C-420,Girona,Fondo de inversión,Si,425,0.21
43236,D-751,Lleida,Hipoteca,No,2722,0.21
43236,D-263,Lleida,Hipoteca,Si,13943,0.21
43236,D-179,Lleida,Fondo de inversión,Si,9234,0.21
43237,C-826,Barcelona,Ahorros,No,12581,0.21
43237,D-637,Barcelona,Ahorros,Si,8968,0.21
43237,B-769,Gavà,Fondo de inversión,Si,5695,0.21
43237,A-238,Tarragona,Cuenta corriente,No,13347,0.21
43237,D-455,Tarragona,Fondo de inversión,No,7649,0.21
43237,D-687,Girona,Plan de jubilación,No,10048,0.21
43237,B-653,Lleida,Cuenta corriente,Si,12209,0.21
43237,B-833,Lleida,Cuenta corriente,No,5069,0.21
43237,A-430,Lleida,Cuenta corriente,Si,2476,0.21
43237,D-756,Lleida,Fondo de inversión,No,5963,0.21
43238,A-537,Barcelona,Plan de jubilación,Si,1777,0.21
43238,D-957,Barcelona,Plan de jubilación,Si,9610,0.21
43238,C-120,Barcelona,Plan de jubilación,Si,2378,0.21
43238,C-870,Barcelona,Fondo de inversión,Si,11309,0.21
43238,B-989,Barcelona,Hipoteca,Si,8864,0.21
43238,B-874,Gavà,Ahorros,Si,1227,0.21
43238,D-946,Gavà,Cuenta corriente,No,11220,0.21
43238,D-766,Tarragona,Fondo de inversión,Si,14620,0.21
43238,A-756,Tarragona,Ahorros,No,7338,0.21
43238,C-980,Tarragona,Plan de jubilación,Si,8081,0.21
43238,A-270,Girona,Ahorros,Si,8387,0.21
43238,A-113,Girona,Fondo de inversión,Si,6722,0.21
43238,D-947,Girona,Ahorros,No,6054,0.21
43238,A-347,Lleida,Cuenta corriente,No,9216,0.21
43238,B-953,Lleida,Plan de jubilación,No,6350,0.21
43239,A-287,Barcelona,Plan de jubilación,No,14327,0.21
43239,D-987,Barcelona,Hipoteca,Si,7637,0.21
43239,C-763,Barcelona,Fondo de inversión,Si,9635,0.21
43239,B-603,Barcelona,Cuenta corriente,No,6957,0.21
43239,B-215,Barcelona,Cuenta corriente,Si,8923,0.21
43239,C-442,Barcelona,Fondo de inversión,No,10658,0.21
43239,D-290,Gavà,Fondo de inversión,No,4624,0.21
43239,B-337,Gavà,Hipoteca,Si,5328,0.21
43239,B-699,Gavà,Hipoteca,No,921,0.21
43239,A-753,Gavà,Plan de jubilación,No,5254,0.21
43239,D-352,Gavà,Hipoteca,No,9269,0.21
43239,A-774,Gavà,Cuenta corriente,Si,11613,0.21
43239,B-817,Tarragona,Hipoteca,No,936,0.21
43239,D-872,Girona,Plan de jubilación,Si,12662,0.21
43239,A-932,Girona,Fondo de inversión,Si,4289,0.21
43239,D-865,Girona,Cuenta corriente,No,5671,0.21
43239,C-535,Girona,Fondo de inversión,Si,2821,0.21
43239,A-108,Girona,Ahorros,Si,9221,0.21
43239,A-147,Lleida,Hipoteca,Si,14497,0.21
43239,A-233,Lleida,Hipoteca,No,4848,0.21
43239,B-224,Lleida,Plan de jubilación,Si,6396,0.21
43239,D-326,Lleida,Cuenta corriente,No,4192,0.21
43239,A-283,Lleida,Fondo de inversión,Si,3557,0.21
43239,D-894,Lleida,Fondo de inversión,No,7177,0.21
43240,C-219,Barcelona,Cuenta corriente,No,11133,0.21
43240,B-166,Barcelona,Cuenta corriente,Si,4158,0.21
43240,A-308,Barcelona,Fondo de inversión,No,5142,0.21
43240,B-345,Barcelona,Plan de jubilación,Si,6583,0.21
43240,B-236,Barcelona,Hipoteca,No,1755,0.21
43240,B-465,Barcelona,Fondo de inversión,No,6764,0.21
43240,D-549,Gavà,Ahorros,No,5607,0.21
43240,B-550,Gavà,Fondo de inversión,No,2813,0.21
43240,A-563,Gavà,Fondo de inversión,No,2769,0.21
43240,A-977,Tarragona,Hipoteca,No,11752,0.21
43240,A-812,Tarragona,Ahorros,No,13780,0.21
43240,D-307,Tarragona,Hipoteca,Si,12334,0.21
43240,C-730,Tarragona,Fondo de inversión,No,7783,0.21
43240,B-795,Girona,Ahorros,No,4803,0.21
43240,B-108,Lleida,Cuenta corriente,No,7529,0.21
43240,D-475,Lleida,Ahorros,Si,9228,0.21
43240,D-677,Lleida,Hipoteca,No,1664,0.21
43240,A-378,Lleida,Plan de jubilación,No,14406,0.21
43240,A-631,Lleida,Cuenta corriente,No,10221,0.21
43240,C-752,Lleida,Fondo de inversión,No,12020,0.21
43240,A-133,Lleida,Ahorros,Si,10188,0.21
43240,B-158,Lleida,Fondo de inversión,No,2726,0.21
43240,A-950,Lleida,Fondo de inversión,Si,7040,0.21
43241,A-392,Barcelona,Fondo de inversión,No,3864,0.21
43241,C-252,Barcelona,Plan de jubilación,No,10436,0.21
43241,D-470,Barcelona,Hipoteca,No,12439,0.21
43241,C-869,Gavà,Plan de jubilación,Si,10799,0.21
43241,A-995,Gavà,Cuenta corriente,Si,5520,0.21
43241,B-129,Gavà,Fondo de inversión,No,1684,0.21
43241,D-569,Gavà,Plan de jubilación,No,12372,0.21
43241,C-502,Gavà,Ahorros,Si,9209,0.21
43241,C-358,Tarragona,Plan de jubilación,No,592,0.21
43241,A-556,Tarragona,Plan de jubilación,No,2661,0.21
43241,A-474,Tarragona,Cuenta corriente,Si,14669,0.21
43241,C-295,Tarragona,Ahorros,Si,9135,0.21
43241,A-677,Girona,Fondo de inversión,Si,11269,0.21
43241,C-247,Girona,Fondo de inversión,No,5633,0.21
43241,C-825,Girona,Fondo de inversión,Si,6103,0.21
43241,A-853,Lleida,Hipoteca,Si,6737,0.21
43241,C-743,Lleida,Plan de jubilación,No,806,0.21
43241,D-564,Lleida,Fondo de inversión,Si,10696,0.21
43241,A-335,Lleida,Fondo de inversión,Si,12680,0.21
43242,B-516,Barcelona,Plan de jubilación,Si,4052,0.21
43242,A-186,Gavà,Ahorros,Si,14835,0.21
43242,B-720,Gavà,Cuenta corriente,No,6516,0.21
43242,D-627,Gavà,Hipoteca,No,8736,0.21
43242,D-602,Gavà,Fondo de inversión,No,5790,0.21
43242,A-246,Gavà,Ahorros,No,6853,0.21
43242,C-396,Gavà,Cuenta corriente,Si,7270,0.21
43242,D-661,Gavà,Cuenta corriente,No,6678,0.21
43242,D-755,Gavà,Fondo de inversión,Si,10322,0.21
43242,B-805,Tarragona,Cuenta corriente,Si,555,0.21
43242,D-425,Tarragona,Hipoteca,Si,6751,0.21
43242,D-512,Tarragona,Plan de jubilación,Si,9356,0.21
43242,B-617,Tarragona,Hipoteca,Si,3343,0.21
43242,C-766,Tarragona,Fondo de inversión,Si,8713,0.21
43242,D-689,Girona,Ahorros,No,12573,0.21
43242,B-599,Girona,Ahorros,Si,9617,0.21
43242,D-128,Girona,Ahorros,Si,12360,0.21
43242,B-866,Girona,Ahorros,No,5514,0.21
43242,D-709,Lleida,Cuenta corriente,No,13863,0.21
43242,B-241,Lleida,Fondo de inversión,No,1589,0.21
43242,A-970,Lleida,Cuenta corriente,No,1627,0.21
43242,D-874,Lleida,Ahorros,Si,5843,0.21
43242,D-405,Lleida,Cuenta corriente,Si,3945,0.21
43243,A-355,Barcelona,Fondo de inversión,No,12294,0.21
43243,A-816,Barcelona,Ahorros,No,4904,0.21
43243,B-276,Barcelona,Plan de jubilación,No,796,0.21
43243,C-430,Barcelona,Hipoteca,Si,11170,0.21
43243,B-328,Barcelona,Plan de jubilación,Si,13265,0.21
43243,A-532,Gavà,Ahorros,Si,4204,0.21
43243,A-239,Gavà,Cuenta corriente,Si,247,0.21
43243,C-320,Gavà,Cuenta corriente,No,5435,0.21
43243,A-241,Gavà,Hipoteca,Si,11808,0.21
43243,A-660,Gavà,Fondo de inversión,Si,12394,0.21
43243,C-689,Tarragona,Cuenta corriente,No,14411,0.21
43243,A-625,Tarragona,Ahorros,Si,12262,0.21
43243,B-251,Tarragona,Plan de jubilación,No,8359,0.21
43243,B-868,Tarragona,Cuenta corriente,Si,10702,0.21
43243,C-182,Tarragona,Cuenta corriente,No,882,0.21
43243,D-392,Girona,Cuenta corriente,No,11371,0.21
43243,A-297,Girona,Hipoteca,Si,1605,0.21
43243,B-441,Lleida,Cuenta corriente,Si,10095,0.21
43243,C-319,Lleida,Hipoteca,Si,3183,0.21
43243,A-200,Lleida,Ahorros,Si,11097,0.21
43243,C-879,Lleida,Hipoteca,Si,12244,0.21
43243,A-878,Lleida,Hipoteca,Si,10886,0.21
43243,D-153,Lleida,Ahorros,No,9557,0.21
43244,D-732,Barcelona,Plan de jubilación,Si,2240,0.21
43244,A-450,Barcelona,Fondo de inversión,Si,10285,0.21
43244,D-267,Barcelona,Cuenta corriente,Si,13524,0.21
43244,C-369,Barcelona,Hipoteca,Si,5063,0.21
43244,B-729,Gavà,Plan de jubilación,No,13049,0.21
43244,A-424,Gavà,Hipoteca,Si,829,0.21
43244,D-382,Gavà,Plan de jubilación,Si,9882,0.21
43244,D-129,Gavà,Hipoteca,Si,4702,0.21
43244,A-966,Tarragona,Ahorros,Si,14451,0.21
43244,D-158,Tarragona,Plan de jubilación,No,754,0.21
43244,A-391,Tarragona,Ahorros,No,509,0.21
43244,B-558,Tarragona,Fondo de inversión,Si,11036,0.21
43244,D-377,Girona,Hipoteca,Si,4559,0.21
43244,C-397,Lleida,Hipoteca,Si,10173,0.21
43244,C-463,Lleida,Cuenta corriente,Si,2538,0.21
43244,D-322,Lleida,Ahorros,No,4873,0.21
43244,D-561,Lleida,Cuenta corriente,No,868,0.21
43245,D-636,Barcelona,Plan de jubilación,No,12253,0.21
43245,C-593,Barcelona,Cuenta corriente,No,10923,0.21
43245,C-215,Barcelona,Ahorros,No,12174,0.21
43245,A-121,Barcelona,Plan de jubilación,No,2043,0.21
43245,B-666,Gavà,Fondo de inversión,No,9955,0.21
43245,C-729,Gavà,Ahorros,No,5865,0.21
43245,A-462,Tarragona,Cuenta corriente,No,12833,0.21
43245,C-250,Girona,Cuenta corriente,No,7903,0.21
43245,C-112,Girona,Cuenta corriente,Si,13715,0.21
43245,D-240,Lleida,Cuenta corriente,Si,11576,0.21
43245,C-581,Lleida,Ahorros,No,4794,0.21
43245,C-804,Lleida,Fondo de inversión,Si,1209,0.21
43245,B-278,Lleida,Hipoteca,No,3715,0.21
43245,A-998,Lleida,Hipoteca,Si,7039,0.21
43246,D-546,Barcelona,Plan de jubilación,Si,14580,0.21
43246,C-733,Barcelona,Ahorros,No,8498,0.21
43246,B-732,Barcelona,Fondo de inversión,No,14362,0.21
43246,A-445,Barcelona,Plan de jubilación,Si,8316,0.21
43246,D-204,Gavà,Plan de jubilación,No,7262,0.21
43246,A-127,Gavà,Plan de jubilación,Si,9384,0.21
43246,B-475,Gavà,Cuenta corriente,Si,5168,0.21
43246,A-849,Gavà,Hipoteca,Si,7009,0.21
43246,D-678,Gavà,Cuenta corriente,Si,5241,0.21
43246,A-429,Gavà,Ahorros,Si,10967,0.21
43246,D-622,Tarragona,Cuenta corriente,Si,8638,0.21
43246,A-989,Tarragona,Cuenta corriente,No,3550,0.21
43246,C-582,Tarragona,Ahorros,Si,1325,0.21
43246,B-639,Tarragona,Plan de jubilación,No,14085,0.21
43246,B-275,Girona,Hipoteca,Si,1079,0.21
43246,D-459,Girona,Cuenta corriente,Si,11366,0.21
43246,A-923,Girona,Hipoteca,Si,3509,0.21
43246,C-313,Lleida,Ahorros,Si,5750,0.21
43246,A-626,Lleida,Hipoteca,Si,3899,0.21
43246,C-856,Lleida,Hipoteca,No,12624,0.21
43246,A-129,Lleida,Plan de jubilación,Si,710,0.21
43247,A-618,Barcelona,Plan de jubilación,Si,12711,0.21
43247,A-161,Gavà,Fondo de inversión,Si,14066,0.21
43247,A-856,Gavà,Cuenta corriente,No,1907,0.21
43247,C-809,Gavà,Cuenta corriente,No,14189,0.21
43247,D-539,Gavà,Fondo de inversión,No,5423,0.21
43247,B-633,Gavà,Fondo de inversión,No,4921,0.21
43247,A-354,Gavà,Fondo de inversión,No,12425,0.21
43247,A-144,Gavà,Plan de jubilación,No,12405,0.21
43247,C-224,Gavà,Plan de jubilación,Si,14832,0.21
43247,B-369,Gavà,Fondo de inversión,No,14993,0.21
43247,B-783,Gavà,Hipoteca,Si,1400,0.21
43247,B-860,Gavà,Cuenta corriente,No,3289,0.21
43247,B-423,Tarragona,Cuenta corriente,No,6917,0.21
43247,A-864,Tarragona,Hipoteca,No,6020,0.21
43247,B-389,Tarragona,Hipoteca,Si,8588,0.21
43247,C-739,Girona,Fondo de inversión,No,1423,0.21
43247,D-325,Girona,Ahorros,Si,14921,0.21
43247,C-422,Girona,Fondo de inversión,No,9793,0.21
43247,A-384,Girona,Cuenta corriente,Si,7672,0.21
43247,C-146,Lleida,Fondo de inversión,No,4070,0.21
43247,B-567,Lleida,Cuenta corriente,Si,7522,0.21
43247,B-608,Lleida,Fondo de inversión,No,12178,0.21
43247,D-524,Lleida,Hipoteca,No,9309,0.21
43248,A-919,Barcelona,Plan de jubilación,Si,10099,0.21
43248,B-782,Barcelona,Plan de jubilación,Si,5082,0.21
43248,B-542,Barcelona,Ahorros,Si,8888,0.21
43248,A-107,Barcelona,Fondo de inversión,Si,1180,0.21
43248,C-912,Gavà,Ahorros,Si,5495,0.21
43248,A-912,Gavà,Plan de jubilación,Si,14145,0.21
43248,C-549,Gavà,Plan de jubilación,Si,11898,0.21
43248,A-722,Gavà,Plan de jubilación,No,7780,0.21
43248,C-695,Gavà,Hipoteca,No,3620,0.21
43248,D-943,Tarragona,Ahorros,No,12672,0.21
43248,A-583,Tarragona,Ahorros,No,12981,0.21
43248,B-624,Tarragona,Plan de jubilación,No,10276,0.21
43248,C-779,Girona,Plan de jubilación,No,10526,0.21
43248,A-874,Girona,Plan de jubilación,Si,3761,0.21
43248,C-565,Girona,Cuenta corriente,No,11244,0.21
43248,D-200,Girona,Ahorros,Si,14554,0.21
43248,B-146,Girona,Cuenta corriente,Si,5841,0.21
43248,A-910,Girona,Ahorros,No,2865,0.21
43248,D-122,Lleida,Ahorros,Si,1293,0.21
43248,B-168,Lleida,Ahorros,Si,9833,0.21
43248,D-989,Lleida,Cuenta corriente,Si,3205,0.21
43248,A-159,Lleida,Plan de jubilación,No,7708,0.21
43249,D-927,Barcelona,Hipoteca,Si,2999,0.21
43249,A-860,Barcelona,Cuenta corriente,No,6740,0.21
43249,D-720,Barcelona,Cuenta corriente,Si,9483,0.21
43249,C-956,Barcelona,Plan de jubilación,No,11587,0.21
43249,D-563,Gavà,Hipoteca,Si,6496,0.21
43249,A-922,Gavà,Cuenta corriente,No,646,0.21
43249,C-162,Gavà,Plan de jubilación,Si,4030,0.21
43249,C-409,Gavà,Plan de jubilación,Si,945,0.21
43249,C-141,Tarragona,Fondo de inversión,Si,4490,0.21
43249,C-958,Tarragona,Hipoteca,No,2564,0.21
43249,A-252,Tarragona,Hipoteca,No,680,0.21
43249,A-838,Girona,Hipoteca,Si,10986,0.21
43249,A-437,Girona,Hipoteca,Si,1553,0.21
43249,D-821,Lleida,Fondo de inversión,No,9829,0.21
43249,C-345,Lleida,Plan de jubilación,No,6495,0.21
43249,A-516,Lleida,Plan de jubilación,Si,4246,0.21
43249,D-822,Lleida,Ahorros,No,12906,0.21
43249,C-322,Lleida,Hipoteca,No,3539,0.21
43250,C-367,Barcelona,Ahorros,Si,865,0.21
43250,A-760,Barcelona,Plan de jubilación,No,4582,0.21
43250,C-189,Barcelona,Ahorros,Si,7088,0.21
43250,C-796,Gavà,Hipoteca,Si,7799,0.21
43250,A-546,Gavà,Cuenta corriente,Si,6733,0.21
43250,D-438,Gavà,Hipoteca,No,13513,0.21
43250,D-892,Gavà,Ahorros,Si,4993,0.21
43250,A-396,Gavà,Fondo de inversión,No,1234,0.21
43250,C-466,Tarragona,Plan de jubilación,Si,160,0.21
43250,B-589,Tarragona,Hipoteca,No,14871,0.21
43250,C-252,Tarragona,Fondo de inversión,No,8270,0.21
43250,A-655,Tarragona,Cuenta corriente,No,12113,0.21
43250,D-208,Girona,Plan de jubilación,Si,6644,0.21
43250,B-133,Girona,Hipoteca,No,4586,0.21
43250,C-311,Lleida,Hipoteca,No,10784,0.21
43250,B-459,Lleida,Plan de jubilación,Si,13200,0.21
43250,B-731,Lleida,Plan de jubilación,Si,1361,0.21
43251,D-184,Barcelona,Ahorros,No,13935,0.21
43251,A-464,Barcelona,Fondo de inversión,No,8359,0.21
43251,B-980,Gavà,Hipoteca,No,4038,0.21
43251,C-556,Gavà,Fondo de inversión,Si,6368,0.21
43251,D-868,Gavà,Fondo de inversión,Si,8494,0.21
43251,A-178,Gavà,Cuenta corriente,Si,1920,0.21
43251,D-158,Gavà,Fondo de inversión,No,8644,0.21
43251,C-947,Gavà,Plan de jubilación,Si,10532,0.21
43251,C-735,Gavà,Cuenta corriente,Si,9986,0.21
43251,B-162,Gavà,Hipoteca,No,12978,0.21
43251,B-246,Tarragona,Fondo de inversión,No,11579,0.21
43251,D-606,Tarragona,Fondo de inversión,No,6882,0.21
43251,C-791,Tarragona,Ahorros,Si,5515,0.21
43251,A-447,Tarragona,Ahorros,Si,2853,0.21
43251,C-915,Girona,Ahorros,Si,10107,0.21
43251,B-249,Girona,Cuenta corriente,Si,1118,0.21
43251,D-554,Girona,Hipoteca,No,990,0.21
43251,B-506,Lleida,Hipoteca,No,5160,0.21
43251,C-102,Lleida,Plan de jubilación,No,1883,0.21
43251,B-498,Lleida,Plan de jubilación,No,11155,0.21
43251,B-861,Lleida,Fondo de inversión,Si,11009,0.21
43252,D-656,Barcelona,Hipoteca,Si,11539,0.21
43252,C-895,Barcelona,Plan de jubilación,Si,2920,0.21
43252,B-792,Barcelona,Hipoteca,No,8134,0.21
43252,C-963,Barcelona,Plan de jubilación,No,2204,0.21
43252,A-246,Barcelona,Fondo de inversión,Si,1626,0.21
43252,A-599,Barcelona,Plan de jubilación,No,2479,0.21
43252,D-576,Gavà,Plan de jubilación,No,14336,0.21
43252,A-634,Gavà,Hipoteca,Si,13180,0.21
43252,B-789,Gavà,Plan de jubilación,Si,12468,0.21
43252,A-811,Gavà,Ahorros,Si,1035,0.21
43252,D-737,Gavà,Fondo de inversión,No,8683,0.21
43252,B-316,Gavà,Fondo de inversión,Si,13928,0.21
43252,D-688,Tarragona,Cuenta corriente,Si,10524,0.21
43252,B-884,Tarragona,Cuenta corriente,No,2574,0.21
43252,D-936,Tarragona,Hipoteca,Si,2031,0.21
43252,C-109,Girona,Ahorros,No,1639,0.21
43252,B-515,Girona,Ahorros,Si,6120,0.21
43252,A-795,Girona,Ahorros,No,11839,0.21
43252,D-600,Girona,Fondo de inversión,No,5380,0.21
43252,A-317,Girona,Cuenta corriente,No,6064,0.21
43252,D-825,Girona,Hipoteca,No,3053,0.21
43252,D-293,Girona,Fondo de inversión,Si,7774,0.21
43252,A-342,Lleida,Ahorros,No,10895,0.21
43252,D-637,Lleida,Fondo de inversión,Si,5802,0.21
43252,B-128,Lleida,Ahorros,No,1626,0.21
43252,B-560,Lleida,Ahorros,No,4280,0.21
43252,A-802,Lleida,Fondo de inversión,No,2095,0.21
43253,A-113,Barcelona,Cuenta corriente,Si,6132,0.21
43253,D-199,Gavà,Fondo de inversión,Si,3852,0.21
43253,C-711,Gavà,Cuenta corriente,Si,14875,0.21
43253,A-672,Gavà,Plan de jubilación,Si,9371,0.21
43253,A-832,Gavà,Ahorros,Si,11596,0.21
43253,C-114,Gavà,Hipoteca,No,188,0.21
43253,C-974,Tarragona,Plan de jubilación,Si,4285,0.21
43253,D-762,Tarragona,Cuenta corriente,No,9651,0.21
43253,A-243,Tarragona,Cuenta corriente,Si,1795,0.21
43253,B-174,Tarragona,Hipoteca,Si,6480,0.21
43253,A-928,Tarragona,Plan de jubilación,Si,13175,0.21
43253,B-962,Girona,Cuenta corriente,No,10980,0.21
43253,B-245,Girona,Plan de jubilación,Si,7087,0.21
43253,C-155,Girona,Fondo de inversión,Si,13556,0.21
43253,C-902,Girona,Fondo de inversión,Si,4790,0.21
43253,A-144,Girona,Plan de jubilación,No,5748,0.21
43253,C-163,Girona,Plan de jubilación,Si,7767,0.21
43253,B-766,Girona,Fondo de inversión,No,9310,0.21
43253,B-159,Girona,Cuenta corriente,Si,2065,0.21
43253,B-266,Lleida,Fondo de inversión,No,13753,0.21
43253,C-954,Lleida,Plan de jubilación,Si,14424,0.21
43253,B-857,Lleida,Ahorros,Si,12386,0.21
43254,B-941,Barcelona,Hipoteca,No,14716,0.21
43254,B-728,Barcelona,Hipoteca,Si,11928,0.21
43254,C-429,Barcelona,Fondo de inversión,No,6983,0.21
43254,B-893,Gavà,Fondo de inversión,Si,11971,0.21
43254,D-469,Gavà,Fondo de inversión,No,3573,0.21
43254,C-798,Tarragona,Plan de jubilación,Si,13396,0.21
43254,C-123,Tarragona,Plan de jubilación,Si,5499,0.21
43254,D-212,Tarragona,Hipoteca,Si,668,0.21
43254,C-572,Tarragona,Fondo de inversión,Si,7574,0.21
43254,C-141,Girona,Plan de jubilación,No,6995,0.21
43254,B-752,Lleida,Hipoteca,Si,12177,0.21
43254,B-306,Lleida,Hipoteca,Si,1995,0.21
43254,B-842,Lleida,Plan de jubilación,No,6003,0.21
43255,B-992,Barcelona,Plan de jubilación,Si,2715,0.21
43255,A-882,Barcelona,Hipoteca,No,7344,0.21
43255,C-684,Barcelona,Fondo de inversión,Si,2955,0.21
43255,B-398,Gavà,Ahorros,No,9286,0.21
43255,C-504,Gavà,Cuenta corriente,Si,5709,0.21
43255,B-207,Gavà,Plan de jubilación,Si,1749,0.21
43255,C-398,Tarragona,Cuenta corriente,Si,14874,0.21
43255,A-685,Tarragona,Hipoteca,No,13091,0.21
43255,C-413,Tarragona,Hipoteca,No,10787,0.21
43255,B-716,Tarragona,Plan de jubilación,Si,2405,0.21
43255,C-519,Tarragona,Hipoteca,Si,10495,0.21
43255,D-436,Tarragona,Hipoteca,No,10364,0.21
43255,D-258,Tarragona,Fondo de inversión,No,11861,0.21
43255,C-111,Girona,Ahorros,No,11152,0.21
43255,B-597,Girona,Plan de jubilación,Si,2964,0.21
43255,D-964,Lleida,Plan de jubilación,No,1877,0.21
43255,C-587,Lleida,Hipoteca,Si,6517,0.21
43255,C-511,Lleida,Cuenta corriente,No,7745,0.21
43255,D-638,Lleida,Cuenta corriente,No,2967,0.21
43255,C-460,Lleida,Cuenta corriente,No,11524,0.21
43255,D-100,Lleida,Fondo de inversión,No,12124,0.21
43255,C-609,Lleida,Cuenta corriente,No,9959,0.21
43255,D-957,Lleida,Cuenta corriente,Si,11345,0.21
43256,B-103,Barcelona,Ahorros,Si,13317,0.21
43256,B-637,Barcelona,Fondo de inversión,Si,14824,0.21
43256,D-404,Barcelona,Plan de jubilación,No,7328,0.21
43256,D-795,Barcelona,Ahorros,No,13181,0.21
43256,B-192,Gavà,Hipoteca,Si,8702,0.21
43256,D-821,Tarragona,Cuenta corriente,No,12557,0.21
43256,D-136,Tarragona,Plan de jubilación,Si,6485,0.21
43256,B-836,Tarragona,Ahorros,Si,1983,0.21
43256,C-880,Tarragona,Fondo de inversión,No,10829,0.21
43256,A-289,Tarragona,Cuenta corriente,Si,5978,0.21
43256,B-758,Tarragona,Fondo de inversión,No,10326,0.21
43256,C-408,Tarragona,Hipoteca,Si,7358,0.21
43256,B-333,Girona,Hipoteca,No,2202,0.21
43256,C-694,Girona,Fondo de inversión,Si,806,0.21
43256,D-866,Girona,Plan de jubilación,Si,11954,0.21
43256,A-486,Girona,Plan de jubilación,Si,7786,0.21
43256,C-986,Girona,Hipoteca,No,11918,0.21
43256,B-119,Lleida,Fondo de inversión,No,506,0.21
43256,A-276,Lleida,Cuenta corriente,Si,9408,0.21
43256,B-144,Lleida,Hipoteca,Si,10250,0.21
43256,D-495,Lleida,Hipoteca,Si,9756,0.21
43256,C-316,Lleida,Ahorros,Si,7461,0.21
43256,B-403,Lleida,Plan de jubilación,No,626,0.21
43256,C-417,Lleida,Fondo de inversión,No,7196,0.21
43256,C-677,Lleida,Hipoteca,Si,1428,0.21
43256,A-217,Lleida,Fondo de inversión,Si,776,0.21
43257,D-472,Barcelona,Plan de jubilación,No,3820,0.21
43257,D-500,Barcelona,Plan de jubilación,Si,5245,0.21
43257,B-401,Gavà,Fondo de inversión,Si,7774,0.21
43257,B-624,Gavà,Cuenta corriente,Si,3903,0.21
43257,D-698,Gavà,Ahorros,Si,4911,0.21
43257,C-368,Tarragona,Fondo de inversión,No,3772,0.21
43257,A-430,Tarragona,Cuenta corriente,Si,14781,0.21
43257,A-902,Tarragona,Plan de jubilación,No,13871,0.21
43257,D-122,Tarragona,Fondo de inversión,No,1984,0.21
43257,C-360,Tarragona,Plan de jubilación,No,12091,0.21
43257,C-243,Tarragona,Fondo de inversión,Si,8945,0.21
43257,C-431,Tarragona,Fondo de inversión,Si,2373,0.21
43257,B-938,Girona,Fondo de inversión,No,14053,0.21
43257,D-294,Lleida,Hipoteca,No,1533,0.21
43257,D-532,Lleida,Fondo de inversión,Si,5760,0.21
43257,A-481,Lleida,Hipoteca,No,10347,0.21
43258,B-163,Barcelona,Fondo de inversión,Si,11627,0.21
43258,C-356,Barcelona,Plan de jubilación,Si,11170,0.21
43258,C-247,Gavà,Cuenta corriente,No,3200,0.21
43258,B-243,Gavà,Cuenta corriente,Si,14731,0.21
43258,C-897,Gavà,Fondo de inversión,Si,14949,0.21
43258,A-991,Gavà,Fondo de inversión,No,8061,0.21
43258,C-148,Gavà,Cuenta corriente,No,8217,0.21
43258,C-226,Gavà,Hipoteca,Si,14280,0.21
43258,D-248,Tarragona,Ahorros,Si,1725,0.21
43258,A-568,Tarragona,Hipoteca,No,1845,0.21
43258,C-273,Girona,Fondo de inversión,Si,7627,0.21
43258,A-137,Girona,Ahorros,Si,12828,0.21
43258,A-448,Girona,Plan de jubilación,No,3379,0.21
43258,A-310,Girona,Cuenta corriente,Si,7600,0.21
43258,C-478,Lleida,Cuenta corriente,Si,160,0.21
43259,D-322,Barcelona,Plan de jubilación,No,12690,0.21
43259,B-993,Barcelona,Cuenta corriente,No,4350,0.21
43259,A-326,Barcelona,Ahorros,No,14731,0.21
43259,D-370,Barcelona,Hipoteca,Si,10900,0.21
43259,D-137,Barcelona,Fondo de inversión,Si,10204,0.21
43259,A-587,Gavà,Fondo de inversión,No,13895,0.21
43259,B-332,Gavà,Cuenta corriente,No,14254,0.21
43259,C-200,Gavà,Cuenta corriente,No,14774,0.21
43259,B-487,Tarragona,Plan de jubilación,No,2081,0.21
43259,C-631,Tarragona,Ahorros,Si,3734,0.21
43259,A-328,Girona,Hipoteca,Si,2140,0.21
43259,B-757,Girona,Ahorros,No,257,0.21
43259,C-803,Girona,Ahorros,No,7305,0.21
43259,B-170,Lleida,Cuenta corriente,No,3177,0.21
43259,C-328,Lleida,Fondo de inversión,No,6131,0.21
43259,B-102,Lleida,Ahorros,No,280,0.21
43260,A-415,Barcelona,Cuenta corriente,No,10170,0.21
43260,C-284,Barcelona,Cuenta corriente,Si,14767,0.21
43260,C-904,Barcelona,Hipoteca,No,8774,0.21
43260,A-629,Barcelona,Plan de jubilación,Si,8242,0.21
43260,B-485,Gavà,Ahorros,No,3496,0.21
43260,D-843,Gavà,Fondo de inversión,Si,1235,0.21
43260,A-221,Gavà,Ahorros,Si,14552,0.21
43260,C-466,Gavà,Cuenta corriente,No,7832,0.21
43260,B-436,Gavà,Hipoteca,Si,1540,0.21
43260,A-361,Tarragona,Plan de jubilación,No,8416,0.21
43260,C-807,Girona,Fondo de inversión,Si,9769,0.21
43260,B-414,Girona,Ahorros,No,11004,0.21
43260,D-735,Girona,Plan de jubilación,Si,2060,0.21
43260,C-663,Girona,Hipoteca,Si,7943,0.21
43260,A-185,Girona,Plan de jubilación,No,1329,0.21
43260,B-191,Girona,Fondo de inversión,Si,1462,0.21
43260,A-248,Lleida,Fondo de inversión,Si,9935,0.21
43260,C-854,Lleida,Plan de jubilación,Si,11232,0.21
43260,D-649,Lleida,Ahorros,No,13293,0.21
43260,C-138,Lleida,Fondo de inversión,No,14018,0.21
43261,A-402,Barcelona,Hipoteca,Si,577,0.21
43261,A-264,Barcelona,Ahorros,No,8708,0.21
43261,A-535,Barcelona,Plan de jubilación,No,13451,0.21
43261,B-873,Gavà,Cuenta corriente,No,5279,0.21
43261,C-650,Gavà,Ahorros,No,7855,0.21
43261,D-574,Tarragona,Plan de jubilación,Si,13272,0.21
43261,D-981,Tarragona,Plan de jubilación,Si,3679,0.21
43261,D-206,Tarragona,Plan de jubilación,Si,7116,0.21
43261,A-819,Tarragona,Hipoteca,No,3075,0.21
43261,D-836,Tarragona,Ahorros,No,8793,0.21
43261,D-589,Girona,Hipoteca,Si,11198,0.21
43261,A-172,Girona,Hipoteca,Si,14882,0.21
43261,A-279,Girona,Cuenta corriente,Si,11767,0.21
43261,D-138,Girona,Hipoteca,No,11600,0.21
43261,A-820,Girona,Cuenta corriente,Si,12270,0.21
43261,B-313,Girona,Ahorros,Si,347,0.21
43261,A-819,Lleida,Hipoteca,No,12909,0.21
43261,C-319,Lleida,Plan de jubilación,Si,4353,0.21
43261,B-534,Lleida,Hipoteca,No,3525,0.21
43261,B-720,Lleida,Cuenta corriente,No,6349,0.21
43261,B-535,Lleida,Cuenta corriente,No,2140,0.21
43262,D-967,Barcelona,Fondo de inversión,Si,2923,0.21
43262,D-389,Barcelona,Ahorros,Si,7188,0.21
43262,D-509,Barcelona,Ahorros,Si,490,0.21
43262,A-627,Barcelona,Plan de jubilación,No,6341,0.21
43262,C-115,Barcelona,Plan de jubilación,Si,12285,0.21
43262,B-374,Gavà,Cuenta corriente,No,280,0.21
43262,A-903,Gavà,Ahorros,Si,6322,0.21
43262,B-928,Gavà,Hipoteca,Si,3611,0.21
43262,C-882,Gavà,Ahorros,Si,12839,0.21
43262,D-733,Tarragona,Fondo de inversión,No,10728,0.21
43262,C-288,Tarragona,Fondo de inversión,No,2997,0.21
43262,C-230,Tarragona,Hipoteca,Si,7913,0.21
43262,D-462,Girona,Hipoteca,Si,3059,0.21
43262,B-776,Girona,Fondo de inversión,No,14053,0.21
43262,A-524,Lleida,Ahorros,Si,6169,0.21
43262,C-414,Lleida,Plan de jubilación,Si,9865,0.21
43262,C-640,Lleida,Ahorros,No,5830,0.21
43263,B-742,Barcelona,Fondo de inversión,Si,3665,0.21
43263,C-261,Barcelona,Ahorros,No,14374,0.21
43263,D-252,Barcelona,Hipoteca,Si,369,0.21
43263,C-112,Barcelona,Cuenta corriente,No,12976,0.21
43263,D-635,Gavà,Fondo de inversión,Si,2451,0.21
43263,B-722,Gavà,Cuenta corriente,No,5441,0.21
43263,D-150,Tarragona,Fondo de inversión,No,3920,0.21
43263,B-820,Tarragona,Ahorros,Si,8020,0.21
43263,D-548,Tarragona,Plan de jubilación,Si,4800,0.21
43263,A-971,Girona,Plan de jubilación,No,9737,0.21
43263,C-517,Girona,Ahorros,Si,2878,0.21
43263,D-699,Girona,Plan de jubilación,Si,11125,0.21
43263,D-899,Girona,Ahorros,Si,10220,0.21
43263,D-612,Girona,Hipoteca,Si,2921,0.21
43263,D-422,Girona,Plan de jubilación,Si,7945,0.21
43263,A-246,Girona,Fondo de inversión,Si,5631,0.21
43263,B-376,Lleida,Cuenta corriente,No,3283,0.21
43263,D-898,Lleida,Plan de jubilación,No,10147,0.21
43263,C-610,Lleida,Cuenta corriente,Si,1656,0.21
43263,A-883,Lleida,Plan de jubilación,Si,5427,0.21
43263,D-193,Lleida,Fondo de inversión,Si,13384,0.21
43264,B-524,Barcelona,Fondo de inversión,Si,12929,0.21
43264,B-352,Barcelona,Cuenta corriente,Si,6333,0.21
43264,D-573,Gavà,Cuenta corriente,Si,8008,0.21
43264,A-138,Gavà,Cuenta corriente,No,11318,0.21
43264,D-567,Gavà,Hipoteca,Si,1615,0.21
43264,C-349,Gavà,Plan de jubilación,Si,10522,0.21
43264,C-493,Gavà,Plan de jubilación,Si,1754,0.21
43264,B-659,Tarragona,Hipoteca,No,1383,0.21
43264,C-183,Tarragona,Hipoteca,Si,7582,0.21
43264,D-327,Tarragona,Ahorros,Si,4619,0.21
43264,A-861,Tarragona,Plan de jubilación,No,9918,0.21
43264,D-854,Tarragona,Ahorros,No,3875,0.21
43264,A-846,Tarragona,Hipoteca,No,10916,0.21
43264,B-590,Tarragona,Ahorros,Si,14215,0.21
43264,A-245,Tarragona,Fondo de inversión,Si,12086,0.21
43264,B-186,Tarragona,Fondo de inversión,Si,1660,0.21
43264,D-253,Tarragona,Ahorros,Si,6506,0.21
43264,C-173,Tarragona,Cuenta corriente,Si,577,0.21
43264,B-875,Girona,Fondo de inversión,No,8294,0.21
43264,C-610,Girona,Cuenta corriente,No,13942,0.21
43264,C-917,Girona,Cuenta corriente,Si,13305,0.21
43264,D-410,Girona,Ahorros,Si,9513,0.21
43264,A-841,Lleida,Ahorros,Si,9162,0.21
43264,C-716,Lleida,Cuenta corriente,Si,13289,0.21
43264,C-281,Lleida,Fondo de inversión,Si,5990,0.21
43264,A-712,Lleida,Ahorros,No,6878,0.21
43264,D-516,Lleida,Hipoteca,No,11491,0.21
43264,D-918,Lleida,Cuenta corriente,No,7652,0.21
43264,B-338,Lleida,Hipoteca,No,13775,0.21
43264,C-431,Lleida,Ahorros,Si,4373,0.21
43264,D-247,Lleida,Cuenta corriente,Si,7790,0.21
43264,D-557,Lleida,Cuenta corriente,No,2162,0.21
43264,C-650,Lleida,Cuenta corriente,Si,5310,0.21
43264,C-294,Lleida,Ahorros,No,2590,0.21
43265,B-109,Barcelona,Plan de jubilación,No,726,0.21
43265,C-416,Gavà,Ahorros,Si,9646,0.21
43265,B-650,Tarragona,Fondo de inversión,Si,6037,0.21
43265,A-923,Tarragona,Fondo de inversión,Si,12316,0.21
43265,D-457,Tarragona,Cuenta corriente,No,9461,0.21
43265,A-686,Tarragona,Ahorros,Si,4794,0.21
43265,C-461,Girona,Hipoteca,Si,2374,0.21
43265,A-481,Lleida,Plan de jubilación,Si,13391,0.21
43265,B-928,Lleida,Ahorros,No,6487,0.21
43265,A-699,Lleida,Fondo de inversión,No,2692,0.21
43265,D-824,Lleida,Hipoteca,No,972,0.21
43265,B-709,Lleida,Fondo de inversión,No,11705,0.21
43266,B-805,Barcelona,Plan de jubilación,No,7959,0.21
43266,B-850,Barcelona,Plan de jubilación,No,12570,0.21
43266,C-317,Barcelona,Plan de jubilación,Si,3557,0.21
43266,B-830,Gavà,Plan de jubilación,No,1097,0.21
43266,C-508,Gavà,Fondo de inversión,Si,4805,0.21
43266,D-195,Tarragona,Plan de jubilación,Si,1922,0.21
43266,A-232,Tarragona,Ahorros,No,4512,0.21
43266,C-818,Girona,Hipoteca,Si,8534,0.21
43266,D-301,Girona,Plan de jubilación,Si,11204,0.21
43266,A-848,Girona,Ahorros,Si,8080,0.21
43266,B-100,Lleida,Cuenta corriente,No,3512,0.21
43266,B-678,Lleida,Fondo de inversión,No,9749,0.21
43266,D-624,Lleida,Ahorros,No,106,0.21
43266,A-427,Lleida,Hipoteca,No,14913,0.21
43266,C-510,Lleida,Plan de jubilación,Si,3852,0.21
43267,B-305,Barcelona,Cuenta corriente,No,1349,0.21
43267,C-475,Barcelona,Hipoteca,Si,4462,0.21
43267,D-356,Barcelona,Cuenta corriente,No,844,0.21
43267,D-872,Barcelona,Hipoteca,Si,13880,0.21
43267,C-832,Barcelona,Hipoteca,No,6221,0.21
43267,D-886,Gavà,Plan de jubilación,No,12372,0.21
43267,B-523,Gavà,Ahorros,No,1299,0.21
43267,C-587,Gavà,Cuenta corriente,No,2238,0.21
43267,B-675,Tarragona,Plan de jubilación,Si,13438,0.21
43267,C-551,Tarragona,Plan de jubilación,No,8279,0.21
43267,C-170,Tarragona,Fondo de inversión,No,14531,0.21
43267,A-977,Tarragona,Fondo de inversión,No,756,0.21
43267,A-890,Tarragona,Plan de jubilación,No,8369,0.21
43267,C-851,Tarragona,Plan de jubilación,No,6162,0.21
43267,A-742,Tarragona,Ahorros,No,13580,0.21
43267,B-667,Tarragona,Ahorros,Si,7307,0.21
43267,D-186,Tarragona,Plan de jubilación,No,8360,0.21
43267,A-638,Girona,Hipoteca,Si,7002,0.21
43267,C-524,Girona,Plan de jubilación,No,6246,0.21
43267,C-531,Girona,Cuenta corriente,No,8672,0.21
43267,B-800,Lleida,Fondo de inversión,Si,8816,0.21
43267,B-328,Lleida,Plan de jubilación,Si,4981,0.21
43267,C-331,Lleida,Cuenta corriente,No,3213,0.21
43267,A-313,Lleida,Ahorros,Si,8130,0.21
43267,B-676,Lleida,Fondo de inversión,No,8117,0.21
43268,A-101,Barcelona,Hipoteca,No,12871,0.21
43268,B-579,Barcelona,Cuenta corriente,No,10927,0.21
43268,A-911,Barcelona,Hipoteca,No,8174,0.21
43268,A-153,Gavà,Cuenta corriente,No,6845,0.21
43268,D-565,Gavà,Hipoteca,Si,659,0.21
43268,D-240,Gavà,Hipoteca,Si,14949,0.21
43268,A-241,Gavà,Plan de jubilación,Si,4901,0.21
43268,B-116,Tarragona,Ahorros,Si,5834,0.21
43268,B-104,Tarragona,Cuenta corriente,No,14529,0.21
43268,C-119,Tarragona,Hipoteca,Si,9862,0.21
43268,C-493,Girona,Cuenta corriente,Si,4543,0.21
43268,D-631,Girona,Cuenta corriente,No,4260,0.21
43268,A-785,Girona,Ahorros,No,13786,0.21
43268,C-889,Girona,Plan de jubilación,No,4668,0.21
43268,A-182,Lleida,Ahorros,Si,14004,0.21
43268,A-446,Lleida,Plan de jubilación,No,10252,0.21
43268,B-746,Lleida,Plan de jubilación,Si,13091,0.21
43268,B-165,Lleida,Cuenta corriente,Si,5971,0.21
43268,D-345,Lleida,Fondo de inversión,Si,4609,0.21
43269,B-999,Barcelona,Plan de jubilación,Si,13056,0.21
43269,C-348,Gavà,Hipoteca,Si,309,0.21
43269,A-276,Gavà,Plan de jubilación,No,8678,0.21
43269,A-909,Gavà,Hipoteca,No,13799,0.21
43269,A-849,Gavà,Ahorros,Si,6579,0.21
43269,B-237,Gavà,Ahorros,Si,10746,0.21
43269,B-587,Gavà,Hipoteca,No,9357,0.21
43269,C-188,Tarragona,Fondo de inversión,No,3240,0.21
43269,C-731,Tarragona,Ahorros,No,2170,0.21
43269,A-265,Tarragona,Cuenta corriente,Si,360,0.21
43269,C-908,Tarragona,Ahorros,No,2197,0.21
43269,D-672,Tarragona,Fondo de inversión,Si,3716,0.21
43269,A-532,Tarragona,Fondo de inversión,Si,9753,0.21
43269,C-799,Girona,Hipoteca,No,6787,0.21
43269,B-253,Girona,Fondo de inversión,No,4772,0.21
43269,B-364,Girona,Ahorros,Si,9610,0.21
43269,C-646,Girona,Ahorros,Si,12046,0.21
43269,A-807,Girona,Fondo de inversión,No,1035,0.21
43269,D-421,Lleida,Ahorros,No,2227,0.21
43269,A-362,Lleida,Hipoteca,Si,5630,0.21
43269,B-267,Lleida,Hipoteca,No,6016,0.21
43269,D-618,Lleida,Cuenta corriente,Si,4752,0.21
43270,A-539,Barcelona,Fondo de inversión,No,3083,0.21
43270,D-293,Barcelona,Fondo de inversión,No,9067,0.21
43270,D-862,Barcelona,Hipoteca,Si,13231,0.21
43270,B-970,Gavà,Plan de jubilación,No,2461,0.21
43270,A-965,Gavà,Cuenta corriente,No,416,0.21
43270,D-763,Gavà,Hipoteca,Si,1427,0.21
43270,D-695,Gavà,Cuenta corriente,No,4030,0.21
43270,A-262,Gavà,Ahorros,No,11248,0.21
43270,B-176,Gavà,Fondo de inversión,No,710,0.21
43270,C-159,Tarragona,Hipoteca,Si,8479,0.21
43270,D-513,Tarragona,Fondo de inversión,Si,3378,0.21
43270,C-650,Tarragona,Fondo de inversión,Si,7358,0.21
43270,A-351,Girona,Cuenta corriente,No,12872,0.21
43270,B-166,Girona,Fondo de inversión,Si,12400,0.21
43270,A-231,Girona,Fondo de inversión,Si,2152,0.21
43270,B-286,Girona,Hipoteca,No,8526,0.21
43270,C-378,Girona,Cuenta corriente,Si,14993,0.21
43270,B-606,Girona,Hipoteca,No,4445,0.21
43270,D-600,Girona,Ahorros,Si,6886,0.21
43270,A-184,Girona,Hipoteca,No,14521,0.21
43270,A-837,Girona,Ahorros,No,14588,0.21
43270,B-631,Lleida,Plan de jubilación,No,11889,0.21
43270,B-323,Lleida,Hipoteca,Si,5235,0.21
43270,A-666,Lleida,Hipoteca,No,11746,0.21
43270,A-289,Lleida,Ahorros,Si,11893,0.21
43270,A-222,Lleida,Ahorros,No,13632,0.21
43271,B-657,Barcelona,Hipoteca,Si,4339,0.21
43271,B-335,Barcelona,Fondo de inversión,Si,1707,0.21
43271,A-602,Barcelona,Ahorros,No,10038,0.21
43271,D-591,Barcelona,Cuenta corriente,No,4165,0.21
43271,C-144,Gavà,Fondo de inversión,No,202,0.21
43271,D-757,Gavà,Hipoteca,Si,10602,0.21
43271,A-452,Gavà,Fondo de inversión,Si,13368,0.21
43271,C-901,Gavà,Plan de jubilación,Si,9133,0.21
43271,C-780,Gavà,Ahorros,Si,8556,0.21
43271,C-984,Tarragona,Cuenta corriente,No,5097,0.21
43271,D-994,Tarragona,Plan de jubilación,No,11118,0.21
43271,D-367,Tarragona,Ahorros,Si,5013,0.21
43271,D-281,Tarragona,Plan de jubilación,Si,1240,0.21
43271,C-746,Girona,Hipoteca,No,8244,0.21
43271,D-356,Girona,Cuenta corriente,No,13787,0.21
43271,B-675,Girona,Hipoteca,Si,9001,0.21
43271,B-561,Girona,Plan de jubilación,Si,9335,0.21
43271,D-945,Girona,Ahorros,No,2319,0.21
43271,C-450,Lleida,Cuenta corriente,Si,10526,0.21
43271,C-906,Lleida,Ahorros,No,7515,0.21
43271,A-555,Lleida,Hipoteca,No,1890,0.21
43272,A-157,Barcelona,Hipoteca,Si,6238,0.21
43272,D-722,Barcelona,Ahorros,Si,12356,0.21
43272,D-505,Barcelona,Plan de jubilación,No,1067,0.21
43272,C-381,Barcelona,Hipoteca,Si,13781,0.21
43272,A-877,Barcelona,Hipoteca,Si,7906,0.21
43272,D-151,Gavà,Plan de jubilación,Si,10999,0.21
43272,B-894,Gavà,Plan de jubilación,Si,13797,0.21
43272,A-135,Gavà,Plan de jubilación,No,6005,0.21
43272,B-917,Tarragona,Hipoteca,Si,1431,0.21
43272,B-732,Tarragona,Ahorros,No,6302,0.21
43272,B-303,Tarragona,Ahorros,No,11862,0.21
43272,B-362,Girona,Cuenta corriente,Si,9543,0.21
43272,B-767,Girona,Ahorros,No,6756,0.21
43272,C-846,Lleida,Cuenta corriente,No,3454,0.21
43272,D-102,Lleida,Hipoteca,Si,3027,0.21
43273,A-545,Barcelona,Cuenta corriente,Si,5734,0.21
43273,D-182,Barcelona,Ahorros,Si,4285,0.21
43273,A-286,Gavà,Cuenta corriente,Si,2960,0.21
43273,B-634,Gavà,Plan de jubilación,Si,11818,0.21
43273,C-367,Tarragona,Plan de jubilación,No,10741,0.21
43273,A-988,Tarragona,Cuenta corriente,No,5295,0.21
43273,B-133,Tarragona,Plan de jubilación,Si,7019,0.21
43273,C-278,Tarragona,Cuenta corriente,Si,8897,0.21
43273,B-145,Tarragona,Hipoteca,No,11742,0.21
43273,A-368,Tarragona,Ahorros,Si,1688,0.21
43273,D-781,Tarragona,Cuenta corriente,No,5239,0.21
43273,D-124,Tarragona,Fondo de inversión,Si,9204,0.21
43273,A-457,Tarragona,Cuenta corriente,Si,1688,0.21
43273,D-979,Girona,Plan de jubilación,Si,2584,0.21
43273,A-881,Girona,Ahorros,No,3190,0.21
43273,D-150,Girona,Hipoteca,No,12344,0.21
43273,A-708,Girona,Hipoteca,Si,14120,0.21
43273,C-721,Girona,Cuenta corriente,No,11031,0.21
43273,D-557,Girona,Hipoteca,No,14604,0.21
43273,D-544,Girona,Fondo de inversión,No,13092,0.21
43273,D-547,Lleida,Plan de jubilación,Si,4736,0.21
43273,A-411,Lleida,Hipoteca,No,10676,0.21
43273,A-379,Lleida,Fondo de inversión,Si,7046,0.21
43273,B-588,Lleida,Cuenta corriente,Si,3378,0.21
43274,C-825,Barcelona,Cuenta corriente,Si,10553,0.21
43274,D-769,Barcelona,Ahorros,Si,13151,0.21
43274,B-266,Barcelona,Fondo de inversión,Si,3629,0.21
43274,C-878,Barcelona,Fondo de inversión,Si,5606,0.21
43274,D-268,Gavà,Ahorros,No,14027,0.21
43274,D-293,Gavà,Ahorros,Si,7412,0.21
43274,A-338,Gavà,Cuenta corriente,No,1932,0.21
43274,C-108,Gavà,Cuenta corriente,Si,9965,0.21
43274,B-323,Gavà,Hipoteca,Si,327,0.21
43274,A-902,Gavà,Hipoteca,No,4030,0.21
43274,D-823,Gavà,Plan de jubilación,No,4322,0.21
43274,A-209,Tarragona,Cuenta corriente,No,12574,0.21
43274,B-447,Tarragona,Hipoteca,No,13521,0.21
43274,B-609,Tarragona,Cuenta corriente,No,10405,0.21
43274,B-536,Tarragona,Hipoteca,No,10582,0.21
43274,A-455,Tarragona,Ahorros,Si,5766,0.21
43274,A-622,Tarragona,Hipoteca,No,13202,0.21
43274,C-193,Girona,Plan de jubilación,No,2904,0.21
43274,D-697,Girona,Cuenta corriente,No,2795,0.21
43274,C-743,Lleida,Cuenta corriente,No,7171,0.21
43274,D-866,Lleida,Cuenta corriente,No,7656,0.21
43274,C-711,Lleida,Plan de jubilación,Si,12211,0.21
43274,C-323,Lleida,Hipoteca,No,3558,0.21
43274,A-918,Lleida,Fondo de inversión,No,2522,0.21
43275,A-623,Barcelona,Plan de jubilación,No,6582,0.21
43275,B-360,Barcelona,Cuenta corriente,No,11570,0.21
43275,D-886,Barcelona,Cuenta corriente,Si,12488,0.21
43275,D-248,Gavà,Cuenta corriente,Si,11571,0.21
43275,D-436,Gavà,Hipoteca,Si,1703,0.21
43275,B-197,Gavà,Fondo de inversión,No,10751,0.21
43275,C-865,Gavà,Ahorros,No,3090,0.21
43275,C-849,Gavà,Ahorros,No,11677,0.21
43275,C-874,Tarragona,Hipoteca,No,1899,0.21
43275,B-441,Girona,Fondo de inversión,No,1148,0.21
43275,A-962,Girona,Plan de jubilación,Si,13094,0.21
43275,D-707,Lleida,Hipoteca,No,3002,0.21
43275,C-854,Lleida,Hipoteca,Si,10149,0.21
43275,D-904,Lleida,Plan de jubilación,No,12281,0.21
43275,C-141,Lleida,Ahorros,Si,9608,0.21
43275,C-773,Lleida,Hipoteca,No,12739,0.21
43275,C-655,Lleida,Cuenta corriente,Si,12402,0.21
43275,B-472,Lleida,Cuenta corriente,No,8371,0.21
43276,B-780,Barcelona,Hipoteca,Si,7287,0.21
43276,C-414,Barcelona,Fondo de inversión,Si,5525,0.21
43276,A-958,Barcelona,Hipoteca,No,1023,0.21
43276,C-436,Barcelona,Fondo de inversión,Si,3609,0.21
43276,B-387,Gavà,Fondo de inversión,No,5128,0.21
43276,C-402,Gavà,Cuenta corriente,No,1845,0.21
43276,A-107,Gavà,Cuenta corriente,Si,4253,0.21
43276,B-260,Tarragona,Fondo de inversión,Si,1844,0.21
43276,B-855,Tarragona,Cuenta corriente,Si,7849,0.21
43276,D-407,Tarragona,Plan de jubilación,Si,1934,0.21
43276,A-596,Tarragona,Hipoteca,No,4503,0.21
43276,B-668,Girona,Fondo de inversión,No,7342,0.21
43276,C-394,Lleida,Hipoteca,No,5055,0.21
43276,C-561,Lleida,Fondo de inversión,No,9656,0.21
43276,B-762,Lleida,Fondo de inversión,No,5711,0.21
43276,A-998,Lleida,Hipoteca,No,6565,0.21
43276,A-327,Lleida,Fondo de inversión,Si,4896,0.21
43277,A-211,Barcelona,Plan de jubilación,Si,13281,0.21
43277,B-591,Gavà,Ahorros,No,10149,0.21
43277,A-399,Gavà,Ahorros,No,12915,0.21
43277,A-452,Tarragona,Plan de jubilación,No,1379,0.21
43277,B-226,Tarragona,Fondo de inversión,No,10018,0.21
43277,C-658,Tarragona,Cuenta corriente,Si,858,0.21
43277,D-392,Tarragona,Cuenta corriente,No,8429,0.21
43277,B-115,Tarragona,Plan de jubilación,Si,3945,0.21
43277,D-585,Girona,Plan de jubilación,Si,627,0.21
43277,D-872,Girona,Cuenta corriente,Si,8181,0.21
43277,A-244,Girona,Hipoteca,Si,12468,0.21
43277,A-809,Girona,Plan de jubilación,Si,8530,0.21
43277,C-917,Girona,Cuenta corriente,No,7717,0.21
43277,C-254,Girona,Fondo de inversión,Si,12908,0.21
43277,A-634,Lleida,Plan de jubilación,Si,538,0.21
43277,A-833,Lleida,Hipoteca,No,5887,0.21
43277,B-398,Lleida,Ahorros,Si,1507,0.21
43277,B-154,Lleida,Fondo de inversión,Si,6007,0.21
43278,C-294,Barcelona,Plan de jubilación,Si,7081,0.21
43278,D-843,Barcelona,Cuenta corriente,Si,6238,0.21
43278,A-970,Barcelona,Fondo de inversión,Si,14315,0.21
43278,D-176,Barcelona,Ahorros,Si,12667,0.21
43278,C-927,Barcelona,Fondo de inversión,Si,1807,0.21
43278,D-895,Barcelona,Cuenta corriente,No,2603,0.21
43278,A-527,Gavà,Cuenta corriente,Si,9496,0.21
43278,D-960,Tarragona,Fondo de inversión,No,196,0.21
43278,A-926,Tarragona,Plan de jubilación,No,13827,0.21
43278,A-220,Tarragona,Fondo de inversión,No,13210,0.21
43278,B-123,Tarragona,Ahorros,Si,8198,0.21
43278,A-916,Tarragona,Cuenta corriente,No,950,0.21
43278,D-691,Girona,Hipoteca,No,3754,0.21
43278,A-661,Girona,Plan de jubilación,No,4844,0.21
43278,D-831,Girona,Plan de jubilación,No,2540,0.21
43278,B-306,Lleida,Hipoteca,Si,7029,0.21
43278,C-272,Lleida,Cuenta corriente,Si,123,0.21
43278,A-996,Lleida,Plan de jubilación,Si,13883,0.21
43278,D-943,Lleida,Fondo de inversión,Si,236,0.21
43279,A-768,Barcelona,Hipoteca,No,12048,0.21
43279,A-988,Gavà,Fondo de inversión,Si,7844,0.21
43279,A-796,Gavà,Ahorros,No,277,0.21
43279,D-594,Gavà,Hipoteca,Si,13502,0.21
43279,B-304,Tarragona,Fondo de inversión,No,5859,0.21
43279,C-290,Tarragona,Ahorros,No,7457,0.21
43279,D-725,Girona,Cuenta corriente,Si,13145,0.21
43279,C-128,Girona,Plan de jubilación,Si,13427,0.21
43279,B-452,Girona,Hipoteca,Si,10566,0.21
43279,B-959,Girona,Cuenta corriente,No,6644,0.21
43279,B-179,Girona,Ahorros,No,5119,0.21
43279,C-921,Girona,Cuenta corriente,Si,10999,0.21
43279,A-959,Girona,Hipoteca,No,6912,0.21
43279,B-991,Girona,Fondo de inversión,Si,7638,0.21
43279,A-315,Lleida,Ahorros,Si,805,0.21
43279,C-147,Lleida,Ahorros,Si,13580,0.21
43279,C-764,Lleida,Hipoteca,No,14300,0.21
43279,A-523,Lleida,Cuenta corriente,No,9428,0.21
43280,C-313,Barcelona,Ahorros,Si,1040,0.21
43280,A-958,Barcelona,Ahorros,No,3492,0.21
43280,D-781,Barcelona,Plan de jubilación,Si,6770,0.21
43280,A-965,Barcelona,Cuenta corriente,Si,13857,0.21
43280,B-475,Gavà,Cuenta corriente,Si,10475,0.21
43280,C-701,Gavà,Hipoteca,No,14363,0.21
43280,B-500,Tarragona,Ahorros,No,10658,0.21
43280,D-324,Tarragona,Hipoteca,No,8118,0.21
43280,D-575,Tarragona,Ahorros,Si,2271,0.21
43280,D-757,Tarragona,Cuenta corriente,No,12656,0.21
43280,A-221,Tarragona,Fondo de inversión,No,9717,0.21
43280,D-423,Tarragona,Fondo de inversión,Si,12000,0.21
43280,C-478,Tarragona,Ahorros,Si,8580,0.21
43280,D-585,Tarragona,Fondo de inversión,No,12470,0.21
43280,D-973,Tarragona,Plan de jubilación,Si,3272,0.21
43280,C-961,Tarragona,Hipoteca,Si,6020,0.21
43280,B-782,Tarragona,Fondo de inversión,Si,11980,0.21
43280,A-399,Tarragona,Cuenta corriente,Si,3783,0.21
43280,D-184,Girona,Cuenta corriente,Si,4816,0.21
43280,C-295,Girona,Ahorros,Si,14940,0.21
43280,D-274,Girona,Cuenta corriente,No,14509,0.21
43280,C-326,Girona,Ahorros,No,7076,0.21
43280,A-248,Lleida,Cuenta corriente,Si,13067,0.21
43280,D-632,Lleida,Ahorros,No,11170,0.21
43281,D-829,Barcelona,Ahorros,No,9372,0.21
43281,D-590,Barcelona,Cuenta corriente,Si,4921,0.21
43281,C-185,Barcelona,Ahorros,Si,5660,0.21
43281,D-317,Barcelona,Cuenta corriente,Si,9896,0.21
43281,A-158,Gavà,Hipoteca,No,2850,0.21
43281,C-418,Gavà,Fondo de inversión,No,3649,0.21
43281,A-419,Gavà,Ahorros,No,11411,0.21
43281,D-850,Gavà,Hipoteca,Si,2456,0.21
43281,D-356,Gavà,Plan de jubilación,No,14661,0.21
43281,D-167,Gavà,Hipoteca,Si,175,0.21
43281,A-538,Tarragona,Ahorros,Si,10734,0.21
43281,B-253,Tarragona,Hipoteca,No,3298,0.21
43281,A-110,Girona,Hipoteca,Si,9781,0.21
43281,A-547,Girona,Ahorros,No,9873,0.21
43281,D-271,Girona,Plan de jubilación,Si,4994,0.21
43281,A-729,Girona,Cuenta corriente,No,1076,0.21
43281,A-564,Lleida,Hipoteca,Si,3892,0.21
43281,A-775,Lleida,Plan de jubilación,No,14538,0.21
43281,A-726,Lleida,Ahorros,Si,6721,0.21
43281,C-163,Lleida,Ahorros,No,14725,0.21
43282,D-830,Barcelona,Hipoteca,No,10863,0.21
43282,D-352,Tarragona,Fondo de inversión,Si,4359,0.21
43282,A-283,Tarragona,Cuenta corriente,Si,6733,0.21
43282,A-718,Tarragona,Ahorros,No,7370,0.21
43282,A-932,Tarragona,Cuenta corriente,No,3066,0.21
43282,C-150,Girona,Ahorros,Si,9554,0.21
43282,A-255,Girona,Plan de jubilación,No,12632,0.21
43282,D-294,Girona,Ahorros,Si,7254,0.21
43282,D-361,Girona,Plan de jubilación,Si,5233,0.21
43282,C-498,Girona,Fondo de inversión,Si,740,0.21
43282,A-959,Girona,Fondo de inversión,No,10450,0.21
43282,D-542,Girona,Fondo de inversión,No,5776,0.21
43282,B-719,Lleida,Cuenta corriente,Si,14725,0.21
43282,B-178,Lleida,Plan de jubilación,No,3772,0.21
43283,C-976,Barcelona,Cuenta corriente,No,7131,0.21
43283,B-194,Barcelona,Cuenta corriente,Si,8236,0.21
43283,B-507,Barcelona,Hipoteca,No,10529,0.21
43283,C-430,Gavà,Cuenta corriente,Si,8645,0.21
43283,A-529,Gavà,Fondo de inversión,No,12682,0.21
43283,B-435,Gavà,Plan de jubilación,Si,4521,0.21
43283,B-742,Gavà,Plan de jubilación,Si,12732,0.21
43283,A-307,Tarragona,Cuenta corriente,No,4771,0.21
43283,B-396,Tarragona,Fondo de inversión,No,11452,0.21
43283,A-820,Tarragona,Cuenta corriente,No,9446,0.21
43283,C-314,Tarragona,Plan de jubilación,No,580,0.21
43283,C-943,Tarragona,Fondo de inversión,No,11081,0.21
43283,B-927,Lleida,Hipoteca,Si,9359,0.21
43283,B-130,Lleida,Plan de jubilación,Si,5298,0.21
43283,C-878,Lleida,Cuenta corriente,Si,3143,0.21
43284,A-961,Barcelona,Cuenta corriente,No,7849,0.21
43284,B-107,Barcelona,Plan de jubilación,No,3089,0.21
43284,A-235,Barcelona,Cuenta corriente,No,2257,0.21
43284,B-580,Barcelona,Cuenta corriente,Si,5580,0.21
43284,C-260,Barcelona,Plan de jubilación,Si,2167,0.21
43284,B-870,Barcelona,Cuenta corriente,Si,3339,0.21
43284,B-528,Gavà,Cuenta corriente,No,9259,0.21
43284,D-907,Gavà,Ahorros,No,903,0.21
43284,B-434,Gavà,Fondo de inversión,Si,11178,0.21
43284,B-908,Gavà,Fondo de inversión,Si,13272,0.21
43284,C-511,Tarragona,Fondo de inversión,Si,7426,0.21
43284,B-833,Tarragona,Plan de jubilación,No,5956,0.21
43284,C-736,Tarragona,Cuenta corriente,No,931,0.21
43284,B-392,Tarragona,Fondo de inversión,No,8881,0.21
43284,B-760,Girona,Plan de jubilación,Si,13722,0.21
43284,D-996,Girona,Cuenta corriente,No,14764,0.21
43284,C-946,Girona,Hipoteca,Si,9530,0.21
43285,A-616,Barcelona,Ahorros,Si,8952,0.21
43285,B-749,Barcelona,Plan de jubilación,Si,13694,0.21
43285,A-422,Barcelona,Fondo de inversión,Si,411,0.21
43285,A-786,Barcelona,Plan de jubilación,No,8332,0.21
43285,C-158,Gavà,Ahorros,No,8315,0.21
43285,A-834,Gavà,Fondo de inversión,Si,3142,0.21
43285,C-401,Gavà,Ahorros,Si,10007,0.21
43285,B-667,Gavà,Hipoteca,No,10723,0.21
43285,C-900,Gavà,Hipoteca,No,2405,0.21
43285,A-858,Gavà,Hipoteca,No,4552,0.21
43285,A-308,Gavà,Hipoteca,No,1411,0.21
43285,A-548,Gavà,Ahorros,Si,499,0.21
43285,C-982,Tarragona,Ahorros,No,6223,0.21
43285,C-398,Tarragona,Cuenta corriente,Si,8601,0.21
43285,B-173,Tarragona,Plan de jubilación,No,13840,0.21
43285,B-337,Girona,Hipoteca,No,8673,0.21
43285,A-123,Girona,Hipoteca,Si,13254,0.21
43285,B-922,Girona,Fondo de inversión,No,3989,0.21
43285,C-718,Girona,Hipoteca,Si,4555,0.21
43285,C-175,Lleida,Plan de jubilación,Si,961,0.21
43286,C-293,Barcelona,Fondo de inversión,No,5154,0.21
43286,B-475,Barcelona,Cuenta corriente,No,11407,0.21
43286,D-182,Barcelona,Ahorros,No,7457,0.21
43286,D-469,Barcelona,Fondo de inversión,No,4516,0.21
43286,D-940,Barcelona,Cuenta corriente,Si,13555,0.21
43286,C-820,Barcelona,Hipoteca,Si,3866,0.21
43286,D-226,Gavà,Fondo de inversión,Si,12851,0.21
43286,C-333,Gavà,Fondo de inversión,No,14697,0.21
43286,C-502,Gavà,Plan de jubilación,Si,8049,0.21
43286,B-996,Gavà,Hipoteca,No,14642,0.21
43286,A-816,Gavà,Ahorros,No,13086,0.21
43286,B-147,Tarragona,Ahorros,No,5857,0.21
43286,D-908,Tarragona,Fondo de inversión,Si,6902,0.21
43286,C-931,Tarragona,Ahorros,Si,3487,0.21
43286,B-369,Girona,Fondo de inversión,Si,9262,0.21
43286,A-312,Girona,Cuenta corriente,Si,13511,0.21
43286,A-793,Girona,Hipoteca,Si,1799,0.21
43286,C-478,Girona,Plan de jubilación,No,10638,0.21
43286,A-288,Girona,Ahorros,No,10538,0.21
43286,D-538,Girona,Fondo de inversión,Si,5721,0.21
43286,D-268,Girona,Plan de jubilación,Si,13809,0.21
43286,D-173,Lleida,Fondo de inversión,No,1093,0.21
43286,A-401,Lleida,Plan de jubilación,Si,11472,0.21
43286,B-567,Lleida,Plan de jubilación,No,8820,0.21
43286,A-535,Lleida,Fondo de inversión,Si,6913,0.21
43286,A-624,Lleida,Plan de jubilación,No,7483,0.21
43286,C-375,Lleida,Plan de jubilación,Si,11716,0.21
43287,C-203,Barcelona,Plan de jubilación,No,11106,0.21
43287,A-440,Barcelona,Fondo de inversión,Si,10817,0.21
43287,B-974,Barcelona,Cuenta corriente,Si,14504,0.21
43287,A-741,Gavà,Fondo de inversión,Si,3892,0.21
43287,A-900,Gavà,Fondo de inversión,No,13640,0.21
43287,A-591,Gavà,Plan de jubilación,No,8880,0.21
43287,C-179,Tarragona,Hipoteca,Si,9472,0.21
43287,B-160,Tarragona,Ahorros,Si,5190,0.21
43287,B-404,Tarragona,Hipoteca,Si,9759,0.21
43287,A-947,Girona,Ahorros,No,13617,0.21
43287,C-237,Girona,Hipoteca,No,5834,0.21
43287,A-761,Girona,Fondo de inversión,No,6883,0.21
43287,B-742,Girona,Ahorros,Si,11515,0.21
43287,D-884,Girona,Hipoteca,Si,6463,0.21
43287,B-599,Girona,Plan de jubilación,Si,2992,0.21
43287,D-200,Lleida,Fondo de inversión,Si,13820,0.21
43287,B-857,Lleida,Hipoteca,Si,1452,0.21
43287,A-867,Lleida,Plan de jubilación,No,8691,0.21
43288,A-631,Barcelona,Ahorros,Si,13200,0.21
43288,D-576,Barcelona,Cuenta corriente,Si,4330,0.21
43288,A-900,Barcelona,Fondo de inversión,Si,13632,0.21
43288,A-699,Gavà,Fondo de inversión,Si,13747,0.21
43288,A-642,Gavà,Fondo de inversión,No,2738,0.21
43288,A-572,Gavà,Plan de jubilación,Si,11516,0.21
43288,D-798,Gavà,Hipoteca,Si,5571,0.21
43288,D-677,Tarragona,Cuenta corriente,Si,5100,0.21
43288,D-148,Tarragona,Plan de jubilación,Si,13845,0.21
43288,B-506,Tarragona,Plan de jubilación,Si,1760,0.21
43288,A-749,Tarragona,Hipoteca,Si,3521,0.21
43288,C-801,Tarragona,Ahorros,No,9843,0.21
43288,C-261,Girona,Ahorros,Si,1183,0.21
43288,C-716,Girona,Fondo de inversión,No,2280,0.21
43288,B-773,Girona,Plan de jubilación,No,1541,0.21
43288,A-529,Girona,Ahorros,Si,8629,0.21
43288,B-127,Lleida,Ahorros,Si,13699,0.21
43288,C-625,Lleida,Fondo de inversión,Si,2841,0.21
43288,D-500,Lleida,Plan de jubilación,Si,10926,0.21
43289,B-657,Barcelona,Hipoteca,Si,4114,0.21
43289,B-516,Barcelona,Plan de jubilación,No,2015,0.21
43289,C-208,Barcelona,Hipoteca,Si,8193,0.21
43289,A-886,Barcelona,Fondo de inversión,Si,4017,0.21
43289,C-798,Gavà,Fondo de inversión,Si,6627,0.21
43289,A-220,Gavà,Fondo de inversión,Si,9398,0.21
43289,D-204,Gavà,Cuenta corriente,Si,7249,0.21
43289,D-102,Tarragona,Cuenta corriente,Si,2742,0.21
43289,D-446,Tarragona,Ahorros,No,12712,0.21
43289,C-866,Tarragona,Plan de jubilación,No,6331,0.21
43289,C-703,Girona,Plan de jubilación,No,7015,0.21
43289,D-393,Girona,Fondo de inversión,No,9666,0.21
43289,B-484,Girona,Ahorros,Si,6216,0.21
43289,C-329,Girona,Ahorros,No,5381,0.21
43289,C-176,Girona,Fondo de inversión,Si,10974,0.21
43289,C-983,Lleida,Ahorros,Si,11079,0.21
43289,B-826,Lleida,Plan de jubilación,No,5796,0.21
43290,B-188,Barcelona,Plan de jubilación,Si,11908,0.21
43290,D-891,Barcelona,Ahorros,No,11916,0.21
43290,B-344,Barcelona,Hipoteca,Si,11921,0.21
43290,C-172,Barcelona,Ahorros,No,812,0.21
43290,A-662,Barcelona,Hipoteca,No,13092,0.21
43290,D-641,Gavà,Cuenta corriente,Si,11473,0.21
43290,A-566,Tarragona,Ahorros,No,9431,0.21
43290,D-773,Tarragona,Fondo de inversión,No,1020,0.21
43290,A-116,Tarragona,Fondo de inversión,Si,14593,0.21
43290,A-445,Girona,Fondo de inversión,Si,12692,0.21
43290,B-132,Lleida,Fondo de inversión,No,5698,0.21
43290,B-124,Lleida,Fondo de inversión,No,8731,0.21
43290,A-589,Lleida,Fondo de inversión,No,8374,0.21
43290,D-839,Lleida,Hipoteca,No,9160,0.21
43290,B-965,Lleida,Hipoteca,Si,14365,0.21
43290,C-520,Lleida,Fondo de inversión,No,8920,0.21
43291,B-551,Barcelona,Plan de jubilación,Si,11161,0.21
43291,B-967,Barcelona,Plan de jubilación,Si,4137,0.21
43291,A-396,Barcelona,Fondo de inversión,No,7197,0.21
43291,A-693,Gavà,Cuenta corriente,No,4188,0.21
43291,A-174,Gavà,Ahorros,Si,14989,0.21
43291,A-944,Tarragona,Plan de jubilación,No,12397,0.21
43291,B-259,Tarragona,Plan de jubilación,No,1640,0.21
43291,D-991,Tarragona,Plan de jubilación,No,2509,0.21
43291,A-960,Tarragona,Plan de jubilación,No,9356,0.21
43291,B-363,Tarragona,Cuenta corriente,No,13766,0.21
43291,B-435,Tarragona,Ahorros,No,3306,0.21
43291,D-463,Tarragona,Fondo de inversión,No,1552,0.21
43291,C-854,Girona,Fondo de inversión,No,11105,0.21
43291,C-947,Girona,Cuenta corriente,Si,12692,0.21
43291,A-940,Girona,Cuenta corriente,Si,2642,0.21
43291,B-668,Lleida,Plan de jubilación,No,2589,0.21
43291,C-161,Lleida,Cuenta corriente,No,8206,0.21
43291,C-101,Lleida,Ahorros,Si,9577,0.21
43292,D-849,Barcelona,Plan de jubilación,Si,8189,0.21
43292,D-182,Barcelona,Plan de jubilación,No,11634,0.21
43292,A-836,Gavà,Cuenta corriente,No,12511,0.21
43292,A-884,Gavà,Plan de jubilación,No,2967,0.21
43292,A-219,Gavà,Fondo de inversión,Si,4224,0.21
43292,D-224,Gavà,Ahorros,Si,904,0.21
43292,B-490,Gavà,Hipoteca,No,14256,0.21
43292,A-136,Tarragona,Fondo de inversión,Si,1519,0.21
43292,D-799,Tarragona,Ahorros,Si,8637,0.21
43292,C-533,Girona,Hipoteca,No,14065,0.21
43292,B-500,Girona,Plan de jubilación,Si,1908,0.21
43292,C-905,Girona,Fondo de inversión,Si,3945,0.21
43292,B-172,Girona,Fondo de inversión,No,12961,0.21
43292,C-509,Girona,Hipoteca,Si,3741,0.21
43292,C-280,Lleida,Hipoteca,No,11799,0.21
43292,B-103,Lleida,Fondo de inversión,Si,13636,0.21
43292,B-210,Lleida,Plan de jubilación,Si,8610,0.21
43292,D-255,Lleida,Ahorros,No,5969,0.21
43293,C-726,Barcelona,Plan de jubilación,Si,10239,0.21
43293,A-886,Barcelona,Fondo de inversión,No,9065,0.21
43293,B-311,Barcelona,Cuenta corriente,Si,4507,0.21
43293,C-127,Gavà,Hipoteca,Si,7861,0.21
43293,D-791,Tarragona,Hipoteca,No,12517,0.21
43293,B-689,Tarragona,Plan de jubilación,Si,734,0.21
43293,B-475,Tarragona,Fondo de inversión,No,5048,0.21
43293,B-194,Tarragona,Plan de jubilación,Si,6239,0.21
43293,A-264,Tarragona,Cuenta corriente,Si,5645,0.21
43293,D-407,Girona,Cuenta corriente,No,7704,0.21
43293,D-612,Girona,Plan de jubilación,Si,3817,0.21
43293,A-934,Lleida,Plan de jubilación,No,12079,0.21
43293,C-753,Lleida,Fondo de inversión,Si,5766,0.21
43293,A-599,Lleida,Plan de jubilación,No,12330,0.21
43294,C-155,Barcelona,Ahorros,No,3649,0.21
43294,D-576,Barcelona,Cuenta corriente,No,7691,0.21
43294,A-485,Barcelona,Hipoteca,No,4562,0.21
43294,C-921,Gavà,Plan de jubilación,No,6512,0.21
43294,A-149,Gavà,Cuenta corriente,No,9062,0.21
43294,A-836,Gavà,Hipoteca,Si,12535,0.21
43294,A-554,Gavà,Fondo de inversión,Si,5734,0.21
43294,D-783,Gavà,Ahorros,No,6299,0.21
43294,D-391,Tarragona,Ahorros,Si,5337,0.21
43294,A-222,Tarragona,Cuenta corriente,Si,3030,0.21
43294,C-574,Girona,Cuenta corriente,No,13393,0.21
43294,B-314,Girona,Hipoteca,No,13381,0.21
43294,C-406,Lleida,Ahorros,Si,10167,0.21
43295,D-930,Barcelona,Ahorros,No,10612,0.21
43295,D-574,Barcelona,Hipoteca,Si,6900,0.21
43295,B-143,Barcelona,Fondo de inversión,Si,14181,0.21
43295,C-362,Barcelona,Ahorros,Si,4295,0.21
43295,C-814,Gavà,Ahorros,No,14330,0.21
43295,C-234,Gavà,Plan de jubilación,Si,227,0.21
43295,C-736,Gavà,Hipoteca,Si,2359,0.21
43295,B-158,Gavà,Hipoteca,Si,13110,0.21
43295,C-219,Gavà,Plan de jubilación,Si,8768,0.21
43295,D-238,Tarragona,Cuenta corriente,No,3179,0.21
43295,B-331,Tarragona,Hipoteca,No,3816,0.21
43295,A-635,Tarragona,Fondo de inversión,No,3848,0.21
43295,B-214,Girona,Fondo de inversión,No,9619,0.21
43295,C-892,Girona,Hipoteca,Si,8853,0.21
43295,B-887,Girona,Fondo de inversión,No,5738,0.21
43295,C-415,Girona,Cuenta corriente,Si,3552,0.21
43295,D-597,Girona,Plan de jubilación,No,10120,0.21
43295,C-694,Lleida,Fondo de inversión,No,2741,0.21
43296,B-123,Barcelona,Ahorros,No,5768,0.21
43296,C-490,Barcelona,Hipoteca,Si,14350,0.21
43296,C-232,Barcelona,Hipoteca,No,4427,0.21
43296,C-432,Gavà,Cuenta corriente,No,11510,0.21
43296,D-425,Gavà,Fondo de inversión,Si,4046,0.21
43296,B-362,Tarragona,Ahorros,No,2632,0.21
43296,D-323,Tarragona,Cuenta corriente,No,2686,0.21
43296,C-126,Tarragona,Ahorros,No,6408,0.21
43296,B-788,Tarragona,Hipoteca,No,9634,0.21
43296,C-720,Tarragona,Cuenta corriente,No,12978,0.21
43296,A-889,Tarragona,Ahorros,Si,13881,0.21
43296,C-692,Tarragona,Ahorros,No,8258,0.21
43296,D-547,Tarragona,Plan de jubilación,No,9463,0.21
43296,D-235,Girona,Fondo de inversión,Si,14984,0.21
43296,A-207,Girona,Hipoteca,Si,4995,0.21
43296,B-784,Girona,Plan de jubilación,No,166,0.21
43296,A-674,Girona,Plan de jubilación,No,626,0.21
43296,C-323,Lleida,Cuenta corriente,Si,9427,0.21
43297,C-255,Barcelona,Ahorros,No,5029,0.21
43297,A-652,Barcelona,Plan de jubilación,No,12254,0.21
43297,D-812,Barcelona,Cuenta corriente,No,4870,0.21
43297,A-551,Barcelona,Hipoteca,No,9972,0.21
43297,B-891,Gavà,Fondo de inversión,Si,1706,0.21
43297,C-828,Gavà,Plan de jubilación,No,7247,0.21
43297,B-216,Gavà,Hipoteca,Si,9749,0.21
43297,A-223,Gavà,Hipoteca,Si,12768,0.21
43297,D-402,Gavà,Ahorros,No,1035,0.21
43297,C-785,Tarragona,Plan de jubilación,Si,9582,0.21
43297,A-467,Tarragona,Fondo de inversión,No,5572,0.21
43297,C-933,Tarragona,Cuenta corriente,Si,5916,0.21
43297,A-112,Tarragona,Cuenta corriente,No,940,0.21
43297,C-825,Tarragona,Fondo de inversión,No,6961,0.21
43297,D-226,Tarragona,Cuenta corriente,No,14749,0.21
43297,B-347,Tarragona,Fondo de inversión,Si,7539,0.21
43297,B-339,Girona,Ahorros,No,9673,0.21
43297,C-213,Girona,Ahorros,No,7321,0.21
43297,D-469,Girona,Plan de jubilación,Si,10076,0.21
43297,D-263,Girona,Plan de jubilación,No,12660,0.21
43297,A-709,Girona,Ahorros,Si,6483,0.21
43297,A-457,Lleida,Fondo de inversión,No,7060,0.21
43297,A-624,Lleida,Fondo de inversión,Si,9479,0.21
43298,C-587,Barcelona,Plan de jubilación,No,14004,0.21
43298,D-648,Barcelona,Cuenta corriente,Si,7674,0.21
43298,A-753,Barcelona,Ahorros,No,3450,0.21
43298,B-978,Gavà,Plan de jubilación,Si,7018,0.21
43298,D-363,Gavà,Cuenta corriente,Si,3408,0.21
43298,D-200,Gavà,Ahorros,No,14035,0.21
43298,B-979,Gavà,Hipoteca,Si,5651,0.21
43298,D-220,Tarragona,Plan de jubilación,No,10436,0.21
43298,B-373,Girona,Plan de jubilación,Si,6732,0.21
43298,D-673,Girona,Plan de jubilación,No,10962,0.21
43298,D-944,Girona,Plan de jubilación,No,406,0.21
43298,A-938,Girona,Fondo de inversión,Si,6936,0.21
43298,D-920,Lleida,Plan de jubilación,No,1499,0.21
43298,A-382,Lleida,Fondo de inversión,Si,9983,0.21
43298,C-385,Lleida,Fondo de inversión,Si,7066,0.21
43298,A-954,Lleida,Ahorros,Si,284,0.21
43298,C-135,Lleida,Fondo de inversión,Si,6400,0.21
43299,C-910,Barcelona,Plan de jubilación,Si,2840,0.21
43299,A-287,Barcelona,Ahorros,No,12359,0.21
43299,B-725,Barcelona,Hipoteca,Si,8686,0.21
43299,A-332,Barcelona,Ahorros,No,2656,0.21
43299,B-182,Barcelona,Ahorros,No,5127,0.21
43299,C-172,Barcelona,Ahorros,No,11441,0.21
43299,A-227,Gavà,Hipoteca,No,9932,0.21
43299,D-305,Gavà,Ahorros,Si,11826,0.21
43299,B-927,Gavà,Plan de jubilación,No,12516,0.21
43299,D-110,Gavà,Ahorros,Si,4550,0.21
43299,D-525,Gavà,Plan de jubilación,No,9547,0.21
43299,B-218,Gavà,Plan de jubilación,No,5251,0.21
43299,A-870,Gavà,Cuenta corriente,Si,10125,0.21
43299,C-555,Gavà,Plan de jubilación,No,13023,0.21
43299,B-914,Gavà,Cuenta corriente,No,883,0.21
43299,D-194,Tarragona,Hipoteca,Si,14281,0.21
43299,A-503,Tarragona,Ahorros,Si,13242,0.21
43299,D-503,Tarragona,Plan de jubilación,No,1329,0.21
43299,D-338,Tarragona,Plan de jubilación,No,10751,0.21
43299,B-801,Tarragona,Ahorros,Si,1036,0.21
43299,A-785,Girona,Cuenta corriente,No,2197,0.21
43299,B-940,Girona,Plan de jubilación,No,14210,0.21
43299,D-123,Girona,Ahorros,No,13836,0.21
43299,D-131,Girona,Fondo de inversión,Si,9709,0.21
43299,C-273,Girona,Plan de jubilación,Si,12542,0.21
43299,A-446,Lleida,Cuenta corriente,No,755,0.21
43299,D-219,Lleida,Plan de jubilación,No,13054,0.21
43299,B-393,Lleida,Plan de jubilación,Si,14061,0.21
43300,A-992,Barcelona,Fondo de inversión,No,9818,0.21
43300,B-340,Barcelona,Hipoteca,Si,6480,0.21
43300,A-727,Barcelona,Ahorros,Si,7153,0.21
43300,A-337,Gavà,Hipoteca,No,8756,0.21
43300,B-779,Gavà,Fondo de inversión,Si,3381,0.21
43300,D-661,Gavà,Cuenta corriente,No,13631,0.21
43300,D-841,Tarragona,Ahorros,Si,8104,0.21
43300,A-404,Tarragona,Ahorros,No,13316,0.21
43300,D-532,Tarragona,Plan de jubilación,Si,8567,0.21
43300,B-500,Tarragona,Hipoteca,Si,12845,0.21
43300,B-735,Tarragona,Ahorros,No,11208,0.21
43300,D-882,Tarragona,Plan de jubilación,No,8771,0.21
43300,C-494,Tarragona,Cuenta corriente,Si,14701,0.21
43300,A-308,Girona,Plan de jubilación,No,5499,0.21
43300,C-385,Lleida,Cuenta corriente,No,8752,0.21
43300,A-187,Lleida,Cuenta corriente,No,12226,0.21
43300,B-226,Lleida,Hipoteca,No,7089,0.21
43301,A-643,Barcelona,Hipoteca,No,12092,0.21
43301,A-578,Barcelona,Hipoteca,No,3055,0.21
43301,A-300,Barcelona,Fondo de inversión,No,9619,0.21
43301,C-554,Barcelona,Hipoteca,Si,4337,0.21
43301,C-332,Barcelona,Plan de jubilación,Si,5628,0.21
43301,C-534,Gavà,Ahorros,No,9051,0.21
43301,D-676,Gavà,Plan de jubilación,No,14021,0.21
43301,D-557,Gavà,Plan de jubilación,No,11814,0.21
43301,D-896,Gavà,Plan de jubilación,Si,12523,0.21
43301,A-908,Gavà,Fondo de inversión,No,5793,0.21
43301,C-324,Tarragona,Hipoteca,No,12768,0.21
43301,A-652,Tarragona,Fondo de inversión,No,11792,0.21
43301,B-614,Tarragona,Fondo de inversión,No,10224,0.21
43301,D-521,Tarragona,Fondo de inversión,No,5245,0.21
43301,A-641,Tarragona,Cuenta corriente,Si,2141,0.21
43301,C-796,Tarragona,Cuenta corriente,No,5248,0.21
43301,A-142,Tarragona,Hipoteca,Si,3456,0.21
43301,A-690,Tarragona,Hipoteca,No,2141,0.21
43301,A-659,Tarragona,Ahorros,Si,6396,0.21
43301,C-839,Tarragona,Ahorros,No,13895,0.21
43301,B-662,Tarragona,Ahorros,No,11926,0.21
43301,B-554,Tarragona,Hipoteca,Si,2444,0.21
43301,D-440,Tarragona,Ahorros,No,1130,0.21
43301,D-667,Girona,Plan de jubilación,Si,11275,0.21
43301,C-177,Girona,Plan de jubilación,No,9648,0.21
43301,A-303,Girona,Plan de jubilación,Si,9331,0.21
43301,C-376,Girona,Plan de jubilación,No,8074,0.21
43301,A-663,Girona,Fondo de inversión,No,14731,0.21
43301,D-950,Girona,Ahorros,Si,7710,0.21
43301,C-636,Girona,Plan de jubilación,No,456,0.21
43301,D-675,Girona,Plan de jubilación,No,13795,0.21
43301,D-465,Lleida,Hipoteca,Si,9159,0.21
43301,A-926,Lleida,Hipoteca,No,476,0.21
43301,B-455,Lleida,Fondo de inversión,No,279,0.21
43301,C-401,Lleida,Hipoteca,No,4132,0.21
43301,D-948,Lleida,Fondo de inversión,Si,9125,0.21
43302,A-823,Tarragona,Fondo de inversión,No,11644,0.21
43302,C-169,Tarragona,Ahorros,Si,3176,0.21
43302,D-317,Tarragona,Fondo de inversión,No,7659,0.21
43302,A-894,Tarragona,Fondo de inversión,No,12771,0.21
43302,A-140,Girona,Cuenta corriente,No,14996,0.21
43302,D-811,Girona,Plan de jubilación,Si,2892,0.21
43302,D-892,Girona,Cuenta corriente,No,13199,0.21
43302,C-209,Lleida,Hipoteca,Si,5371,0.21
43302,A-533,Lleida,Cuenta corriente,No,3935,0.21
43302,D-608,Lleida,Ahorros,Si,9217,0.21
43302,C-265,Lleida,Ahorros,No,11768,0.21
43302,D-889,Lleida,Hipoteca,Si,1081,0.21
43303,B-105,Barcelona,Hipoteca,No,8941,0.21
43303,A-569,Barcelona,Fondo de inversión,Si,14397,0.21
43303,D-546,Barcelona,Fondo de inversión,No,6383,0.21
43303,C-888,Barcelona,Ahorros,Si,1440,0.21
43303,C-923,Barcelona,Plan de jubilación,Si,14440,0.21
43303,C-512,Gavà,Fondo de inversión,No,13328,0.21
43303,A-385,Gavà,Cuenta corriente,No,4903,0.21
43303,C-374,Gavà,Cuenta corriente,Si,9489,0.21
43303,B-466,Gavà,Plan de jubilación,No,6450,0.21
43303,A-917,Tarragona,Ahorros,Si,1650,0.21
43303,D-408,Tarragona,Ahorros,Si,8542,0.21
43303,B-794,Tarragona,Cuenta corriente,No,10035,0.21
43303,D-413,Girona,Ahorros,No,12296,0.21
43303,A-438,Girona,Cuenta corriente,Si,11219,0.21
43303,C-724,Girona,Hipoteca,No,7755,0.21
43303,D-938,Girona,Cuenta corriente,No,4863,0.21
43303,C-483,Lleida,Fondo de inversión,Si,5496,0.21
43303,D-287,Lleida,Cuenta corriente,Si,5011,0.21
43303,B-786,Lleida,Ahorros,Si,8267,0.21
43304,D-313,Barcelona,Plan de jubilación,No,8457,0.21
43304,C-812,Barcelona,Fondo de inversión,Si,5470,0.21
43304,B-449,Barcelona,Ahorros,Si,7893,0.21
43304,C-340,Barcelona,Hipoteca,No,4980,0.21
43304,B-818,Barcelona,Cuenta corriente,No,1937,0.21
43304,C-158,Gavà,Plan de jubilación,No,1678,0.21
43304,A-455,Gavà,Cuenta corriente,No,10891,0.21
43304,B-613,Gavà,Ahorros,No,8231,0.21
43304,C-477,Tarragona,Ahorros,No,9368,0.21
43304,C-304,Tarragona,Fondo de inversión,No,337,0.21
43304,B-967,Tarragona,Ahorros,No,13871,0.21
43304,A-396,Tarragona,Cuenta corriente,No,6170,0.21
43304,C-518,Tarragona,Cuenta corriente,No,6300,0.21
43304,B-565,Girona,Ahorros,No,10839,0.21
43304,D-202,Girona,Plan de jubilación,No,5602,0.21
43304,C-575,Girona,Ahorros,No,11871,0.21
43304,B-560,Girona,Fondo de inversión,Si,644,0.21
43304,D-134,Lleida,Hipoteca,No,14896,0.21
43304,D-399,Lleida,Fondo de inversión,No,2792,0.21
43304,D-568,Lleida,Plan de jubilación,Si,11022,0.21
43304,A-652,Lleida,Ahorros,No,6623,0.21
43304,D-553,Lleida,Plan de jubilación,Si,6066,0.21
43305,A-154,Barcelona,Fondo de inversión,No,12773,0.21
43305,A-677,Barcelona,Plan de jubilación,Si,2781,0.21
43305,D-604,Tarragona,Hipoteca,No,7095,0.21
43305,B-710,Tarragona,Ahorros,Si,513,0.21
43305,D-653,Tarragona,Fondo de inversión,No,216,0.21
43305,B-909,Tarragona,Ahorros,No,2711,0.21
43305,D-358,Tarragona,Hipoteca,No,4375,0.21
43305,B-672,Girona,Fondo de inversión,No,12778,0.21
43305,B-870,Girona,Fondo de inversión,Si,4472,0.21
43305,A-668,Girona,Plan de jubilación,Si,11709,0.21
43305,C-886,Girona,Hipoteca,Si,13171,0.21
43305,C-685,Girona,Fondo de inversión,No,12971,0.21
43305,C-107,Lleida,Hipoteca,Si,13806,0.21
43305,D-333,Lleida,Fondo de inversión,Si,4939,0.21
43305,D-240,Lleida,Fondo de inversión,No,6568,0.21
43306,A-101,Barcelona,Cuenta corriente,No,4758,0.21
43306,C-641,Barcelona,Plan de jubilación,No,9465,0.21
43306,B-604,Barcelona,Plan de jubilación,Si,2922,0.21
43306,D-657,Barcelona,Hipoteca,No,5419,0.21
43306,D-670,Gavà,Cuenta corriente,No,5382,0.21
43306,D-151,Gavà,Ahorros,Si,1624,0.21
43306,D-635,Gavà,Plan de jubilación,No,5508,0.21
43306,D-312,Tarragona,Plan de jubilación,Si,6984,0.21
43306,A-340,Tarragona,Hipoteca,Si,4050,0.21
43306,A-428,Girona,Cuenta corriente,Si,3104,0.21
43306,D-861,Girona,Fondo de inversión,No,11972,0.21
43306,A-542,Girona,Ahorros,Si,13536,0.21
43306,D-557,Lleida,Ahorros,No,7181,0.21
43306,A-956,Lleida,Plan de jubilación,No,4637,0.21
43307,D-401,Barcelona,Fondo de inversión,No,12128,0.21
43307,C-910,Barcelona,Ahorros,No,3815,0.21
43307,A-379,Gavà,Fondo de inversión,Si,8491,0.21
43307,B-605,Gavà,Fondo de inversión,Si,5377,0.21
43307,D-865,Gavà,Fondo de inversión,Si,10721,0.21
43307,D-846,Gavà,Hipoteca,Si,1704,0.21
43307,C-408,Gavà,Plan de jubilación,Si,8523,0.21
43307,C-539,Tarragona,Plan de jubilación,No,2797,0.21
43307,B-630,Tarragona,Hipoteca,No,14158,0.21
43307,A-575,Tarragona,Cuenta corriente,Si,7466,0.21
43307,C-311,Girona,Hipoteca,Si,7833,0.21
43307,C-512,Girona,Hipoteca,Si,6514,0.21
43307,A-202,Girona,Hipoteca,Si,3477,0.21
43307,B-964,Lleida,Hipoteca,Si,5952,0.21
43307,D-436,Lleida,Ahorros,Si,6036,0.21
43307,D-552,Lleida,Fondo de inversión,Si,9194,0.21
43307,C-751,Lleida,Fondo de inversión,Si,5166,0.21
43307,A-571,Lleida,Hipoteca,Si,11030,0.21
43307,B-409,Lleida,Hipoteca,Si,6813,0.21
43307,C-111,Lleida,Ahorros,No,1941,0.21
43307,C-431,Lleida,Fondo de inversión,Si,8389,0.21
43308,B-856,Barcelona,Cuenta corriente,Si,5943,0.21
43308,A-391,Barcelona,Fondo de inversión,Si,9616,0.21
43308,C-521,Barcelona,Fondo de inversión,No,10613,0.21
43308,C-806,Barcelona,Plan de jubilación,Si,8919,0.21
43308,D-972,Barcelona,Fondo de inversión,Si,11637,0.21
43308,D-633,Barcelona,Fondo de inversión,Si,10691,0.21
43308,C-324,Gavà,Hipoteca,Si,11160,0.21
43308,C-938,Gavà,Ahorros,Si,9446,0.21
43308,B-737,Gavà,Hipoteca,No,12218,0.21
43308,D-677,Gavà,Ahorros,Si,6070,0.21
43308,A-825,Gavà,Ahorros,No,3796,0.21
43308,D-500,Tarragona,Fondo de inversión,No,10047,0.21
43308,C-497,Tarragona,Fondo de inversión,No,4722,0.21
43308,B-513,Girona,Hipoteca,No,7035,0.21
43308,D-614,Lleida,Fondo de inversión,Si,11108,0.21
43308,A-353,Lleida,Hipoteca,No,12214,0.21
43308,C-581,Lleida,Ahorros,Si,2057,0.21
43309,C-427,Barcelona,Hipoteca,No,986,0.21
43309,D-823,Barcelona,Ahorros,No,6794,0.21
43309,C-297,Barcelona,Cuenta corriente,No,8718,0.21
43309,D-547,Barcelona,Hipoteca,Si,9971,0.21
43309,A-779,Gavà,Fondo de inversión,Si,6056,0.21
43309,D-546,Gavà,Hipoteca,No,8761,0.21
43309,C-288,Gavà,Hipoteca,No,2416,0.21
43309,D-482,Gavà,Plan de jubilación,Si,14864,0.21
43309,A-195,Gavà,Ahorros,No,7144,0.21
43309,C-992,Gavà,Plan de jubilación,Si,336,0.21
43309,B-978,Gavà,Fondo de inversión,No,5915,0.21
43309,D-809,Tarragona,Fondo de inversión,No,11009,0.21
43309,D-717,Tarragona,Ahorros,No,10061,0.21
43309,C-941,Tarragona,Hipoteca,Si,11311,0.21
43309,B-518,Tarragona,Ahorros,No,11718,0.21
43309,D-251,Girona,Fondo de inversión,No,7228,0.21
43309,C-790,Girona,Ahorros,No,3726,0.21
43309,B-171,Girona,Fondo de inversión,No,10494,0.21
43309,B-935,Lleida,Cuenta corriente,Si,1060,0.21
43309,D-510,Lleida,Plan de jubilación,Si,2669,0.21
43309,A-341,Lleida,Plan de jubilación,Si,5848,0.21
43309,D-711,Lleida,Cuenta corriente,Si,13518,0.21
43309,B-152,Lleida,Fondo de inversión,Si,12353,0.21
43309,A-794,Lleida,Hipoteca,Si,508,0.21
43310,C-348,Barcelona,Ahorros,Si,9312,0.21
43310,D-411,Barcelona,Plan de jubilación,Si,9496,0.21
43310,D-448,Barcelona,Fondo de inversión,No,13168,0.21
43310,D-548,Gavà,Cuenta corriente,No,3111,0.21
43310,A-595,Gavà,Cuenta corriente,Si,11729,0.21
43310,C-744,Gavà,Ahorros,Si,6684,0.21
43310,D-174,Tarragona,Cuenta corriente,No,6137,0.21
43310,A-841,Tarragona,Cuenta corriente,Si,13211,0.21
43310,D-679,Tarragona,Fondo de inversión,No,2101,0.21
43310,B-147,Girona,Plan de jubilación,Si,3862,0.21
43310,C-954,Girona,Fondo de inversión,Si,13927,0.21
43310,D-442,Girona,Hipoteca,Si,1818,0.21
43310,B-594,Girona,Fondo de inversión,Si,14363,0.21
43310,B-785,Girona,Fondo de inversión,No,6338,0.21
43310,D-280,Lleida,Ahorros,No,13407,0.21
43310,A-719,Lleida,Ahorros,Si,5390,0.21
43310,A-579,Lleida,Cuenta corriente,Si,11583,0.21
43310,D-490,Lleida,Ahorros,No,1183,0.21
43310,B-577,Lleida,Cuenta corriente,Si,1095,0.21
43310,B-459,Lleida,Hipoteca,No,10362,0.21
43310,C-955,Lleida,Plan de jubilación,No,7885,0.21
43311,D-260,Barcelona,Hipoteca,Si,10213,0.21
43311,B-161,Barcelona,Fondo de inversión,No,8769,0.21
43311,B-155,Barcelona,Hipoteca,No,13709,0.21
43311,D-991,Barcelona,Cuenta corriente,Si,6295,0.21
43311,A-381,Gavà,Fondo de inversión,No,5409,0.21
43311,D-751,Gavà,Ahorros,No,6144,0.21
43311,A-816,Gavà,Fondo de inversión,No,12465,0.21
43311,D-668,Gavà,Ahorros,Si,7150,0.21
43311,C-321,Tarragona,Ahorros,Si,4300,0.21
43311,D-856,Tarragona,Plan de jubilación,Si,8338,0.21
43311,C-927,Tarragona,Plan de jubilación,Si,14500,0.21
43311,C-575,Tarragona,Cuenta corriente,No,5126,0.21
43311,C-520,Girona,Cuenta corriente,Si,12285,0.21
43311,A-485,Girona,Hipoteca,Si,8104,0.21
43311,A-699,Girona,Hipoteca,Si,8287,0.21
43311,A-920,Lleida,Cuenta corriente,No,6296,0.21
43311,A-643,Lleida,Plan de jubilación,No,3002,0.21
43311,B-360,Lleida,Ahorros,No,5705,0.21
43311,C-217,Lleida,Plan de jubilación,Si,5885,0.21
43312,C-386,Barcelona,Cuenta corriente,No,13427,0.21
43312,A-802,Barcelona,Fondo de inversión,No,4338,0.21
43312,A-134,Barcelona,Fondo de inversión,Si,5438,0.21
43312,D-681,Barcelona,Fondo de inversión,Si,10030,0.21
43312,C-216,Barcelona,Ahorros,No,8205,0.21
43312,B-175,Barcelona,Ahorros,No,4567,0.21
43312,B-751,Barcelona,Ahorros,Si,14025,0.21
43312,D-529,Barcelona,Cuenta corriente,Si,3135,0.21
43312,A-742,Barcelona,Cuenta corriente,No,12745,0.21
43312,A-113,Gavà,Cuenta corriente,No,188,0.21
43312,C-191,Tarragona,Fondo de inversión,No,708,0.21
43312,A-602,Tarragona,Ahorros,Si,13242,0.21
43312,D-554,Lleida,Hipoteca,Si,13635,0.21
43312,A-582,Lleida,Cuenta corriente,Si,12009,0.21
43312,D-693,Lleida,Cuenta corriente,Si,12399,0.21
43313,C-703,Barcelona,Hipoteca,No,9513,0.21
43313,A-509,Barcelona,Fondo de inversión,Si,11410,0.21
43313,D-637,Barcelona,Cuenta corriente,No,13133,0.21
43313,A-343,Gavà,Cuenta corriente,Si,3869,0.21
43313,D-609,Gavà,Hipoteca,Si,6064,0.21
43313,D-153,Tarragona,Cuenta corriente,Si,7737,0.21
43313,C-561,Tarragona,Fondo de inversión,Si,1608,0.21
43313,A-649,Tarragona,Ahorros,No,1158,0.21
43313,B-420,Tarragona,Plan de jubilación,No,9425,0.21
43313,B-984,Tarragona,Fondo de inversión,Si,3155,0.21
43313,C-423,Tarragona,Cuenta corriente,No,12961,0.21
43313,A-393,Girona,Ahorros,Si,4397,0.21
43313,D-880,Lleida,Cuenta corriente,No,8387,0.21
43313,C-322,Lleida,Fondo de inversión,Si,5918,0.21
43314,D-423,Barcelona,Cuenta corriente,No,9555,0.21
43314,A-373,Barcelona,Plan de jubilación,No,10424,0.21
43314,B-144,Barcelona,Cuenta corriente,Si,6027,0.21
43314,C-367,Barcelona,Hipoteca,No,4719,0.21
43314,D-423,Barcelona,Fondo de inversión,Si,8040,0.21
43314,D-927,Barcelona,Hipoteca,Si,4573,0.21
43314,C-572,Gavà,Hipoteca,No,14301,0.21
43314,D-986,Tarragona,Fondo de inversión,Si,3158,0.21
43314,C-293,Tarragona,Plan de jubilación,No,11952,0.21
43314,B-559,Tarragona,Plan de jubilación,Si,5041,0.21
43314,C-255,Tarragona,Cuenta corriente,Si,1857,0.21
43314,A-761,Girona,Hipoteca,No,3730,0.21
43314,B-722,Girona,Plan de jubilación,Si,5454,0.21
43314,B-626,Girona,Fondo de inversión,Si,14703,0.21
43314,A-801,Girona,Plan de jubilación,No,7178,0.21
43314,D-609,Lleida,Plan de jubilación,No,5794,0.21
43314,D-424,Lleida,Plan de jubilación,Si,4640,0.21
43314,A-700,Lleida,Fondo de inversión,Si,4403,0.21
43314,B-456,Lleida,Fondo de inversión,Si,14646,0.21
43315,A-681,Barcelona,Cuenta corriente,Si,1727,0.21
43315,B-693,Barcelona,Hipoteca,No,4226,0.21
43315,B-534,Gavà,Plan de jubilación,No,757,0.21
43315,B-773,Tarragona,Ahorros,Si,922,0.21
43315,B-298,Girona,Cuenta corriente,No,870,0.21
43315,D-793,Girona,Plan de jubilación,No,949,0.21
43315,B-473,Girona,Plan de jubilación,No,4183,0.21
43315,B-316,Girona,Hipoteca,Si,14585,0.21
43315,B-340,Lleida,Cuenta corriente,Si,7259,0.21
43315,B-767,Lleida,Cuenta corriente,Si,3760,0.21
43315,D-101,Lleida,Cuenta corriente,Si,13353,0.21
43315,B-492,Lleida,Plan de jubilación,No,3644,0.21
43316,D-808,Barcelona,Fondo de inversión,Si,3984,0.21
43316,A-885,Barcelona,Hipoteca,No,14799,0.21
43316,C-107,Barcelona,Plan de jubilación,Si,14407,0.21
43316,A-162,Gavà,Hipoteca,Si,8369,0.21
43316,C-750,Gavà,Hipoteca,No,9455,0.21
43316,B-149,Gavà,Hipoteca,No,9985,0.21
43316,D-418,Gavà,Ahorros,No,11530,0.21
43316,C-812,Tarragona,Ahorros,No,14748,0.21
43316,C-667,Tarragona,Cuenta corriente,Si,10004,0.21
43316,D-585,Tarragona,Cuenta corriente,Si,838,0.21
43316,A-608,Tarragona,Plan de jubilación,Si,12843,0.21
43316,A-457,Girona,Ahorros,Si,11512,0.21
43316,C-944,Girona,Hipoteca,No,7601,0.21
43316,A-948,Lleida,Hipoteca,No,10758,0.21
43316,C-962,Lleida,Ahorros,No,9787,0.21
43316,B-670,Lleida,Ahorros,No,12555,0.21
43316,A-963,Lleida,Hipoteca,Si,12055,0.21
43316,C-945,Lleida,Plan de jubilación,No,10219,0.21
43317,C-192,Barcelona,Plan de jubilación,No,6200,0.21
43317,C-228,Barcelona,Cuenta corriente,No,8619,0.21
43317,D-867,Barcelona,Hipoteca,No,11808,0.21
43317,D-218,Barcelona,Cuenta corriente,Si,3099,0.21
43317,D-924,Barcelona,Ahorros,No,8982,0.21
43317,A-131,Gavà,Fondo de inversión,Si,7203,0.21
43317,A-341,Gavà,Cuenta corriente,No,13571,0.21
43317,B-286,Tarragona,Cuenta corriente,Si,578,0.21
43317,A-778,Tarragona,Cuenta corriente,No,14340,0.21
43317,B-372,Tarragona,Ahorros,Si,11786,0.21
43317,B-136,Tarragona,Plan de jubilación,No,156,0.21
43317,B-251,Tarragona,Fondo de inversión,No,3323,0.21
43317,D-196,Tarragona,Plan de jubilación,Si,10788,0.21
43317,D-866,Tarragona,Hipoteca,Si,13475,0.21
43317,D-496,Tarragona,Plan de jubilación,Si,3233,0.21
43317,D-851,Girona,Plan de jubilación,No,7392,0.21
43317,D-597,Girona,Plan de jubilación,No,8309,0.21
43317,D-824,Girona,Plan de jubilación,Si,2779,0.21
43317,B-433,Girona,Fondo de inversión,Si,12075,0.21
43317,C-539,Lleida,Cuenta corriente,No,6557,0.21
43317,C-663,Lleida,Hipoteca,No,10220,0.21
43317,D-903,Lleida,Cuenta corriente,Si,10132,0.21
43317,B-117,Lleida,Fondo de inversión,Si,4560,0.21
43317,B-544,Lleida,Plan de jubilación,Si,5576,0.21
43318,D-246,Barcelona,Cuenta corriente,No,5055,0.21
43318,C-160,Barcelona,Fondo de inversión,Si,1862,0.21
43318,A-862,Barcelona,Ahorros,Si,7514,0.21
43318,C-798,Barcelona,Hipoteca,No,7013,0.21
43318,B-558,Barcelona,Plan de jubilación,No,3523,0.21
43318,A-629,Barcelona,Ahorros,No,8834,0.21
43318,B-746,Barcelona,Plan de jubilación,No,850,0.21
43318,B-818,Gavà,Plan de jubilación,Si,11876,0.21
43318,B-882,Gavà,Plan de jubilación,No,4727,0.21
43318,A-427,Tarragona,Fondo de inversión,Si,14547,0.21
43318,A-238,Tarragona,Hipoteca,No,13515,0.21
43318,C-692,Tarragona,Hipoteca,No,4004,0.21
43318,D-636,Tarragona,Ahorros,Si,12522,0.21
43318,C-902,Tarragona,Ahorros,No,10180,0.21
43318,C-513,Tarragona,Plan de jubilación,Si,2445,0.21
43318,B-884,Girona,Plan de jubilación,Si,4841,0.21
43318,A-628,Girona,Fondo de inversión,Si,7721,0.21
43318,D-127,Girona,Plan de jubilación,Si,6855,0.21
43318,A-422,Lleida,Cuenta corriente,Si,12731,0.21
43318,C-713,Lleida,Fondo de inversión,Si,11549,0.21
43318,D-356,Lleida,Ahorros,Si,14690,0.21
43318,D-706,Lleida,Hipoteca,Si,3643,0.21
43318,D-453,Lleida,Cuenta corriente,No,12629,0.21
43319,A-619,Barcelona,Cuenta corriente,Si,2378,0.21
43319,D-835,Barcelona,Hipoteca,Si,14199,0.21
43319,A-602,Barcelona,Ahorros,Si,10805,0.21
43319,A-717,Barcelona,Fondo de inversión,No,7563,0.21
43319,D-933,Barcelona,Plan de jubilación,Si,6704,0.21
43319,B-176,Barcelona,Hipoteca,No,12558,0.21
43319,B-702,Gavà,Fondo de inversión,Si,14466,0.21
43319,D-968,Gavà,Cuenta corriente,Si,7150,0.21
43319,D-648,Tarragona,Ahorros,Si,7887,0.21
43319,B-467,Tarragona,Plan de jubilación,No,14302,0.21
43319,C-108,Girona,Ahorros,No,2473,0.21
43319,D-561,Girona,Hipoteca,Si,1073,0.21
43319,B-713,Girona,Ahorros,No,8460,0.21
43319,D-895,Girona,Ahorros,No,6009,0.21
43319,D-545,Lleida,Fondo de inversión,No,2330,0.21
43319,B-610,Lleida,Hipoteca,No,8160,0.21
43319,C-811,Lleida,Hipoteca,Si,2870,0.21
43319,D-101,Lleida,Hipoteca,No,5204,0.21
43319,B-904,Lleida,Hipoteca,Si,7646,0.21
43320,B-727,Barcelona,Hipoteca,Si,11883,0.21
43320,C-564,Barcelona,Fondo de inversión,Si,11246,0.21
43320,C-403,Barcelona,Fondo de inversión,Si,5724,0.21
43320,D-942,Barcelona,Fondo de inversión,Si,328,0.21
43320,D-128,Gavà,Fondo de inversión,Si,4185,0.21
43320,C-158,Gavà,Cuenta corriente,Si,6159,0.21
43320,C-438,Gavà,Hipoteca,No,14889,0.21
43320,B-545,Gavà,Plan de jubilación,No,7199,0.21
43320,A-924,Gavà,Ahorros,No,13383,0.21
43320,B-606,Gavà,Plan de jubilación,No,3643,0.21
43320,D-960,Tarragona,Fondo de inversión,Si,3443,0.21
43320,B-499,Tarragona,Cuenta corriente,Si,1739,0.21
43320,C-776,Tarragona,Plan de jubilación,Si,4715,0.21
43320,A-449,Tarragona,Ahorros,No,3453,0.21
43320,C-449,Tarragona,Fondo de inversión,No,5645,0.21
43320,C-857,Tarragona,Fondo de inversión,Si,1223,0.21
43320,D-935,Tarragona,Plan de jubilación,Si,5685,0.21
43320,C-853,Tarragona,Hipoteca,No,13041,0.21
43320,A-647,Girona,Cuenta corriente,Si,5894,0.21
43320,B-858,Girona,Hipoteca,No,3038,0.21
43320,A-667,Girona,Hipoteca,No,10293,0.21
43320,C-161,Lleida,Ahorros,Si,2628,0.21
43320,B-827,Lleida,Plan de jubilación,Si,12393,0.21
43320,A-575,Lleida,Ahorros,Si,12572,0.21
43320,B-975,Lleida,Ahorros,Si,6534,0.21
43320,A-524,Lleida,Fondo de inversión,Si,7419,0.21
43321,C-444,Barcelona,Cuenta corriente,Si,14908,0.21
43321,C-349,Barcelona,Cuenta corriente,No,7784,0.21
43321,B-875,Barcelona,Plan de jubilación,Si,1169,0.21
43321,C-520,Gavà,Plan de jubilación,No,14131,0.21
43321,A-759,Gavà,Plan de jubilación,No,13578,0.21
43321,A-945,Gavà,Plan de jubilación,No,2757,0.21
43321,C-766,Tarragona,Ahorros,No,1346,0.21
43321,A-451,Tarragona,Fondo de inversión,Si,7253,0.21
43321,D-150,Tarragona,Cuenta corriente,No,1493,0.21
43321,A-436,Tarragona,Ahorros,No,6573,0.21
43321,D-536,Girona,Ahorros,Si,10160,0.21
43321,A-156,Girona,Fondo de inversión,No,9058,0.21
43321,B-416,Girona,Plan de jubilación,No,1494,0.21
43321,C-693,Girona,Hipoteca,No,11405,0.21
43321,C-318,Girona,Hipoteca,Si,9528,0.21
43321,A-110,Girona,Hipoteca,No,4968,0.21
43321,B-322,Girona,Plan de jubilación,No,6486,0.21
43321,D-604,Girona,Cuenta corriente,No,9948,0.21
43321,B-628,Girona,Plan de jubilación,Si,13545,0.21
43321,A-178,Lleida,Hipoteca,No,11622,0.21
43321,D-408,Lleida,Ahorros,No,11790,0.21
43321,D-692,Lleida,Hipoteca,No,2903,0.21
43321,C-214,Lleida,Cuenta corriente,No,9905,0.21
43321,B-119,Lleida,Ahorros,Si,3422,0.21
43321,D-805,Lleida,Cuenta corriente,Si,10370,0.21
43321,A-606,Lleida,Cuenta corriente,Si,7119,0.21
43322,D-220,Barcelona,Fondo de inversión,Si,4440,0.21
43322,C-234,Barcelona,Ahorros,Si,1058,0.21
43322,A-307,Barcelona,Fondo de inversión,No,4057,0.21
43322,D-452,Barcelona,Ahorros,Si,7564,0.21
43322,C-493,Gavà,Cuenta corriente,Si,6319,0.21
43322,B-420,Gavà,Fondo de inversión,Si,14281,0.21
43322,C-668,Gavà,Hipoteca,Si,3178,0.21
43322,C-584,Tarragona,Ahorros,No,1124,0.21
43322,C-321,Tarragona,Cuenta corriente,No,7781,0.21
43322,D-859,Tarragona,Ahorros,No,1583,0.21
43322,C-109,Tarragona,Hipoteca,No,7220,0.21
43322,D-648,Girona,Ahorros,No,696,0.21
43322,B-131,Girona,Plan de jubilación,No,5717,0.21
43322,B-982,Girona,Ahorros,No,12958,0.21
43322,B-790,Girona,Hipoteca,Si,4250,0.21
43322,D-684,Girona,Plan de jubilación,No,4376,0.21
43322,C-524,Girona,Ahorros,No,4302,0.21
43322,D-938,Lleida,Ahorros,Si,11324,0.21
43323,D-258,Barcelona,Ahorros,No,9895,0.21
43323,D-509,Barcelona,Hipoteca,No,1872,0.21
43323,C-643,Barcelona,Hipoteca,No,10829,0.21
43323,C-119,Barcelona,Ahorros,Si,10063,0.21
43323,C-530,Barcelona,Fondo de inversión,No,7767,0.21
43323,C-136,Barcelona,Plan de jubilación,Si,3796,0.21
43323,A-230,Gavà,Ahorros,Si,2075,0.21
43323,D-224,Gavà,Ahorros,Si,7742,0.21
43323,C-103,Gavà,Plan de jubilación,No,625,0.21
43323,A-603,Tarragona,Fondo de inversión,Si,10209,0.21
43323,A-194,Tarragona,Hipoteca,No,12988,0.21
43323,D-575,Girona,Hipoteca,No,9563,0.21
43323,A-999,Girona,Hipoteca,No,11263,0.21
43323,B-291,Girona,Plan de jubilación,No,2223,0.21
43323,C-467,Girona,Fondo de inversión,Si,2219,0.21
43323,C-241,Girona,Ahorros,Si,10231,0.21
43323,B-291,Girona,Cuenta corriente,No,13650,0.21
43323,D-860,Lleida,Plan de jubilación,No,3626,0.21
43323,C-849,Lleida,Hipoteca,No,5177,0.21
43324,C-441,Barcelona,Fondo de inversión,No,8953,0.21
43324,B-104,Barcelona,Ahorros,No,4919,0.21
43324,D-578,Barcelona,Cuenta corriente,Si,134,0.21
43324,A-218,Gavà,Fondo de inversión,No,9454,0.21
43324,B-540,Gavà,Fondo de inversión,No,8788,0.21
43324,A-558,Gavà,Fondo de inversión,No,2640,0.21
43324,A-782,Gavà,Plan de jubilación,No,10776,0.21
43324,A-973,Tarragona,Fondo de inversión,Si,6428,0.21
43324,A-425,Tarragona,Ahorros,Si,13779,0.21
43324,D-785,Tarragona,Ahorros,Si,9287,0.21
43324,D-123,Tarragona,Cuenta corriente,Si,13910,0.21
43324,C-152,Tarragona,Cuenta corriente,No,905,0.21
43324,B-847,Tarragona,Hipoteca,Si,11841,0.21
43324,C-623,Tarragona,Ahorros,No,1397,0.21
43324,A-483,Girona,Cuenta corriente,Si,5153,0.21
43324,D-902,Girona,Hipoteca,No,3545,0.21
43324,C-634,Girona,Ahorros,Si,1292,0.21
43324,B-191,Lleida,Cuenta corriente,Si,350,0.21
43324,C-426,Lleida,Cuenta corriente,No,13610,0.21
43324,A-161,Lleida,Cuenta corriente,No,4651,0.21
43325,B-289,Barcelona,Hipoteca,No,4605,0.21
43325,A-340,Barcelona,Plan de jubilación,No,9779,0.21
43325,D-703,Barcelona,Plan de jubilación,No,4993,0.21
43325,B-731,Barcelona,Cuenta corriente,Si,7499,0.21
43325,A-362,Barcelona,Hipoteca,No,4260,0.21
43325,C-326,Barcelona,Hipoteca,Si,10433,0.21
43325,C-105,Barcelona,Cuenta corriente,Si,2960,0.21
43325,A-511,Gavà,Fondo de inversión,Si,5719,0.21
43325,C-439,Gavà,Hipoteca,No,9487,0.21
43325,A-200,Gavà,Fondo de inversión,No,9795,0.21
43325,A-597,Gavà,Hipoteca,Si,8403,0.21
43325,D-701,Tarragona,Plan de jubilación,Si,10936,0.21
43325,B-356,Tarragona,Fondo de inversión,Si,7191,0.21
43325,A-988,Tarragona,Cuenta corriente,No,12335,0.21
43325,D-921,Tarragona,Hipoteca,Si,10661,0.21
43325,D-289,Tarragona,Cuenta corriente,No,6355,0.21
43325,D-996,Girona,Hipoteca,Si,8228,0.21
43325,B-123,Girona,Cuenta corriente,Si,1346,0.21
43325,A-474,Girona,Hipoteca,No,9507,0.21
43325,D-429,Girona,Fondo de inversión,Si,10760,0.21
43325,D-171,Girona,Cuenta corriente,No,3710,0.21
43325,D-599,Lleida,Cuenta corriente,No,12773,0.21
43326,D-914,Gavà,Cuenta corriente,Si,492,0.21
43326,A-772,Gavà,Hipoteca,Si,14245,0.21
43326,A-509,Tarragona,Cuenta corriente,Si,14511,0.21
43326,A-969,Tarragona,Cuenta corriente,No,14754,0.21
43326,C-142,Tarragona,Fondo de inversión,Si,7733,0.21
43326,D-357,Tarragona,Plan de jubilación,Si,14218,0.21
43326,B-545,Tarragona,Plan de jubilación,No,9364,0.21
43326,C-897,Tarragona,Hipoteca,No,4040,0.21
43326,D-771,Tarragona,Hipoteca,No,4796,0.21
43326,D-832,Girona,Ahorros,No,7372,0.21
43326,B-117,Lleida,Ahorros,No,13317,0.21
43326,C-814,Lleida,Hipoteca,No,1345,0.21
43326,B-724,Lleida,Fondo de inversión,Si,11339,0.21
43326,C-407,Lleida,Hipoteca,No,11220,0.21
43327,B-257,Barcelona,Fondo de inversión,No,14883,0.21
43327,A-408,Barcelona,Cuenta corriente,Si,7060,0.21
43327,D-534,Barcelona,Hipoteca,No,12935,0.21
43327,A-830,Gavà,Hipoteca,No,279,0.21
43327,D-718,Gavà,Fondo de inversión,Si,807,0.21
43327,B-644,Tarragona,Cuenta corriente,Si,14474,0.21
43327,D-309,Tarragona,Fondo de inversión,No,7357,0.21
43327,B-922,Tarragona,Plan de jubilación,No,8743,0.21
43327,B-980,Tarragona,Hipoteca,Si,13359,0.21
43327,A-966,Tarragona,Hipoteca,No,2493,0.21
43327,B-638,Tarragona,Ahorros,No,7330,0.21
43327,D-251,Tarragona,Cuenta corriente,Si,11161,0.21
43327,B-292,Girona,Ahorros,No,14313,0.21
43327,A-325,Girona,Plan de jubilación,Si,5958,0.21
43327,C-468,Girona,Fondo de inversión,Si,8776,0.21
43327,B-500,Girona,Hipoteca,Si,1080,0.21
43327,A-736,Girona,Plan de jubilación,Si,3414,0.21
43327,C-862,Girona,Plan de jubilación,No,2202,0.21
43327,B-837,Girona,Plan de jubilación,No,12770,0.21
43327,C-900,Lleida,Fondo de inversión,Si,13746,0.21
43328,B-943,Barcelona,Ahorros,Si,5005,0.21
43328,C-793,Gavà,Hipoteca,Si,14730,0.21
43328,A-185,Gavà,Ahorros,No,3333,0.21
43328,A-252,Tarragona,Fondo de inversión,No,10036,0.21
43328,B-233,Tarragona,Ahorros,No,4143,0.21
43328,A-117,Tarragona,Hipoteca,Si,12477,0.21
43328,C-300,Tarragona,Hipoteca,Si,5058,0.21
43328,C-363,Tarragona,Plan de jubilación,Si,11990,0.21
43328,D-115,Girona,Ahorros,Si,9771,0.21
43328,B-587,Girona,Cuenta corriente,No,12817,0.21
43328,C-107,Girona,Cuenta corriente,Si,9303,0.21
43328,C-762,Girona,Ahorros,Si,558,0.21
43328,A-334,Girona,Plan de jubilación,No,12558,0.21
43328,D-709,Girona,Fondo de inversión,No,7618,0.21
43328,B-378,Lleida,Plan de jubilación,Si,6644,0.21
43328,D-684,Lleida,Cuenta corriente,Si,4122,0.21
43328,C-798,Lleida,Plan de jubilación,No,6171,0.21
43329,D-685,Barcelona,Hipoteca,No,13033,0.21
43329,B-744,Barcelona,Cuenta corriente,Si,14629,0.21
43329,B-991,Barcelona,Fondo de inversión,Si,12721,0.21
43329,A-530,Barcelona,Hipoteca,Si,10912,0.21
43329,B-904,Barcelona,Hipoteca,Si,7663,0.21
43329,D-855,Barcelona,Fondo de inversión,No,2393,0.21
43329,B-435,Gavà,Fondo de inversión,Si,9220,0.21
43329,D-692,Tarragona,Fondo de inversión,No,11149,0.21
43329,B-999,Tarragona,Ahorros,No,151,0.21
43329,A-597,Tarragona,Ahorros,No,1839,0.21
43329,A-630,Girona,Ahorros,No,8932,0.21
43329,C-341,Girona,Hipoteca,No,11942,0.21
43329,B-335,Girona,Ahorros,No,1513,0.21
43329,C-766,Girona,Ahorros,No,10950,0.21
43329,A-189,Girona,Ahorros,Si,10791,0.21
43329,C-567,Girona,Hipoteca,Si,888,0.21
43329,D-656,Lleida,Ahorros,Si,13384,0.21
43329,C-137,Lleida,Cuenta corriente,Si,12771,0.21
43329,A-885,Lleida,Hipoteca,No,13412,0.21
43329,D-327,Lleida,Plan de jubilación,Si,2359,0.21
43329,C-688,Lleida,Fondo de inversión,Si,4868,0.21
43330,C-575,Barcelona,Plan de jubilación,No,4679,0.21
43330,B-146,Barcelona,Hipoteca,Si,1048,0.21
43330,A-915,Barcelona,Plan de jubilación,Si,8061,0.21
43330,A-634,Gavà,Ahorros,No,14920,0.21
43330,A-483,Gavà,Cuenta corriente,Si,8691,0.21
43330,B-472,Tarragona,Hipoteca,Si,666,0.21
43330,C-512,Tarragona,Ahorros,Si,10379,0.21
43330,C-540,Tarragona,Ahorros,No,9538,0.21
43330,D-936,Tarragona,Fondo de inversión,Si,7967,0.21
43330,C-860,Girona,Hipoteca,No,10400,0.21
43330,B-887,Girona,Plan de jubilación,Si,3723,0.21
43330,D-933,Girona,Hipoteca,Si,5149,0.21
43330,B-680,Girona,Cuenta corriente,No,12144,0.21
43330,C-183,Girona,Fondo de inversión,Si,456,0.21
43330,D-710,Girona,Hipoteca,No,14466,0.21
43330,D-904,Girona,Fondo de inversión,Si,411,0.21
43330,D-701,Lleida,Cuenta corriente,No,7289,0.21
43330,A-206,Lleida,Fondo de inversión,Si,6717,0.21
43330,D-805,Lleida,Plan de jubilación,No,5822,0.21
43331,B-392,Barcelona,Hipoteca,No,11029,0.21
43331,B-579,Barcelona,Hipoteca,Si,248,0.21
43331,B-553,Gavà,Ahorros,No,6229,0.21
43331,D-179,Tarragona,Plan de jubilación,No,6222,0.21
43331,C-909,Tarragona,Hipoteca,No,12901,0.21
43331,B-592,Girona,Ahorros,No,2238,0.21
43331,B-377,Girona,Hipoteca,No,10942,0.21
43332,A-704,Barcelona,Plan de jubilación,Si,8638,0.21
43332,D-584,Barcelona,Plan de jubilación,Si,11943,0.21
43332,C-142,Gavà,Plan de jubilación,No,8588,0.21
43332,A-422,Tarragona,Ahorros,Si,12017,0.21
43332,C-807,Tarragona,Fondo de inversión,No,5241,0.21
43332,C-682,Tarragona,Fondo de inversión,Si,8777,0.21
43332,B-371,Tarragona,Ahorros,No,9174,0.21
43332,B-224,Girona,Cuenta corriente,No,10095,0.21
43332,A-130,Girona,Hipoteca,Si,9493,0.21
43332,C-747,Girona,Fondo de inversión,Si,1911,0.21
43332,B-577,Lleida,Plan de jubilación,Si,4666,0.21
43332,C-102,Lleida,Fondo de inversión,Si,9554,0.21
43332,B-207,Lleida,Plan de jubilación,Si,3522,0.21
43333,D-932,Barcelona,Fondo de inversión,No,7795,0.21
43333,A-913,Gavà,Fondo de inversión,No,11012,0.21
43333,A-715,Gavà,Hipoteca,Si,9023,0.21
43333,A-844,Gavà,Plan de jubilación,No,564,0.21
43333,A-140,Tarragona,Fondo de inversión,Si,12682,0.21
43333,B-752,Tarragona,Cuenta corriente,Si,2485,0.21
43333,B-639,Tarragona,Cuenta corriente,Si,13453,0.21
43333,B-453,Girona,Cuenta corriente,Si,4198,0.21
43333,C-837,Girona,Hipoteca,Si,10173,0.21
43333,D-855,Girona,Plan de jubilación,Si,13824,0.21
43333,D-351,Girona,Plan de jubilación,No,12955,0.21
43333,A-196,Lleida,Hipoteca,No,14578,0.21
43334,D-149,Barcelona,Plan de jubilación,Si,13341,0.21
43334,A-698,Barcelona,Plan de jubilación,No,179,0.21
43334,B-728,Barcelona,Ahorros,No,969,0.21
43334,D-426,Gavà,Hipoteca,No,9775,0.21
43334,A-369,Gavà,Fondo de inversión,No,9768,0.21
43334,C-537,Tarragona,Ahorros,No,1536,0.21
43334,B-967,Tarragona,Hipoteca,No,12662,0.21
43334,B-160,Girona,Fondo de inversión,No,14404,0.21
43334,A-388,Girona,Plan de jubilación,No,8239,0.21
43334,D-397,Girona,Plan de jubilación,No,11429,0.21
43334,A-236,Girona,Ahorros,Si,5662,0.21
43334,B-801,Lleida,Cuenta corriente,No,13614,0.21
43334,C-302,Lleida,Fondo de inversión,No,5533,0.21
43334,A-796,Lleida,Fondo de inversión,Si,633,0.21
43334,C-874,Lleida,Hipoteca,No,8211,0.21
43334,D-115,Lleida,Ahorros,No,7044,0.21
43334,A-788,Lleida,Plan de jubilación,Si,6911,0.21
43334,C-565,Lleida,Hipoteca,No,1335,0.21
43334,A-336,Lleida,Ahorros,Si,1707,0.21
43335,D-591,Barcelona,Hipoteca,No,12828,0.21
43335,C-559,Barcelona,Fondo de inversión,No,7262,0.21
43335,D-706,Barcelona,Hipoteca,No,1108,0.21
43335,A-424,Barcelona,Hipoteca,Si,4773,0.21
43335,A-646,Barcelona,Plan de jubilación,Si,2942,0.21
43335,D-970,Barcelona,Plan de jubilación,No,7453,0.21
43335,A-540,Barcelona,Cuenta corriente,Si,1138,0.21
43335,B-404,Gavà,Cuenta corriente,Si,9091,0.21
43335,C-989,Gavà,Ahorros,Si,119,0.21
43335,D-882,Gavà,Hipoteca,No,10385,0.21
43335,C-471,Tarragona,Ahorros,No,332,0.21
43335,C-869,Tarragona,Plan de jubilación,Si,3236,0.21
43335,B-626,Tarragona,Plan de jubilación,No,14646,0.21
43335,D-327,Tarragona,Cuenta corriente,Si,269,0.21
43335,D-665,Tarragona,Cuenta corriente,Si,14604,0.21
43335,B-811,Girona,Fondo de inversión,Si,218,0.21
43335,A-165,Girona,Cuenta corriente,Si,7337,0.21
43335,C-562,Lleida,Ahorros,No,1164,0.21
43335,C-815,Lleida,Hipoteca,Si,13500,0.21
43336,B-397,Barcelona,Cuenta corriente,No,3114,0.21
43336,D-298,Barcelona,Fondo de inversión,Si,2358,0.21
43336,A-467,Barcelona,Ahorros,Si,3912,0.21
43336,A-883,Barcelona,Hipoteca,Si,14547,0.21
43336,B-375,Gavà,Hipoteca,Si,431,0.21
43336,D-780,Gavà,Fondo de inversión,No,6453,0.21
43336,D-307,Gavà,Plan de jubilación,Si,7840,0.21
43336,C-568,Gavà,Fondo de inversión,Si,11800,0.21
43336,D-105,Gavà,Fondo de inversión,Si,13957,0.21
43336,A-366,Gavà,Cuenta corriente,No,7480,0.21
43336,D-672,Tarragona,Fondo de inversión,No,3420,0.21
43336,A-629,Tarragona,Fondo de inversión,Si,3127,0.21
43336,D-637,Tarragona,Fondo de inversión,Si,2993,0.21
43336,C-114,Tarragona,Fondo de inversión,Si,9011,0.21
43336,C-138,Tarragona,Hipoteca,Si,7154,0.21
43336,C-661,Girona,Fondo de inversión,No,9926,0.21
43336,B-949,Girona,Plan de jubilación,No,7726,0.21
43336,B-732,Girona,Ahorros,No,5103,0.21
43336,B-756,Girona,Hipoteca,Si,9706,0.21
43336,C-523,Lleida,Cuenta corriente,No,10411,0.21
43336,B-869,Lleida,Plan de jubilación,Si,8168,0.21
43336,D-738,Lleida,Plan de jubilación,Si,280,0.21
43337,C-492,Barcelona,Fondo de inversión,Si,8582,0.21
43337,A-404,Barcelona,Ahorros,No,3483,0.21
43337,C-433,Barcelona,Hipoteca,Si,4573,0.21
43337,B-448,Barcelona,Ahorros,Si,391,0.21
43337,A-480,Gavà,Hipoteca,Si,9578,0.21
43337,C-723,Gavà,Ahorros,Si,1891,0.21
43337,C-930,Gavà,Hipoteca,Si,9802,0.21
43337,D-383,Gavà,Ahorros,No,1217,0.21
43337,B-104,Tarragona,Plan de jubilación,Si,6242,0.21
43337,D-197,Tarragona,Plan de jubilación,Si,14560,0.21
43337,C-295,Girona,Plan de jubilación,No,9408,0.21
43337,B-741,Girona,Ahorros,No,4427,0.21
43337,A-193,Girona,Plan de jubilación,Si,1790,0.21
43337,B-971,Lleida,Fondo de inversión,Si,10337,0.21
43337,A-293,Lleida,Hipoteca,No,6721,0.21
43337,D-382,Lleida,Fondo de inversión,No,1202,0.21
43337,A-944,Lleida,Cuenta corriente,Si,13724,0.21
43337,D-248,Lleida,Plan de jubilación,Si,4277,0.21
43337,D-184,Lleida,Plan de jubilación,No,3731,0.21
43338,D-309,Barcelona,Cuenta corriente,No,2706,0.21
43338,D-362,Barcelona,Fondo de inversión,No,14726,0.21
43338,C-874,Barcelona,Fondo de inversión,Si,1024,0.21
43338,B-845,Barcelona,Plan de jubilación,No,9302,0.21
43338,B-526,Gavà,Fondo de inversión,Si,259,0.21
43338,B-114,Gavà,Hipoteca,Si,8773,0.21
43338,C-105,Gavà,Hipoteca,No,12862,0.21
43338,A-937,Gavà,Plan de jubilación,Si,10948,0.21
43338,C-850,Tarragona,Hipoteca,Si,13467,0.21
43338,A-948,Tarragona,Plan de jubilación,Si,4972,0.21
43338,A-365,Tarragona,Fondo de inversión,No,8629,0.21
43338,D-687,Tarragona,Ahorros,No,8173,0.21
43338,A-847,Girona,Plan de jubilación,Si,14209,0.21
43338,D-852,Girona,Hipoteca,No,6282,0.21
43338,C-870,Girona,Hipoteca,Si,10253,0.21
43338,C-714,Girona,Ahorros,No,13780,0.21
43338,C-662,Lleida,Plan de jubilación,Si,6627,0.21
43338,A-840,Lleida,Hipoteca,Si,12297,0.21
43338,D-398,Lleida,Fondo de inversión,Si,6060,0.21
43338,B-187,Lleida,Plan de jubilación,No,7768,0.21
43339,C-127,Barcelona,Fondo de inversión,Si,12306,0.21
43339,D-803,Barcelona,Cuenta corriente,Si,2121,0.21
43339,A-742,Barcelona,Ahorros,No,6328,0.21
43339,C-289,Barcelona,Plan de jubilación,No,12427,0.21
43339,D-405,Gavà,Fondo de inversión,No,12870,0.21
43339,C-933,Gavà,Cuenta corriente,Si,14194,0.21
43339,C-658,Gavà,Ahorros,Si,1689,0.21
43339,A-503,Tarragona,Ahorros,No,12591,0.21
43339,B-580,Tarragona,Plan de jubilación,Si,7731,0.21
43339,C-446,Tarragona,Fondo de inversión,Si,13527,0.21
43339,D-941,Tarragona,Hipoteca,No,500,0.21
43339,C-212,Girona,Hipoteca,Si,6733,0.21
43339,A-123,Lleida,Cuenta corriente,Si,9555,0.21
43339,D-244,Lleida,Ahorros,Si,7762,0.21
43339,D-946,Lleida,Fondo de inversión,Si,10972,0.21
43339,B-816,Lleida,Ahorros,No,13929,0.21
43339,B-997,Lleida,Cuenta corriente,Si,12208,0.21
43339,C-706,Lleida,Plan de jubilación,No,2031,0.21
43339,D-197,Lleida,Plan de jubilación,Si,2263,0.21
43339,B-712,Lleida,Cuenta corriente,No,14783,0.21
43340,C-984,Barcelona,Fondo de inversión,Si,6541,0.21
43340,B-318,Barcelona,Cuenta corriente,No,12350,0.21
43340,B-421,Barcelona,Ahorros,Si,9479,0.21
43340,B-113,Barcelona,Hipoteca,Si,11510,0.21
43340,B-469,Gavà,Plan de jubilación,No,11364,0.21
43340,D-196,Gavà,Plan de jubilación,No,1594,0.21
43340,D-676,Gavà,Plan de jubilación,No,7753,0.21
43340,B-778,Tarragona,Fondo de inversión,Si,11059,0.21
43340,C-275,Tarragona,Hipoteca,No,5358,0.21
43340,C-935,Tarragona,Ahorros,Si,7778,0.21
43340,A-530,Tarragona,Cuenta corriente,No,3139,0.21
43340,A-422,Tarragona,Cuenta corriente,Si,2145,0.21
43340,D-476,Tarragona,Cuenta corriente,Si,9671,0.21
43340,B-966,Tarragona,Fondo de inversión,Si,8581,0.21
43340,A-683,Girona,Ahorros,No,7301,0.21
43340,A-647,Girona,Hipoteca,No,1115,0.21
43340,D-111,Girona,Plan de jubilación,Si,14171,0.21
43340,C-974,Girona,Cuenta corriente,No,1334,0.21
43340,D-733,Girona,Fondo de inversión,No,7659,0.21
43340,B-480,Girona,Fondo de inversión,Si,11887,0.21
43340,C-415,Girona,Cuenta corriente,No,9996,0.21
43340,D-306,Lleida,Hipoteca,No,4166,0.21
43340,D-411,Lleida,Hipoteca,Si,12233,0.21
43340,A-330,Lleida,Cuenta corriente,Si,981,0.21
43340,D-267,Lleida,Hipoteca,No,3030,0.21
43340,D-366,Lleida,Hipoteca,Si,11371,0.21
43340,C-198,Lleida,Ahorros,Si,10287,0.21
43340,A-573,Lleida,Hipoteca,No,2020,0.21
43341,A-121,Barcelona,Ahorros,No,8370,0.21
43341,D-613,Barcelona,Plan de jubilación,No,908,0.21
43341,B-813,Barcelona,Cuenta corriente,No,11893,0.21
43341,C-714,Gavà,Ahorros,No,14277,0.21
43341,A-132,Gavà,Ahorros,Si,12938,0.21
43341,A-111,Gavà,Plan de jubilación,No,9170,0.21
43341,C-607,Gavà,Fondo de inversión,Si,10997,0.21
43341,A-484,Gavà,Hipoteca,No,14988,0.21
43341,B-452,Tarragona,Ahorros,Si,4146,0.21
43341,B-656,Tarragona,Plan de jubilación,Si,909,0.21
43341,D-235,Tarragona,Ahorros,No,7796,0.21
43341,A-270,Girona,Ahorros,No,6336,0.21
43341,A-239,Girona,Cuenta corriente,No,11347,0.21
43341,B-789,Girona,Hipoteca,No,10662,0.21
43341,D-894,Girona,Hipoteca,No,11953,0.21
43341,C-139,Girona,Fondo de inversión,Si,14785,0.21
43341,A-579,Girona,Ahorros,Si,8578,0.21
43342,C-643,Barcelona,Cuenta corriente,Si,13495,0.21
43342,A-771,Barcelona,Hipoteca,Si,6482,0.21
43342,C-859,Barcelona,Ahorros,No,11751,0.21
43342,B-410,Barcelona,Ahorros,No,2177,0.21
43342,B-577,Gavà,Ahorros,No,9801,0.21
43342,B-968,Gavà,Fondo de inversión,Si,9545,0.21
43342,D-866,Gavà,Hipoteca,No,11708,0.21
43342,B-620,Gavà,Ahorros,Si,12098,0.21
43342,A-414,Tarragona,Cuenta corriente,No,9962,0.21
43342,A-783,Tarragona,Hipoteca,No,14360,0.21
43342,D-825,Tarragona,Plan de jubilación,No,6659,0.21
43342,B-451,Tarragona,Cuenta corriente,Si,13676,0.21
43342,A-725,Girona,Ahorros,No,14159,0.21
43342,B-508,Lleida,Fondo de inversión,Si,14000,0.21
43342,B-999,Lleida,Fondo de inversión,Si,10295,0.21
43342,C-146,Lleida,Cuenta corriente,Si,6177,0.21
43343,C-515,Barcelona,Fondo de inversión,No,14093,0.21
43343,A-375,Barcelona,Hipoteca,No,9926,0.21
43343,C-478,Barcelona,Cuenta corriente,Si,4983,0.21
43343,A-812,Gavà,Ahorros,No,14563,0.21
43343,A-960,Gavà,Fondo de inversión,Si,1592,0.21
43343,B-639,Gavà,Cuenta corriente,No,6387,0.21
43343,C-607,Gavà,Hipoteca,Si,1488,0.21
43343,C-177,Gavà,Cuenta corriente,No,11502,0.21
43343,B-887,Gavà,Cuenta corriente,Si,3451,0.21
43343,B-919,Gavà,Ahorros,No,4438,0.21
43343,B-675,Gavà,Cuenta corriente,Si,12836,0.21
43343,C-782,Gavà,Ahorros,Si,13721,0.21
43343,D-882,Tarragona,Plan de jubilación,No,9555,0.21
43343,C-488,Tarragona,Fondo de inversión,Si,7033,0.21
43343,C-771,Tarragona,Fondo de inversión,No,11835,0.21
43343,B-316,Tarragona,Fondo de inversión,Si,1240,0.21
43343,C-675,Tarragona,Plan de jubilación,Si,14440,0.21
43343,D-531,Tarragona,Plan de jubilación,No,7530,0.21
43343,C-379,Tarragona,Plan de jubilación,Si,890,0.21
43343,C-530,Tarragona,Fondo de inversión,No,12702,0.21
43343,B-304,Girona,Fondo de inversión,Si,12866,0.21
43343,C-795,Girona,Plan de jubilación,Si,9765,0.21
43343,D-437,Girona,Hipoteca,No,9090,0.21
43343,A-190,Girona,Fondo de inversión,No,12927,0.21
43343,D-252,Lleida,Fondo de inversión,No,777,0.21
43343,D-975,Lleida,Ahorros,No,10094,0.21
43343,B-563,Lleida,Hipoteca,No,9014,0.21
43343,A-544,Lleida,Ahorros,No,1644,0.21
43343,D-344,Lleida,Ahorros,No,3784,0.21
43343,B-442,Lleida,Hipoteca,Si,4439,0.21
43343,B-334,Lleida,Plan de jubilación,Si,12747,0.21
43344,B-337,Barcelona,Hipoteca,Si,1716,0.21
43344,B-111,Barcelona,Fondo de inversión,No,6884,0.21
43344,A-899,Barcelona,Ahorros,Si,11545,0.21
43344,B-284,Gavà,Cuenta corriente,Si,13487,0.21
43344,B-132,Gavà,Plan de jubilación,Si,6705,0.21
43344,B-240,Gavà,Ahorros,No,14649,0.21
43344,B-301,Gavà,Ahorros,No,8398,0.21
43344,D-117,Gavà,Cuenta corriente,Si,2865,0.21
43344,A-624,Gavà,Plan de jubilación,No,6823,0.21
43344,A-857,Tarragona,Fondo de inversión,No,4904,0.21
43344,A-345,Tarragona,Hipoteca,Si,2203,0.21
43344,B-284,Tarragona,Hipoteca,Si,14336,0.21
43344,A-880,Tarragona,Plan de jubilación,No,4460,0.21
43344,B-155,Girona,Fondo de inversión,No,1294,0.21
43344,A-540,Girona,Ahorros,Si,5930,0.21
43344,C-960,Girona,Hipoteca,No,6536,0.21
43344,D-421,Girona,Plan de jubilación,No,3097,0.21
43344,D-848,Lleida,Fondo de inversión,No,8577,0.21
43344,A-959,Lleida,Cuenta corriente,Si,13638,0.21
43344,A-940,Lleida,Plan de jubilación,No,9735,0.21
43344,A-407,Lleida,Plan de jubilación,Si,11527,0.21
43345,C-898,Barcelona,Ahorros,Si,13054,0.21
43345,C-131,Barcelona,Fondo de inversión,No,4570,0.21
43345,C-223,Gavà,Ahorros,No,3234,0.21
43345,C-911,Gavà,Cuenta corriente,No,3270,0.21
43345,A-133,Tarragona,Cuenta corriente,No,9028,0.21
43345,C-121,Girona,Fondo de inversión,No,7408,0.21
43345,D-333,Girona,Cuenta corriente,Si,6099,0.21
43345,C-440,Lleida,Ahorros,Si,5842,0.21
43345,C-248,Lleida,Fondo de inversión,No,3800,0.21
43345,B-151,Lleida,Hipoteca,No,2733,0.21
43345,A-822,Lleida,Ahorros,No,14048,0.21
43345,B-370,Lleida,Hipoteca,Si,9416,0.21
43345,A-398,Lleida,Hipoteca,Si,14904,0.21
43346,B-865,Barcelona,Cuenta corriente,No,4357,0.21
43346,C-341,Barcelona,Ahorros,Si,171,0.21
43346,B-226,Barcelona,Cuenta corriente,Si,3191,0.21
43346,B-980,Barcelona,Ahorros,No,7240,0.21
43346,B-465,Barcelona,Cuenta corriente,No,11813,0.21
43346,B-589,Barcelona,Ahorros,Si,8836,0.21
43346,A-684,Gavà,Ahorros,No,12370,0.21
43346,D-676,Gavà,Fondo de inversión,No,4568,0.21
43346,A-851,Gavà,Hipoteca,Si,13099,0.21
43346,C-929,Gavà,Plan de jubilación,Si,5633,0.21
43346,C-252,Gavà,Hipoteca,Si,6093,0.21
43346,A-990,Gavà,Hipoteca,Si,5303,0.21
43346,D-468,Gavà,Cuenta corriente,No,1988,0.21
43346,C-324,Gavà,Cuenta corriente,Si,13386,0.21
43346,C-709,Tarragona,Hipoteca,No,8396,0.21
43346,B-590,Tarragona,Cuenta corriente,No,12778,0.21
43346,B-833,Tarragona,Hipoteca,No,5460,0.21
43346,C-579,Girona,Cuenta corriente,Si,4383,0.21
43346,B-544,Lleida,Fondo de inversión,No,8809,0.21
43346,D-922,Lleida,Cuenta corriente,No,9727,0.21
43346,A-673,Lleida,Cuenta corriente,No,11535,0.21
43346,D-827,Lleida,Ahorros,No,12011,0.21
43346,A-622,Lleida,Hipoteca,Si,13884,0.21
43347,D-900,Barcelona,Cuenta corriente,Si,14815,0.21
43347,B-972,Gavà,Plan de jubilación,No,1780,0.21
43347,D-731,Gavà,Cuenta corriente,Si,10087,0.21
43347,A-128,Gavà,Plan de jubilación,Si,2116,0.21
43347,C-215,Gavà,Plan de jubilación,Si,7290,0.21
43347,D-149,Gavà,Hipoteca,Si,12536,0.21
43347,A-454,Gavà,Ahorros,Si,2857,0.21
43347,A-775,Gavà,Plan de jubilación,Si,8252,0.21
43347,C-676,Tarragona,Fondo de inversión,Si,4392,0.21
43347,B-404,Tarragona,Cuenta corriente,Si,5726,0.21
43347,D-858,Girona,Cuenta corriente,Si,8430,0.21
43347,B-724,Girona,Plan de jubilación,Si,2340,0.21
43347,A-822,Girona,Hipoteca,No,12470,0.21
43347,A-228,Girona,Cuenta corriente,No,9193,0.21
43347,B-333,Girona,Cuenta corriente,No,13071,0.21
43347,D-972,Girona,Cuenta corriente,Si,9060,0.21
43347,C-642,Girona,Ahorros,No,10829,0.21
43347,B-966,Girona,Hipoteca,No,582,0.21
43347,D-147,Girona,Fondo de inversión,No,3954,0.21
43347,D-568,Lleida,Ahorros,No,6045,0.21
43348,A-902,Barcelona,Plan de jubilación,Si,10282,0.21
43348,D-781,Barcelona,Fondo de inversión,Si,11633,0.21
43348,C-667,Barcelona,Hipoteca,No,10313,0.21
43348,D-867,Gavà,Hipoteca,No,12722,0.21
43348,B-739,Gavà,Plan de jubilación,Si,10054,0.21
43348,A-714,Gavà,Ahorros,No,2845,0.21
43348,D-694,Gavà,Plan de jubilación,Si,8322,0.21
43348,C-824,Gavà,Hipoteca,No,7587,0.21
43348,C-422,Tarragona,Hipoteca,Si,9526,0.21
43348,D-240,Tarragona,Cuenta corriente,Si,4624,0.21
43348,D-949,Tarragona,Plan de jubilación,No,5126,0.21
43348,C-379,Girona,Hipoteca,No,6255,0.21
43348,C-176,Girona,Fondo de inversión,Si,4543,0.21
43348,A-271,Girona,Plan de jubilación,Si,8083,0.21
43348,A-254,Girona,Fondo de inversión,No,10315,0.21
43348,C-813,Girona,Hipoteca,Si,9673,0.21
43348,C-328,Girona,Cuenta corriente,No,5267,0.21
43348,A-583,Lleida,Ahorros,No,14636,0.21
43348,C-319,Lleida,Hipoteca,No,1617,0.21
43348,D-307,Lleida,Plan de jubilación,No,6323,0.21
43349,C-508,Barcelona,Cuenta corriente,Si,5862,0.21
43349,A-594,Barcelona,Plan de jubilación,Si,11089,0.21
43349,D-909,Barcelona,Fondo de inversión,Si,2558,0.21
43349,A-196,Gavà,Hipoteca,Si,3104,0.21
43349,C-771,Tarragona,Plan de jubilación,Si,12781,0.21
43349,C-456,Girona,Ahorros,No,5261,0.21
43349,C-193,Girona,Hipoteca,No,13522,0.21
43349,A-356,Girona,Ahorros,No,6381,0.21
43349,C-208,Lleida,Cuenta corriente,No,4882,0.21
43349,A-476,Lleida,Plan de jubilación,No,3337,0.21
43349,D-410,Lleida,Cuenta corriente,No,2699,0.21
43349,D-211,Lleida,Hipoteca,No,10406,0.21
43349,C-634,Lleida,Plan de jubilación,No,7063,0.21
43350,B-698,Barcelona,Fondo de inversión,No,12682,0.21
43350,D-974,Barcelona,Fondo de inversión,No,10774,0.21
43350,C-911,Gavà,Plan de jubilación,Si,11113,0.21
43350,D-323,Gavà,Ahorros,Si,3814,0.21
43350,D-233,Tarragona,Fondo de inversión,No,10242,0.21
43350,A-764,Tarragona,Plan de jubilación,No,8919,0.21
43350,A-167,Tarragona,Fondo de inversión,No,14778,0.21
43350,D-682,Girona,Hipoteca,No,4016,0.21
43350,D-593,Girona,Plan de jubilación,Si,14604,0.21
43350,D-268,Lleida,Cuenta corriente,Si,10159,0.21
43350,B-212,Lleida,Plan de jubilación,No,7059,0.21
43350,A-712,Lleida,Hipoteca,No,7267,0.21
43350,C-727,Lleida,Plan de jubilación,No,3865,0.21
43350,D-927,Lleida,Ahorros,No,1643,0.21
43350,C-395,Lleida,Plan de jubilación,Si,159,0.21
43350,C-485,Lleida,Hipoteca,Si,14182,0.21
43350,B-677,Lleida,Hipoteca,Si,12482,0.21
43351,A-858,Gavà,Cuenta corriente,No,7647,0.21
43351,B-268,Gavà,Ahorros,No,8233,0.21
43351,D-487,Gavà,Hipoteca,No,8681,0.21
43351,C-343,Gavà,Hipoteca,No,9661,0.21
43351,C-674,Gavà,Cuenta corriente,No,13362,0.21
43351,B-361,Tarragona,Cuenta corriente,No,7109,0.21
43351,B-622,Tarragona,Hipoteca,Si,1906,0.21
43351,C-913,Tarragona,Plan de jubilación,No,9874,0.21
43351,B-833,Tarragona,Ahorros,Si,5764,0.21
43351,D-799,Tarragona,Fondo de inversión,Si,3900,0.21
43351,A-955,Tarragona,Plan de jubilación,No,6315,0.21
43351,C-807,Tarragona,Plan de jubilación,No,8652,0.21
43351,B-520,Girona,Fondo de inversión,No,12162,0.21
43351,C-632,Girona,Hipoteca,Si,12092,0.21
43351,B-868,Girona,Plan de jubilación,Si,386,0.21
43351,A-673,Girona,Fondo de inversión,No,10927,0.21
43351,A-689,Girona,Fondo de inversión,Si,11710,0.21
43351,A-327,Girona,Plan de jubilación,Si,4226,0.21
43351,D-882,Girona,Hipoteca,Si,3165,0.21
43351,D-170,Lleida,Hipoteca,No,9123,0.21
43351,D-264,Lleida,Plan de jubilación,Si,7813,0.21
43351,B-193,Lleida,Fondo de inversión,Si,11963,0.21
43351,D-138,Lleida,Ahorros,Si,12184,0.21
43351,A-359,Lleida,Hipoteca,Si,14949,0.21
43352,B-575,Barcelona,Cuenta corriente,No,10627,0.21
43352,C-418,Barcelona,Ahorros,Si,10358,0.21
43352,D-849,Gavà,Cuenta corriente,No,10692,0.21
43352,B-975,Gavà,Cuenta corriente,No,11337,0.21
43352,D-720,Gavà,Fondo de inversión,Si,6394,0.21
43352,A-369,Gavà,Plan de jubilación,Si,405,0.21
43352,B-587,Gavà,Plan de jubilación,No,1545,0.21
43352,B-811,Tarragona,Hipoteca,Si,13179,0.21
43352,C-813,Tarragona,Cuenta corriente,No,12431,0.21
43352,B-180,Girona,Plan de jubilación,Si,13196,0.21
43352,B-412,Girona,Ahorros,Si,7584,0.21
43353,D-729,Barcelona,Ahorros,No,1075,0.21
43353,D-128,Barcelona,Ahorros,No,9646,0.21
43353,B-486,Barcelona,Cuenta corriente,Si,11592,0.21
43353,B-106,Gavà,Cuenta corriente,Si,14195,0.21
43353,C-555,Gavà,Ahorros,No,7614,0.21
43353,D-592,Gavà,Plan de jubilación,No,5591,0.21
43353,D-179,Gavà,Plan de jubilación,Si,4824,0.21
43353,D-647,Tarragona,Hipoteca,No,7675,0.21
43353,B-898,Girona,Ahorros,No,6723,0.21
43353,B-218,Girona,Hipoteca,No,6790,0.21
43353,D-865,Girona,Fondo de inversión,Si,9137,0.21
43353,C-108,Girona,Ahorros,No,10222,0.21
43353,B-930,Lleida,Hipoteca,No,9255,0.21
43353,D-825,Lleida,Fondo de inversión,Si,11796,0.21
43353,D-251,Lleida,Plan de jubilación,Si,10638,0.21
43354,B-889,Barcelona,Cuenta corriente,Si,651,0.21
43354,B-217,Barcelona,Cuenta corriente,Si,14579,0.21
43354,D-900,Barcelona,Fondo de inversión,No,8746,0.21
43354,D-849,Barcelona,Cuenta corriente,Si,5570,0.21
43354,C-824,Gavà,Plan de jubilación,No,586,0.21
43354,C-554,Gavà,Hipoteca,No,4952,0.21
43354,D-547,Gavà,Ahorros,No,5663,0.21
43354,A-354,Tarragona,Hipoteca,No,14017,0.21
43354,D-987,Tarragona,Plan de jubilación,No,14015,0.21
43354,C-650,Tarragona,Cuenta corriente,Si,4234,0.21
43354,A-485,Girona,Fondo de inversión,No,11246,0.21
43354,B-730,Lleida,Ahorros,No,9748,0.21
43354,A-570,Lleida,Ahorros,Si,7087,0.21
43354,D-209,Lleida,Plan de jubilación,No,10962,0.21
43354,D-368,Lleida,Ahorros,No,7769,0.21
43354,D-132,Lleida,Plan de jubilación,Si,1819,0.21
43355,C-949,Barcelona,Hipoteca,No,526,0.21
43355,B-575,Barcelona,Ahorros,Si,9179,0.21
43355,C-492,Barcelona,Cuenta corriente,No,2668,0.21
43355,A-739,Barcelona,Plan de jubilación,No,5533,0.21
43355,B-539,Barcelona,Ahorros,Si,12180,0.21
43355,D-799,Barcelona,Fondo de inversión,No,1795,0.21
43355,C-906,Gavà,Ahorros,No,8167,0.21
43355,D-297,Gavà,Cuenta corriente,Si,3951,0.21
43355,A-358,Gavà,Plan de jubilación,Si,2681,0.21
43355,D-379,Gavà,Cuenta corriente,No,9143,0.21
43355,D-666,Tarragona,Ahorros,Si,11797,0.21
43355,B-895,Tarragona,Hipoteca,No,3030,0.21
43355,B-413,Tarragona,Hipoteca,Si,4886,0.21
43355,A-510,Tarragona,Fondo de inversión,Si,2889,0.21
43355,C-325,Tarragona,Hipoteca,No,9971,0.21
43355,B-511,Tarragona,Hipoteca,No,8313,0.21
43355,B-655,Girona,Cuenta corriente,No,1622,0.21
43355,C-868,Girona,Hipoteca,Si,12490,0.21
43355,D-749,Girona,Ahorros,No,9392,0.21
43355,B-546,Girona,Ahorros,Si,6058,0.21
43355,C-919,Lleida,Cuenta corriente,No,9214,0.21
43355,B-170,Lleida,Ahorros,No,364,0.21
43356,B-276,Barcelona,Fondo de inversión,No,7914,0.21
43356,B-656,Barcelona,Cuenta corriente,Si,163,0.21
43356,B-350,Barcelona,Cuenta corriente,Si,13879,0.21
43356,C-952,Barcelona,Plan de jubilación,No,13950,0.21
43356,C-627,Gavà,Cuenta corriente,Si,8745,0.21
43356,D-210,Gavà,Hipoteca,Si,12026,0.21
43356,D-540,Gavà,Plan de jubilación,No,6090,0.21
43356,B-685,Gavà,Cuenta corriente,Si,11477,0.21
43356,B-219,Tarragona,Cuenta corriente,Si,8830,0.21
43356,D-250,Tarragona,Plan de jubilación,No,13070,0.21
43356,B-265,Girona,Hipoteca,Si,14301,0.21
43356,A-360,Girona,Plan de jubilación,No,11158,0.21
43356,A-355,Girona,Fondo de inversión,No,1074,0.21
43356,C-287,Girona,Ahorros,Si,14556,0.21
43356,B-557,Girona,Cuenta corriente,Si,10818,0.21
43356,C-713,Girona,Cuenta corriente,Si,13189,0.21
43356,C-262,Lleida,Plan de jubilación,Si,1669,0.21
43356,A-930,Lleida,Cuenta corriente,No,626,0.21
43356,B-809,Lleida,Plan de jubilación,Si,12682,0.21
43356,B-238,Lleida,Ahorros,Si,6751,0.21
43356,D-505,Lleida,Ahorros,Si,4893,0.21
43356,C-314,Lleida,Ahorros,Si,6472,0.21
43357,A-256,Barcelona,Fondo de inversión,Si,12086,0.21
43357,A-809,Gavà,Hipoteca,Si,742,0.21
43357,D-427,Gavà,Hipoteca,Si,13520,0.21
43357,B-694,Gavà,Plan de jubilación,Si,1906,0.21
43357,D-647,Tarragona,Hipoteca,Si,3578,0.21
43357,C-390,Tarragona,Ahorros,No,12599,0.21
43357,B-684,Tarragona,Ahorros,No,2651,0.21
43357,B-157,Girona,Plan de jubilación,No,12354,0.21
43357,A-629,Girona,Hipoteca,Si,9028,0.21
43357,C-332,Lleida,Ahorros,No,9445,0.21
43357,C-299,Lleida,Ahorros,No,13059,0.21
43358,C-415,Barcelona,Hipoteca,Si,14190,0.21
43358,C-740,Barcelona,Plan de jubilación,No,12486,0.21
43358,B-200,Barcelona,Hipoteca,Si,7720,0.21
43358,A-338,Barcelona,Plan de jubilación,Si,9313,0.21
43358,C-626,Barcelona,Ahorros,Si,11599,0.21
43358,B-312,Barcelona,Plan de jubilación,Si,13891,0.21
43358,B-912,Gavà,Fondo de inversión,No,11002,0.21
43358,D-640,Gavà,Fondo de inversión,No,8201,0.21
43358,B-347,Gavà,Fondo de inversión,Si,12277,0.21
43358,B-407,Tarragona,Hipoteca,No,11457,0.21
43358,D-656,Tarragona,Ahorros,No,4167,0.21
43358,B-971,Tarragona,Fondo de inversión,Si,5967,0.21
43358,B-780,Tarragona,Plan de jubilación,Si,10923,0.21
43358,B-322,Tarragona,Hipoteca,Si,7086,0.21
43358,D-755,Girona,Hipoteca,Si,7557,0.21
43358,C-728,Lleida,Cuenta corriente,No,11665,0.21
43358,D-816,Lleida,Ahorros,Si,2594,0.21
43358,C-324,Lleida,Plan de jubilación,No,1857,0.21
43358,A-711,Lleida,Cuenta corriente,No,12903,0.21
43358,A-832,Lleida,Fondo de inversión,Si,8576,0.21
43359,D-199,Barcelona,Hipoteca,Si,11560,0.21
43359,B-269,Barcelona,Ahorros,Si,14786,0.21
43359,B-483,Barcelona,Fondo de inversión,Si,1496,0.21
43359,B-254,Barcelona,Hipoteca,Si,2401,0.21
43359,B-488,Barcelona,Ahorros,No,13089,0.21
43359,D-517,Gavà,Ahorros,No,1437,0.21
43359,C-850,Gavà,Hipoteca,No,6900,0.21
43359,A-588,Gavà,Plan de jubilación,No,11806,0.21
43359,B-582,Tarragona,Cuenta corriente,Si,10818,0.21
43359,D-811,Tarragona,Ahorros,No,3268,0.21
43359,D-248,Girona,Plan de jubilación,No,425,0.21
43359,A-221,Girona,Fondo de inversión,No,2167,0.21
43359,C-154,Girona,Ahorros,Si,2896,0.21
43359,B-876,Girona,Ahorros,Si,11926,0.21
43359,C-432,Girona,Plan de jubilación,No,3335,0.21
43359,A-499,Girona,Fondo de inversión,Si,9636,0.21
43359,A-274,Girona,Ahorros,No,1288,0.21
43359,B-474,Girona,Hipoteca,No,2697,0.21
43359,A-801,Girona,Cuenta corriente,Si,3356,0.21
43359,B-604,Lleida,Ahorros,No,11785,0.21
43359,B-736,Lleida,Cuenta corriente,No,4148,0.21
43359,B-382,Lleida,Cuenta corriente,Si,11737,0.21
43360,C-347,Barcelona,Plan de jubilación,Si,12805,0.21
43360,C-898,Barcelona,Ahorros,No,1883,0.21
43360,B-280,Barcelona,Ahorros,No,13672,0.21
43360,B-260,Barcelona,Hipoteca,No,7439,0.21
43360,D-726,Gavà,Fondo de inversión,Si,559,0.21
43360,D-130,Gavà,Ahorros,Si,12967,0.21
43360,C-160,Gavà,Cuenta corriente,Si,9401,0.21
43360,C-908,Gavà,Ahorros,Si,6563,0.21
43360,D-171,Gavà,Ahorros,Si,8082,0.21
43360,B-252,Tarragona,Plan de jubilación,No,13438,0.21
43360,D-307,Tarragona,Cuenta corriente,Si,2960,0.21
43360,A-251,Tarragona,Plan de jubilación,Si,6813,0.21
43360,D-217,Tarragona,Hipoteca,Si,5447,0.21
43360,C-603,Tarragona,Ahorros,Si,8762,0.21
43360,C-798,Girona,Fondo de inversión,No,10879,0.21
43360,B-119,Girona,Fondo de inversión,Si,13613,0.21
43360,D-956,Lleida,Ahorros,No,4588,0.21
43360,B-614,Lleida,Fondo de inversión,Si,5469,0.21
43360,B-189,Lleida,Ahorros,Si,4109,0.21
43360,A-403,Lleida,Cuenta corriente,Si,14457,0.21
43361,D-228,Barcelona,Fondo de inversión,Si,2684,0.21
43361,B-145,Barcelona,Plan de jubilación,Si,13106,0.21
43361,A-533,Barcelona,Plan de jubilación,No,14269,0.21
43361,A-899,Gavà,Plan de jubilación,Si,14449,0.21
43361,A-266,Gavà,Plan de jubilación,No,6834,0.21
43361,D-725,Gavà,Cuenta corriente,Si,2140,0.21
43361,A-108,Tarragona,Ahorros,No,8232,0.21
43361,A-700,Tarragona,Plan de jubilación,No,349,0.21
43361,D-666,Tarragona,Cuenta corriente,Si,11175,0.21
43361,C-102,Tarragona,Fondo de inversión,No,7367,0.21
43361,B-925,Tarragona,Hipoteca,Si,5882,0.21
43361,D-716,Girona,Ahorros,No,2770,0.21
43361,C-539,Girona,Ahorros,Si,14425,0.21
43361,B-207,Lleida,Fondo de inversión,Si,13930,0.21
43361,A-576,Lleida,Ahorros,Si,12051,0.21
43361,D-961,Lleida,Plan de jubilación,No,11158,0.21
43362,A-551,Barcelona,Hipoteca,Si,14194,0.21
43362,B-919,Barcelona,Plan de jubilación,No,7605,0.21
43362,B-506,Barcelona,Hipoteca,No,3431,0.21
43362,C-637,Barcelona,Plan de jubilación,No,12142,0.21
43362,C-639,Gavà,Plan de jubilación,Si,2064,0.21
43362,B-579,Gavà,Fondo de inversión,Si,12417,0.21
43362,A-934,Gavà,Cuenta corriente,Si,6033,0.21
43362,D-868,Gavà,Plan de jubilación,No,13716,0.21
43362,A-999,Tarragona,Plan de jubilación,Si,11852,0.21
43362,C-503,Tarragona,Cuenta corriente,Si,3413,0.21
43362,A-268,Tarragona,Cuenta corriente,Si,4849,0.21
43362,C-705,Tarragona,Plan de jubilación,No,6770,0.21
43362,C-488,Girona,Fondo de inversión,Si,14696,0.21
43362,A-204,Girona,Fondo de inversión,Si,13790,0.21
43362,B-871,Girona,Cuenta corriente,No,3814,0.21
43362,A-364,Lleida,Ahorros,Si,4942,0.21
43362,C-952,Lleida,Fondo de inversión,No,11236,0.21
43362,C-143,Lleida,Fondo de inversión,Si,9213,0.21
43363,B-356,Barcelona,Ahorros,Si,2938,0.21
43363,D-567,Barcelona,Hipoteca,Si,13937,0.21
43363,D-727,Barcelona,Cuenta corriente,No,10391,0.21
43363,A-265,Barcelona,Fondo de inversión,No,11626,0.21
43363,A-174,Barcelona,Plan de jubilación,Si,1395,0.21
43363,D-289,Gavà,Plan de jubilación,No,14769,0.21
43363,C-511,Tarragona,Fondo de inversión,Si,6897,0.21
43363,A-528,Tarragona,Cuenta corriente,Si,12111,0.21
43363,D-832,Tarragona,Fondo de inversión,Si,12929,0.21
43363,D-553,Girona,Hipoteca,Si,11140,0.21
43363,C-326,Girona,Ahorros,No,11708,0.21
43363,C-240,Girona,Hipoteca,No,343,0.21
43363,C-633,Girona,Hipoteca,No,6739,0.21
43363,A-522,Girona,Ahorros,No,8756,0.21
43363,A-269,Girona,Ahorros,Si,14039,0.21
43363,D-100,Lleida,Fondo de inversión,Si,258,0.21
43363,A-211,Lleida,Fondo de inversión,Si,7697,0.21
43363,A-841,Lleida,Ahorros,Si,1792,0.21
43363,D-399,Lleida,Ahorros,No,11875,0.21
43363,D-813,Lleida,Hipoteca,Si,3217,0.21
43364,C-941,Barcelona,Plan de jubilación,No,6851,0.21
43364,C-642,Barcelona,Fondo de inversión,Si,3076,0.21
43364,A-255,Barcelona,Hipoteca,Si,9214,0.21
43364,A-247,Gavà,Fondo de inversión,Si,13002,0.21
43364,D-331,Gavà,Fondo de inversión,Si,5167,0.21
43364,B-959,Tarragona,Plan de jubilación,Si,7539,0.21
43364,A-997,Tarragona,Fondo de inversión,No,5570,0.21
43364,C-784,Tarragona,Ahorros,No,14738,0.21
43364,B-922,Tarragona,Ahorros,Si,14713,0.21
43364,C-572,Girona,Ahorros,No,11827,0.21
43364,C-605,Girona,Plan de jubilación,Si,147,0.21
43364,B-779,Girona,Hipoteca,No,7148,0.21
43364,C-684,Girona,Fondo de inversión,No,482,0.21
43364,D-408,Girona,Fondo de inversión,Si,2377,0.21
43364,A-175,Lleida,Fondo de inversión,No,14969,0.21
43364,B-540,Lleida,Ahorros,Si,9897,0.21
43364,C-720,Lleida,Fondo de inversión,Si,7874,0.21
43365,D-701,Barcelona,Cuenta corriente,Si,3647,0.21
43365,B-780,Barcelona,Cuenta corriente,No,1744,0.21
43365,C-251,Barcelona,Fondo de inversión,Si,5874,0.21
43365,C-607,Barcelona,Ahorros,No,14206,0.21
43365,C-142,Gavà,Fondo de inversión,No,1076,0.21
43365,C-919,Gavà,Cuenta corriente,Si,5837,0.21
43365,A-582,Gavà,Fondo de inversión,Si,6650,0.21
43365,C-423,Gavà,Cuenta corriente,Si,10133,0.21
43365,D-801,Gavà,Hipoteca,No,14711,0.21
43365,B-207,Tarragona,Hipoteca,No,349,0.21
43365,C-849,Tarragona,Fondo de inversión,No,3433,0.21
43365,D-359,Tarragona,Plan de jubilación,No,13843,0.21
43365,D-605,Tarragona,Ahorros,No,10580,0.21
43365,D-784,Tarragona,Cuenta corriente,No,3762,0.21
43365,C-137,Tarragona,Fondo de inversión,Si,5704,0.21
43365,A-882,Tarragona,Ahorros,Si,4688,0.21
43365,A-783,Tarragona,Ahorros,No,12300,0.21
43365,A-521,Girona,Hipoteca,Si,13922,0.21
43365,D-438,Girona,Hipoteca,Si,9796,0.21
43365,D-662,Girona,Ahorros,No,11570,0.21
43365,B-731,Lleida,Plan de jubilación,Si,7318,0.21
43365,B-324,Lleida,Fondo de inversión,Si,5018,0.21
43365,A-240,Lleida,Hipoteca,No,557,0.21
43365,A-570,Lleida,Hipoteca,No,8851,0.21
43366,C-441,Barcelona,Hipoteca,No,943,0.21
43366,A-135,Barcelona,Hipoteca,No,415,0.21
43366,D-581,Barcelona,Hipoteca,Si,12482,0.21
43366,B-948,Gavà,Hipoteca,No,767,0.21
43366,C-768,Gavà,Plan de jubilación,No,11621,0.21
43366,D-160,Tarragona,Plan de jubilación,Si,975,0.21
43366,A-277,Tarragona,Plan de jubilación,Si,6836,0.21
43366,D-212,Tarragona,Plan de jubilación,No,11561,0.21
43366,A-461,Tarragona,Plan de jubilación,Si,6728,0.21
43366,A-669,Girona,Ahorros,Si,3781,0.21
43366,B-666,Girona,Plan de jubilación,Si,12025,0.21
43366,C-526,Girona,Fondo de inversión,Si,1564,0.21
43366,B-159,Girona,Cuenta corriente,Si,8752,0.21
43366,B-155,Girona,Plan de jubilación,Si,13594,0.21
43366,D-196,Lleida,Hipoteca,Si,6121,0.21
43367,D-193,Barcelona,Fondo de inversión,Si,8518,0.21
43367,C-407,Barcelona,Cuenta corriente,No,14703,0.21
43367,A-876,Barcelona,Cuenta corriente,No,9240,0.21
43367,C-369,Gavà,Hipoteca,Si,8016,0.21
43367,B-142,Gavà,Plan de jubilación,Si,2744,0.21
43367,B-673,Gavà,Ahorros,Si,13971,0.21
43367,A-503,Gavà,Cuenta corriente,No,8949,0.21
43367,B-171,Gavà,Hipoteca,No,4902,0.21
43367,A-247,Gavà,Ahorros,No,288,0.21
43367,B-392,Gavà,Plan de jubilación,No,6869,0.21
43367,A-815,Tarragona,Hipoteca,No,9318,0.21
43367,C-935,Tarragona,Plan de jubilación,Si,9289,0.21
43367,A-544,Tarragona,Cuenta corriente,Si,7143,0.21
43367,D-869,Tarragona,Plan de jubilación,Si,570,0.21
43367,B-730,Tarragona,Hipoteca,Si,4058,0.21
43367,D-605,Girona,Cuenta corriente,No,5088,0.21
43367,B-566,Girona,Hipoteca,No,5137,0.21
43367,A-247,Girona,Cuenta corriente,Si,9249,0.21
43368,C-673,Barcelona,Plan de jubilación,No,413,0.21
43368,A-631,Barcelona,Fondo de inversión,Si,10544,0.21
43368,D-429,Barcelona,Fondo de inversión,Si,897,0.21
43368,B-257,Barcelona,Cuenta corriente,Si,13932,0.21
43368,D-458,Barcelona,Ahorros,Si,3872,0.21
43368,D-198,Barcelona,Plan de jubilación,Si,12466,0.21
43368,C-205,Gavà,Cuenta corriente,No,10201,0.21
43368,B-370,Gavà,Hipoteca,Si,8307,0.21
43368,D-276,Gavà,Hipoteca,No,13739,0.21
43368,C-795,Gavà,Plan de jubilación,Si,8180,0.21
43368,C-166,Gavà,Fondo de inversión,No,5759,0.21
43368,D-662,Gavà,Cuenta corriente,No,1671,0.21
43368,C-530,Gavà,Fondo de inversión,Si,1141,0.21
43368,D-904,Gavà,Fondo de inversión,No,11588,0.21
43368,B-627,Gavà,Ahorros,Si,4639,0.21
43368,A-580,Gavà,Fondo de inversión,Si,7636,0.21
43368,D-421,Tarragona,Cuenta corriente,Si,11602,0.21
43368,C-207,Tarragona,Plan de jubilación,Si,11742,0.21
43368,C-591,Tarragona,Fondo de inversión,Si,13147,0.21
43368,A-642,Tarragona,Plan de jubilación,No,1141,0.21
43368,D-996,Girona,Ahorros,No,1131,0.21
43368,A-382,Girona,Hipoteca,Si,1084,0.21
43368,A-808,Girona,Hipoteca,Si,617,0.21
43368,C-779,Girona,Cuenta corriente,No,7760,0.21
43368,A-816,Girona,Fondo de inversión,Si,4873,0.21
43368,A-747,Girona,Ahorros,No,10425,0.21
43368,C-762,Girona,Cuenta corriente,No,8585,0.21
43368,C-376,Girona,Ahorros,Si,13641,0.21
43368,B-309,Girona,Ahorros,Si,11604,0.21
43368,B-381,Lleida,Ahorros,No,13312,0.21
43368,A-859,Lleida,Fondo de inversión,No,7067,0.21
43369,D-749,Barcelona,Cuenta corriente,No,8610,0.21
43369,C-937,Gavà,Plan de jubilación,No,13879,0.21
43369,A-338,Gavà,Cuenta corriente,No,10309,0.21
43369,D-719,Gavà,Plan de jubilación,Si,13155,0.21
43369,A-564,Tarragona,Ahorros,Si,2850,0.21
43369,D-390,Tarragona,Hipoteca,Si,2155,0.21
43369,B-889,Tarragona,Plan de jubilación,Si,6075,0.21
43369,C-133,Tarragona,Fondo de inversión,No,1797,0.21
43369,C-796,Tarragona,Cuenta corriente,No,823,0.21
43369,B-905,Girona,Fondo de inversión,Si,991,0.21
43369,A-771,Girona,Ahorros,Si,4901,0.21
43369,C-801,Lleida,Cuenta corriente,No,2691,0.21
43369,C-494,Lleida,Ahorros,No,10605,0.21
43369,C-845,Lleida,Fondo de inversión,No,320,0.21
43369,C-797,Lleida,Hipoteca,No,1257,0.21
43370,B-425,Barcelona,Cuenta corriente,No,9905,0.21
43370,D-687,Barcelona,Hipoteca,Si,12556,0.21
43370,B-409,Barcelona,Hipoteca,Si,9335,0.21
43370,C-312,Barcelona,Fondo de inversión,No,13734,0.21
43370,C-510,Barcelona,Hipoteca,Si,5781,0.21
43370,D-312,Gavà,Fondo de inversión,Si,12665,0.21
43370,B-288,Gavà,Ahorros,No,7856,0.21
43370,C-733,Gavà,Plan de jubilación,Si,1965,0.21
43370,D-134,Gavà,Fondo de inversión,Si,4513,0.21
43370,D-819,Tarragona,Fondo de inversión,Si,826,0.21
43370,A-237,Girona,Fondo de inversión,No,13843,0.21
43370,A-504,Girona,Hipoteca,No,9902,0.21
43370,A-333,Girona,Fondo de inversión,No,8377,0.21
43370,A-651,Girona,Cuenta corriente,Si,12345,0.21
43370,A-886,Girona,Fondo de inversión,No,4713,0.21
43370,B-828,Lleida,Hipoteca,No,11547,0.21
43370,C-568,Lleida,Hipoteca,Si,1329,0.21
43370,D-589,Lleida,Hipoteca,No,8471,0.21
43370,A-886,Lleida,Ahorros,Si,14054,0.21
43370,A-602,Lleida,Fondo de inversión,Si,6911,0.21
43371,C-653,Barcelona,Ahorros,No,12782,0.21
43371,D-460,Barcelona,Cuenta corriente,No,3414,0.21
43371,C-461,Barcelona,Cuenta corriente,No,4686,0.21
43371,B-123,Barcelona,Hipoteca,No,4364,0.21
43371,D-284,Barcelona,Fondo de inversión,No,10048,0.21
43371,C-844,Gavà,Hipoteca,No,6259,0.21
43371,D-607,Gavà,Hipoteca,No,12281,0.21
43371,B-648,Gavà,Ahorros,Si,13257,0.21
43371,D-376,Gavà,Cuenta corriente,No,1025,0.21
43371,A-947,Gavà,Cuenta corriente,Si,2235,0.21
43371,A-738,Gavà,Plan de jubilación,Si,3821,0.21
43371,D-255,Tarragona,Ahorros,No,4005,0.21
43371,C-364,Tarragona,Ahorros,Si,7281,0.21
43371,A-141,Girona,Plan de jubilación,No,9004,0.21
43371,D-924,Girona,Cuenta corriente,Si,14270,0.21
43371,A-686,Girona,Ahorros,Si,11077,0.21
43371,C-100,Girona,Hipoteca,Si,11565,0.21
43371,A-575,Lleida,Ahorros,Si,8393,0.21
43371,D-150,Lleida,Hipoteca,Si,9615,0.21
43372,A-252,Barcelona,Cuenta corriente,No,5910,0.21
43372,D-665,Barcelona,Hipoteca,Si,11927,0.21
43372,A-705,Barcelona,Fondo de inversión,Si,13495,0.21
43372,B-267,Barcelona,Plan de jubilación,Si,14477,0.21
43372,B-732,Gavà,Fondo de inversión,Si,3349,0.21
43372,D-200,Gavà,Ahorros,Si,5310,0.21
43372,A-309,Gavà,Cuenta corriente,No,3819,0.21
43372,B-511,Tarragona,Cuenta corriente,Si,3767,0.21
43372,B-273,Tarragona,Ahorros,Si,5613,0.21
43372,C-644,Girona,Cuenta corriente,No,11917,0.21
43372,C-136,Girona,Plan de jubilación,Si,6531,0.21
43372,C-916,Girona,Ahorros,Si,7130,0.21
43372,D-931,Girona,Plan de jubilación,No,7235,0.21
43372,A-173,Girona,Plan de jubilación,No,7117,0.21
43372,D-671,Girona,Ahorros,No,1257,0.21
43372,D-891,Girona,Hipoteca,Si,4345,0.21
43372,A-822,Girona,Fondo de inversión,No,12391,0.21
43372,B-294,Lleida,Hipoteca,No,14052,0.21
43372,B-347,Lleida,Cuenta corriente,Si,6206,0.21
43372,B-390,Lleida,Cuenta corriente,Si,12453,0.21
43372,D-343,Lleida,Hipoteca,No,3695,0.21
43373,B-486,Barcelona,Cuenta corriente,No,13566,0.21
43373,B-113,Barcelona,Cuenta corriente,Si,13352,0.21
43373,D-241,Barcelona,Ahorros,Si,1811,0.21
43373,B-363,Barcelona,Hipoteca,Si,6115,0.21
43373,A-152,Gavà,Cuenta corriente,No,13070,0.21
43373,B-849,Gavà,Hipoteca,No,8835,0.21
43373,D-977,Tarragona,Hipoteca,No,14140,0.21
43373,C-461,Girona,Fondo de inversión,No,8257,0.21
43373,D-911,Girona,Fondo de inversión,Si,10570,0.21
43373,D-734,Lleida,Fondo de inversión,Si,1396,0.21
43373,C-535,Lleida,Cuenta corriente,No,10707,0.21
43373,C-811,Lleida,Fondo de inversión,Si,11635,0.21
43374,D-596,Barcelona,Fondo de inversión,No,10373,0.21
43374,C-621,Barcelona,Plan de jubilación,No,14326,0.21
43374,B-104,Barcelona,Plan de jubilación,No,1135,0.21
43374,B-871,Barcelona,Hipoteca,Si,12015,0.21
43374,D-495,Barcelona,Ahorros,Si,14946,0.21
43374,B-817,Gavà,Cuenta corriente,Si,8129,0.21
43374,C-769,Gavà,Cuenta corriente,Si,7762,0.21
43374,D-971,Gavà,Fondo de inversión,Si,5048,0.21
43374,D-641,Gavà,Cuenta corriente,Si,10949,0.21
43374,A-951,Gavà,Ahorros,Si,7685,0.21
43374,B-966,Tarragona,Plan de jubilación,Si,3260,0.21
43374,A-792,Tarragona,Ahorros,No,9267,0.21
43374,A-735,Tarragona,Ahorros,Si,1844,0.21
43374,A-708,Tarragona,Fondo de inversión,No,14259,0.21
43374,B-241,Tarragona,Ahorros,Si,7589,0.21
43374,C-366,Tarragona,Plan de jubilación,No,7425,0.21
43374,D-864,Girona,Cuenta corriente,No,12627,0.21
43374,C-201,Girona,Hipoteca,Si,1959,0.21
43374,D-391,Girona,Ahorros,No,3138,0.21
43374,A-416,Girona,Ahorros,No,10048,0.21
43374,B-197,Girona,Hipoteca,Si,9725,0.21
43374,D-838,Girona,Cuenta corriente,Si,336,0.21
43374,B-464,Girona,Cuenta corriente,Si,10513,0.21
43374,B-710,Lleida,Ahorros,Si,14673,0.21
43374,D-793,Lleida,Hipoteca,Si,3228,0.21
43374,D-689,Lleida,Ahorros,Si,12155,0.21
43374,D-872,Lleida,Ahorros,No,4231,0.21
43375,A-747,Barcelona,Plan de jubilación,No,12427,0.21
43375,D-178,Barcelona,Cuenta corriente,No,12228,0.21
43375,C-205,Barcelona,Ahorros,Si,7539,0.21
43375,C-408,Barcelona,Fondo de inversión,No,3471,0.21
43375,B-942,Barcelona,Hipoteca,No,5229,0.21
43375,B-595,Gavà,Cuenta corriente,Si,6046,0.21
43375,D-281,Gavà,Cuenta corriente,Si,5308,0.21
43375,B-778,Gavà,Plan de jubilación,No,5339,0.21
43375,A-399,Tarragona,Hipoteca,Si,9024,0.21
43375,C-369,Tarragona,Cuenta corriente,No,13568,0.21
43375,B-956,Tarragona,Cuenta corriente,Si,1630,0.21
43375,A-749,Tarragona,Cuenta corriente,Si,11374,0.21
43375,A-125,Girona,Hipoteca,Si,14397,0.21
43375,B-956,Girona,Hipoteca,Si,1718,0.21
43375,A-690,Girona,Cuenta corriente,No,10877,0.21
43375,A-290,Lleida,Ahorros,No,2402,0.21
43375,C-796,Lleida,Ahorros,No,4920,0.21
43375,B-513,Lleida,Fondo de inversión,No,1502,0.21
43375,A-255,Lleida,Ahorros,No,8565,0.21
43375,C-715,Lleida,Ahorros,No,2609,0.21
43375,D-989,Lleida,Ahorros,Si,4833,0.21
43376,B-209,Barcelona,Plan de jubilación,Si,7687,0.21
43376,C-138,Barcelona,Hipoteca,No,5983,0.21
43376,B-208,Barcelona,Hipoteca,Si,11844,0.21
43376,C-167,Gavà,Hipoteca,No,11357,0.21
43376,D-685,Gavà,Fondo de inversión,No,5463,0.21
43376,D-337,Gavà,Plan de jubilación,No,1377,0.21
43376,D-973,Gavà,Plan de jubilación,Si,3927,0.21
43376,A-332,Tarragona,Hipoteca,Si,10853,0.21
43376,D-505,Tarragona,Fondo de inversión,No,4274,0.21
43376,A-878,Tarragona,Cuenta corriente,No,9923,0.21
43376,B-247,Tarragona,Hipoteca,Si,9226,0.21
43376,B-426,Girona,Hipoteca,No,12630,0.21
43376,C-432,Girona,Hipoteca,No,12073,0.21
43376,A-506,Girona,Cuenta corriente,No,690,0.21
43376,D-581,Girona,Ahorros,Si,13625,0.21
43376,D-367,Girona,Cuenta corriente,Si,8337,0.21
43376,B-525,Girona,Plan de jubilación,Si,1013,0.21
43376,C-224,Girona,Ahorros,No,14896,0.21
43376,D-134,Lleida,Hipoteca,No,7632,0.21
43376,C-629,Lleida,Cuenta corriente,Si,6276,0.21
43376,C-895,Lleida,Hipoteca,Si,3595,0.21
43376,A-483,Lleida,Hipoteca,Si,5657,0.21
43377,D-322,Barcelona,Ahorros,No,14249,0.21
43377,C-556,Barcelona,Plan de jubilación,No,4497,0.21
43377,C-407,Barcelona,Cuenta corriente,No,6153,0.21
43377,D-746,Barcelona,Cuenta corriente,No,13207,0.21
43377,C-605,Barcelona,Plan de jubilación,No,4804,0.21
43377,B-555,Barcelona,Plan de jubilación,Si,2191,0.21
43377,D-834,Barcelona,Hipoteca,No,6451,0.21
43377,D-374,Barcelona,Hipoteca,Si,12868,0.21
43377,D-543,Gavà,Cuenta corriente,Si,3947,0.21
43377,D-815,Gavà,Fondo de inversión,Si,10378,0.21
43377,D-151,Gavà,Ahorros,Si,11769,0.21
43377,B-170,Gavà,Plan de jubilación,Si,12778,0.21
43377,B-166,Tarragona,Cuenta corriente,Si,13268,0.21
43377,D-961,Tarragona,Fondo de inversión,No,12492,0.21
43377,D-960,Tarragona,Fondo de inversión,Si,3044,0.21
43377,D-252,Tarragona,Cuenta corriente,Si,9335,0.21
43377,C-346,Girona,Cuenta corriente,No,10340,0.21
43377,D-240,Girona,Fondo de inversión,No,1928,0.21
43377,C-931,Girona,Cuenta corriente,Si,13545,0.21
43377,C-289,Lleida,Plan de jubilación,No,14685,0.21
43377,B-861,Lleida,Hipoteca,Si,14838,0.21
43377,B-915,Lleida,Plan de jubilación,Si,1300,0.21
43377,A-448,Lleida,Hipoteca,Si,3283,0.21
43377,B-139,Lleida,Cuenta corriente,Si,1176,0.21
43377,B-331,Lleida,Cuenta corriente,Si,1815,0.21
43378,D-858,Barcelona,Plan de jubilación,No,10986,0.21
43378,D-944,Barcelona,Plan de jubilación,Si,6472,0.21
43378,C-104,Gavà,Plan de jubilación,Si,9012,0.21
43378,A-933,Gavà,Fondo de inversión,Si,2773,0.21
43378,B-287,Gavà,Fondo de inversión,Si,4085,0.21
43378,C-234,Gavà,Ahorros,No,7567,0.21
43378,A-963,Gavà,Cuenta corriente,Si,1099,0.21
43378,D-720,Gavà,Ahorros,Si,7944,0.21
43378,B-403,Gavà,Plan de jubilación,No,11921,0.21
43378,D-848,Gavà,Cuenta corriente,No,11751,0.21
43378,B-977,Tarragona,Fondo de inversión,Si,8088,0.21
43378,C-708,Tarragona,Hipoteca,No,7199,0.21
43378,B-958,Tarragona,Plan de jubilación,Si,13969,0.21
43378,B-638,Tarragona,Ahorros,No,10042,0.21
43378,A-471,Tarragona,Hipoteca,Si,12370,0.21
43378,B-818,Tarragona,Ahorros,No,10785,0.21
43378,A-997,Tarragona,Cuenta corriente,No,4364,0.21
43378,D-257,Tarragona,Cuenta corriente,No,12884,0.21
43378,C-541,Tarragona,Ahorros,Si,10273,0.21
43378,C-418,Tarragona,Ahorros,Si,9390,0.21
43378,D-826,Tarragona,Ahorros,Si,364,0.21
43378,B-744,Tarragona,Fondo de inversión,No,11358,0.21
43378,D-262,Girona,Ahorros,Si,8290,0.21
43378,D-375,Lleida,Plan de jubilación,Si,12350,0.21
43378,C-143,Lleida,Plan de jubilación,Si,8166,0.21
43378,C-602,Lleida,Plan de jubilación,Si,4133,0.21
43378,A-984,Lleida,Plan de jubilación,Si,13023,0.21
43378,B-862,Lleida,Fondo de inversión,Si,5378,0.21
43379,B-942,Barcelona,Cuenta corriente,No,14188,0.21
43379,A-940,Barcelona,Fondo de inversión,No,3967,0.21
43379,C-722,Gavà,Fondo de inversión,Si,3232,0.21
43379,B-794,Gavà,Cuenta corriente,Si,1145,0.21
43379,C-536,Gavà,Hipoteca,Si,14660,0.21
43379,B-319,Gavà,Fondo de inversión,Si,10204,0.21
43379,B-633,Gavà,Fondo de inversión,Si,11464,0.21
43379,A-313,Gavà,Cuenta corriente,No,10403,0.21
43379,B-330,Tarragona,Fondo de inversión,Si,747,0.21
43379,B-801,Tarragona,Cuenta corriente,No,579,0.21
43379,A-826,Tarragona,Cuenta corriente,Si,1442,0.21
43379,A-900,Girona,Plan de jubilación,Si,8734,0.21
43379,B-238,Girona,Ahorros,Si,6705,0.21
43379,A-201,Girona,Ahorros,No,6953,0.21
43379,B-252,Girona,Cuenta corriente,Si,10422,0.21
43379,A-482,Lleida,Plan de jubilación,No,4110,0.21
43379,C-696,Lleida,Fondo de inversión,Si,5781,0.21
43379,B-745,Lleida,Plan de jubilación,No,14620,0.21
43380,A-316,Barcelona,Hipoteca,No,8288,0.21
43380,B-686,Barcelona,Ahorros,No,13243,0.21
43380,A-517,Barcelona,Cuenta corriente,No,3845,0.21
43380,A-527,Barcelona,Plan de jubilación,No,3164,0.21
43380,C-913,Barcelona,Cuenta corriente,Si,7235,0.21
43380,B-581,Barcelona,Hipoteca,Si,1200,0.21
43380,D-915,Barcelona,Hipoteca,No,4033,0.21
43380,C-425,Gavà,Ahorros,Si,14945,0.21
43380,B-673,Gavà,Cuenta corriente,No,7561,0.21
43380,B-271,Gavà,Cuenta corriente,Si,6665,0.21
43380,A-428,Gavà,Plan de jubilación,No,11610,0.21
43380,B-600,Gavà,Plan de jubilación,Si,4452,0.21
43380,C-768,Gavà,Hipoteca,No,7294,0.21
43380,C-745,Tarragona,Fondo de inversión,Si,12394,0.21
43380,D-772,Tarragona,Plan de jubilación,No,10518,0.21
43380,C-118,Tarragona,Ahorros,Si,8156,0.21
43380,C-731,Tarragona,Hipoteca,Si,2405,0.21
43380,C-983,Girona,Fondo de inversión,No,13826,0.21
43380,C-612,Lleida,Fondo de inversión,No,1438,0.21
43380,B-102,Lleida,Hipoteca,No,9467,0.21
43380,A-557,Lleida,Cuenta corriente,No,4519,0.21
43381,B-176,Barcelona,Hipoteca,Si,11878,0.21
43381,C-291,Barcelona,Fondo de inversión,Si,3080,0.21
43381,D-403,Barcelona,Ahorros,No,9569,0.21
43381,B-867,Barcelona,Ahorros,Si,2110,0.21
43381,D-278,Gavà,Plan de jubilación,No,487,0.21
43381,C-968,Gavà,Plan de jubilación,Si,14492,0.21
43381,B-416,Gavà,Ahorros,Si,4267,0.21
43381,C-893,Gavà,Plan de jubilación,No,2344,0.21
43381,D-242,Gavà,Cuenta corriente,No,10988,0.21
43381,A-780,Tarragona,Fondo de inversión,No,4802,0.21
43381,D-643,Tarragona,Hipoteca,Si,1633,0.21
43381,C-109,Tarragona,Hipoteca,No,2261,0.21
43381,C-720,Tarragona,Hipoteca,No,6762,0.21
43381,B-893,Tarragona,Ahorros,No,11669,0.21
43381,C-843,Girona,Ahorros,No,358,0.21
43381,A-302,Girona,Fondo de inversión,Si,9197,0.21
43381,B-133,Girona,Hipoteca,No,7950,0.21
43381,B-884,Girona,Hipoteca,Si,6762,0.21
43381,D-540,Lleida,Hipoteca,Si,4599,0.21
43381,A-668,Lleida,Hipoteca,Si,11819,0.21
43381,B-390,Lleida,Hipoteca,No,13179,0.21
43381,B-457,Lleida,Fondo de inversión,Si,1277,0.21
43382,D-588,Barcelona,Fondo de inversión,No,5564,0.21
43382,D-814,Barcelona,Plan de jubilación,Si,12446,0.21
43382,C-653,Barcelona,Hipoteca,Si,6537,0.21
43382,C-412,Barcelona,Hipoteca,No,5819,0.21
43382,D-555,Gavà,Cuenta corriente,Si,6610,0.21
43382,A-692,Gavà,Cuenta corriente,Si,13450,0.21
43382,C-373,Gavà,Ahorros,No,11178,0.21
43382,A-297,Tarragona,Plan de jubilación,Si,10654,0.21
43382,C-404,Tarragona,Hipoteca,No,8075,0.21
43382,C-819,Tarragona,Fondo de inversión,No,616,0.21
43382,D-925,Tarragona,Cuenta corriente,No,11747,0.21
43382,A-293,Tarragona,Fondo de inversión,Si,4665,0.21
43382,D-437,Girona,Cuenta corriente,Si,1950,0.21
43382,B-830,Girona,Ahorros,No,9479,0.21
43382,A-776,Girona,Plan de jubilación,Si,3008,0.21
43382,A-583,Girona,Plan de jubilación,No,5569,0.21
43382,A-502,Girona,Ahorros,No,9675,0.21
43382,C-683,Lleida,Fondo de inversión,No,14749,0.21
43382,B-454,Lleida,Hipoteca,No,3251,0.21
43383,D-877,Barcelona,Plan de jubilación,No,8520,0.21
43383,C-624,Barcelona,Ahorros,No,14271,0.21
43383,C-795,Barcelona,Fondo de inversión,Si,8054,0.21
43383,C-852,Gavà,Fondo de inversión,No,4153,0.21
43383,B-625,Gavà,Cuenta corriente,Si,10024,0.21
43383,B-113,Tarragona,Ahorros,No,11064,0.21
43383,D-997,Tarragona,Hipoteca,Si,5505,0.21
43383,B-451,Tarragona,Cuenta corriente,Si,3524,0.21
43383,C-845,Girona,Hipoteca,No,14214,0.21
43383,D-702,Girona,Plan de jubilación,Si,402,0.21
43383,D-390,Girona,Fondo de inversión,No,4024,0.21
43383,A-798,Girona,Hipoteca,Si,4237,0.21
43383,A-983,Lleida,Ahorros,No,10278,0.21
43383,B-734,Lleida,Plan de jubilación,Si,6051,0.21
43383,C-106,Lleida,Cuenta corriente,Si,7516,0.21
43383,A-537,Lleida,Hipoteca,No,575,0.21
43384,D-212,Barcelona,Plan de jubilación,Si,5873,0.21
43384,A-894,Barcelona,Plan de jubilación,Si,817,0.21
43384,D-840,Barcelona,Plan de jubilación,Si,13234,0.21
43384,A-235,Barcelona,Ahorros,No,2374,0.21
43384,B-661,Barcelona,Ahorros,No,12808,0.21
43384,D-860,Barcelona,Fondo de inversión,Si,9669,0.21
43384,C-306,Tarragona,Cuenta corriente,Si,4122,0.21
43384,B-154,Girona,Ahorros,Si,11546,0.21
43384,D-327,Girona,Cuenta corriente,Si,486,0.21
43384,C-456,Girona,Fondo de inversión,No,414,0.21
43384,B-525,Girona,Plan de jubilación,Si,1488,0.21
43384,A-984,Girona,Hipoteca,Si,6270,0.21
43384,B-274,Girona,Cuenta corriente,Si,711,0.21
43384,B-906,Girona,Fondo de inversión,No,3884,0.21
43384,B-816,Girona,Ahorros,No,9157,0.21
43384,D-161,Lleida,Plan de jubilación,No,4692,0.21
43384,C-969,Lleida,Ahorros,No,5717,0.21
43384,B-237,Lleida,Fondo de inversión,No,4837,0.21
43384,C-824,Lleida,Fondo de inversión,Si,4716,0.21
43384,D-626,Lleida,Fondo de inversión,No,4833,0.21
43385,D-485,Barcelona,Hipoteca,No,3263,0.21
43385,C-164,Barcelona,Hipoteca,Si,13150,0.21
43385,D-840,Barcelona,Cuenta corriente,Si,8821,0.21
43385,B-954,Barcelona,Hipoteca,No,8585,0.21
43385,A-918,Barcelona,Plan de jubilación,No,6078,0.21
43385,B-740,Barcelona,Fondo de inversión,No,13090,0.21
43385,D-833,Barcelona,Hipoteca,No,12050,0.21
43385,B-943,Gavà,Ahorros,No,9391,0.21
43385,B-935,Gavà,Hipoteca,No,4928,0.21
43385,B-744,Gavà,Cuenta corriente,No,6389,0.21
43385,C-255,Gavà,Ahorros,Si,10536,0.21
43385,C-112,Tarragona,Hipoteca,No,3493,0.21
43385,B-669,Tarragona,Cuenta corriente,Si,11686,0.21
43385,A-973,Tarragona,Plan de jubilación,No,1011,0.21
43385,D-572,Girona,Fondo de inversión,No,9053,0.21
43385,B-945,Lleida,Ahorros,No,7086,0.21
43385,A-937,Lleida,Ahorros,No,1664,0.21
43385,C-567,Lleida,Fondo de inversión,Si,10059,0.21
43385,C-345,Lleida,Hipoteca,No,670,0.21
43385,A-493,Lleida,Ahorros,No,2755,0.21
43386,A-836,Barcelona,Plan de jubilación,Si,11903,0.21
43386,A-171,Barcelona,Cuenta corriente,No,8464,0.21
43386,A-690,Barcelona,Ahorros,No,8228,0.21
43386,C-252,Barcelona,Cuenta corriente,Si,548,0.21
43386,A-262,Gavà,Plan de jubilación,No,10606,0.21
43386,A-337,Gavà,Plan de jubilación,Si,9238,0.21
43386,B-344,Gavà,Plan de jubilación,Si,5719,0.21
43386,D-825,Gavà,Cuenta corriente,No,14819,0.21
43386,A-295,Tarragona,Fondo de inversión,No,7866,0.21
43386,B-663,Tarragona,Ahorros,No,399,0.21
43386,B-125,Tarragona,Ahorros,Si,1536,0.21
43386,B-996,Tarragona,Fondo de inversión,No,5323,0.21
43386,B-245,Girona,Ahorros,No,5785,0.21
43386,B-886,Girona,Hipoteca,Si,4709,0.21
43386,A-574,Girona,Plan de jubilación,Si,11200,0.21
43386,D-513,Girona,Hipoteca,No,14580,0.21
43386,D-169,Girona,Hipoteca,Si,9557,0.21
43386,C-133,Lleida,Ahorros,Si,5034,0.21
43386,D-268,Lleida,Ahorros,Si,8376,0.21
43386,C-456,Lleida,Cuenta corriente,No,2670,0.21
43386,B-248,Lleida,Ahorros,Si,9864,0.21
43386,C-721,Lleida,Hipoteca,No,5482,0.21
43387,D-690,Barcelona,Plan de jubilación,Si,9845,0.21
43387,C-186,Gavà,Hipoteca,No,12456,0.21
43387,C-194,Gavà,Hipoteca,No,142,0.21
43387,B-386,Gavà,Fondo de inversión,No,7175,0.21
43387,C-668,Gavà,Fondo de inversión,Si,3581,0.21
43387,A-232,Gavà,Ahorros,No,1714,0.21
43387,A-177,Tarragona,Fondo de inversión,No,10855,0.21
43387,D-666,Tarragona,Hipoteca,Si,4394,0.21
43387,B-842,Girona,Ahorros,Si,8095,0.21
43387,C-747,Girona,Hipoteca,No,9242,0.21
43387,B-481,Girona,Cuenta corriente,Si,14345,0.21
43387,B-178,Girona,Cuenta corriente,Si,7413,0.21
43387,C-996,Girona,Plan de jubilación,No,12160,0.21
43387,A-622,Lleida,Fondo de inversión,Si,4055,0.21
43387,B-547,Lleida,Fondo de inversión,No,1222,0.21
43387,A-459,Lleida,Plan de jubilación,No,5555,0.21
43387,A-172,Lleida,Ahorros,Si,5838,0.21
43387,C-851,Lleida,Hipoteca,Si,11555,0.21
43387,B-398,Lleida,Fondo de inversión,No,11644,0.21
43387,A-640,Lleida,Hipoteca,No,4541,0.21
43388,B-697,Barcelona,Plan de jubilación,No,10079,0.21
43388,C-913,Barcelona,Fondo de inversión,No,2673,0.21
43388,C-310,Barcelona,Cuenta corriente,Si,9045,0.21
43388,C-989,Barcelona,Fondo de inversión,No,2146,0.21
43388,A-895,Gavà,Hipoteca,Si,8660,0.21
43388,A-563,Gavà,Cuenta corriente,No,1277,0.21
43388,D-673,Gavà,Plan de jubilación,Si,10132,0.21
43388,B-910,Gavà,Plan de jubilación,No,380,0.21
43388,A-916,Gavà,Fondo de inversión,No,1053,0.21
43388,C-768,Gavà,Hipoteca,No,9226,0.21
43388,B-700,Tarragona,Hipoteca,Si,12690,0.21
43388,C-489,Tarragona,Plan de jubilación,Si,9744,0.21
43388,D-991,Tarragona,Hipoteca,Si,9917,0.21
43388,D-628,Girona,Hipoteca,Si,8396,0.21
43388,A-264,Lleida,Ahorros,No,10202,0.21
43388,A-777,Lleida,Cuenta corriente,No,6119,0.21
43388,D-301,Lleida,Plan de jubilación,Si,10555,0.21
43388,D-996,Lleida,Plan de jubilación,No,5258,0.21
43388,A-524,Lleida,Fondo de inversión,Si,9354,0.21
43389,A-591,Barcelona,Plan de jubilación,Si,6658,0.21
43389,B-900,Barcelona,Ahorros,Si,6525,0.21
43389,D-613,Barcelona,Cuenta corriente,Si,7082,0.21
43389,C-851,Gavà,Cuenta corriente,Si,13904,0.21
43389,C-739,Gavà,Hipoteca,Si,7359,0.21
43389,C-697,Gavà,Ahorros,Si,7102,0.21
43389,D-649,Gavà,Fondo de inversión,No,10393,0.21
43389,A-204,Gavà,Plan de jubilación,No,8188,0.21
43389,A-702,Gavà,Cuenta corriente,Si,2950,0.21
43389,B-595,Gavà,Cuenta corriente,Si,11399,0.21
43389,D-387,Tarragona,Fondo de inversión,Si,1786,0.21
43389,B-989,Tarragona,Plan de jubilación,No,7120,0.21
43389,C-636,Tarragona,Plan de jubilación,Si,5560,0.21
43389,B-727,Tarragona,Ahorros,No,10331,0.21
43389,A-937,Girona,Hipoteca,No,2856,0.21
43389,A-801,Girona,Ahorros,No,11122,0.21
43389,A-982,Girona,Hipoteca,No,12383,0.21
43389,A-452,Girona,Hipoteca,No,7521,0.21
43389,B-507,Lleida,Plan de jubilación,No,4658,0.21
43389,D-632,Lleida,Hipoteca,No,1130,0.21
43389,C-926,Lleida,Fondo de inversión,Si,14810,0.21
43389,D-377,Lleida,Cuenta corriente,Si,10267,0.21
43390,B-231,Barcelona,Fondo de inversión,No,9426,0.21
43390,B-187,Gavà,Plan de jubilación,Si,13602,0.21
43390,D-844,Gavà,Hipoteca,Si,2879,0.21
43390,B-468,Gavà,Fondo de inversión,No,1735,0.21
43390,D-777,Gavà,Ahorros,No,9495,0.21
43390,A-641,Gavà,Hipoteca,Si,1160,0.21
43390,A-622,Gavà,Cuenta corriente,Si,6250,0.21
43390,A-500,Gavà,Ahorros,Si,12477,0.21
43390,C-194,Tarragona,Hipoteca,No,1985,0.21
43390,B-996,Tarragona,Hipoteca,Si,10233,0.21
43390,D-381,Tarragona,Cuenta corriente,Si,1781,0.21
43390,B-399,Tarragona,Cuenta corriente,No,8619,0.21
43390,C-744,Tarragona,Ahorros,Si,8258,0.21
43390,A-602,Girona,Fondo de inversión,Si,8004,0.21
43390,A-871,Girona,Fondo de inversión,Si,11811,0.21
43390,A-315,Girona,Fondo de inversión,No,283,0.21
43390,B-825,Girona,Fondo de inversión,No,6335,0.21
43390,C-973,Lleida,Cuenta corriente,No,9565,0.21
43391,B-120,Barcelona,Cuenta corriente,No,7165,0.21
43391,B-475,Barcelona,Ahorros,No,4244,0.21
43391,D-696,Gavà,Plan de jubilación,Si,6860,0.21
43391,C-484,Gavà,Plan de jubilación,Si,13122,0.21
43391,B-525,Gavà,Plan de jubilación,No,12302,0.21
43391,D-801,Tarragona,Fondo de inversión,Si,3720,0.21
43391,B-913,Tarragona,Plan de jubilación,No,3781,0.21
43391,A-668,Girona,Cuenta corriente,No,2018,0.21
43391,B-835,Girona,Cuenta corriente,Si,9075,0.21
43391,B-949,Lleida,Ahorros,No,11591,0.21
43391,A-992,Lleida,Ahorros,Si,9469,0.21
43392,B-857,Barcelona,Cuenta corriente,Si,5072,0.21
43392,C-998,Barcelona,Fondo de inversión,No,9343,0.21
43392,D-398,Gavà,Fondo de inversión,No,9866,0.21
43392,D-547,Gavà,Hipoteca,Si,9009,0.21
43392,D-545,Gavà,Hipoteca,No,8880,0.21
43392,C-415,Gavà,Hipoteca,Si,5794,0.21
43392,B-871,Tarragona,Hipoteca,Si,1938,0.21
43392,A-435,Tarragona,Fondo de inversión,Si,11927,0.21
43392,C-400,Tarragona,Ahorros,Si,7080,0.21
43392,C-150,Tarragona,Cuenta corriente,No,6715,0.21
43392,B-394,Girona,Plan de jubilación,Si,3847,0.21
43392,B-722,Girona,Hipoteca,Si,2434,0.21
43392,B-962,Girona,Cuenta corriente,Si,3459,0.21
43392,B-209,Lleida,Fondo de inversión,No,14983,0.21
43392,B-320,Lleida,Cuenta corriente,No,7523,0.21
43392,C-451,Lleida,Plan de jubilación,No,12121,0.21
43392,A-404,Lleida,Hipoteca,No,3880,0.21
43392,A-613,Lleida,Cuenta corriente,No,10846,0.21
43392,D-121,Lleida,Fondo de inversión,Si,6228,0.21
43393,D-217,Barcelona,Fondo de inversión,No,3358,0.21
43393,C-416,Barcelona,Ahorros,No,6487,0.21
43393,B-696,Barcelona,Fondo de inversión,Si,3692,0.21
43393,C-391,Barcelona,Plan de jubilación,Si,10761,0.21
43393,C-894,Barcelona,Ahorros,No,2085,0.21
43393,A-293,Barcelona,Ahorros,Si,1411,0.21
43393,B-715,Barcelona,Cuenta corriente,No,5582,0.21
43393,D-551,Barcelona,Hipoteca,No,5645,0.21
43393,A-793,Gavà,Cuenta corriente,No,626,0.21
43393,A-699,Gavà,Cuenta corriente,Si,2023,0.21
43393,B-202,Gavà,Ahorros,Si,10112,0.21
43393,B-349,Gavà,Hipoteca,Si,10071,0.21
43393,D-751,Gavà,Fondo de inversión,No,5752,0.21
43393,D-431,Gavà,Fondo de inversión,Si,13066,0.21
43393,C-630,Gavà,Ahorros,Si,3092,0.21
43393,B-941,Gavà,Ahorros,No,11070,0.21
43393,D-424,Tarragona,Hipoteca,No,9562,0.21
43393,A-710,Tarragona,Ahorros,No,5379,0.21
43393,B-897,Tarragona,Plan de jubilación,No,8141,0.21
43393,B-941,Tarragona,Plan de jubilación,Si,4874,0.21
43393,A-867,Tarragona,Fondo de inversión,Si,6667,0.21
43393,C-278,Girona,Plan de jubilación,No,11134,0.21
43393,D-497,Girona,Cuenta corriente,Si,13076,0.21
43393,C-287,Girona,Fondo de inversión,No,8912,0.21
43393,D-788,Girona,Ahorros,No,1477,0.21
43393,A-736,Lleida,Ahorros,Si,3439,0.21
43393,B-658,Lleida,Fondo de inversión,Si,13219,0.21
43393,D-929,Lleida,Plan de jubilación,Si,880,0.21
43393,C-679,Lleida,Fondo de inversión,Si,5829,0.21
43394,B-711,Barcelona,Fondo de inversión,No,631,0.21
43394,C-679,Barcelona,Ahorros,No,13044,0.21
43394,A-322,Barcelona,Plan de jubilación,No,8636,0.21
43394,A-851,Barcelona,Plan de jubilación,Si,6646,0.21
43394,D-769,Barcelona,Plan de jubilación,Si,11833,0.21
43394,A-393,Barcelona,Cuenta corriente,No,3207,0.21
43394,C-172,Barcelona,Fondo de inversión,No,9295,0.21
43394,A-604,Gavà,Fondo de inversión,Si,14015,0.21
43394,A-470,Gavà,Cuenta corriente,No,4164,0.21
43394,D-820,Gavà,Hipoteca,Si,11924,0.21
43394,D-628,Gavà,Ahorros,Si,14877,0.21
43394,D-335,Tarragona,Fondo de inversión,Si,13789,0.21
43394,C-713,Tarragona,Cuenta corriente,Si,14390,0.21
43394,B-554,Tarragona,Ahorros,Si,13992,0.21
43394,B-116,Tarragona,Fondo de inversión,Si,14448,0.21
43394,B-805,Tarragona,Plan de jubilación,Si,5680,0.21
43394,B-132,Tarragona,Fondo de inversión,Si,9904,0.21
43394,D-722,Tarragona,Plan de jubilación,No,9693,0.21
43394,D-755,Tarragona,Fondo de inversión,Si,6343,0.21
43394,B-334,Girona,Hipoteca,No,6297,0.21
43394,C-603,Girona,Plan de jubilación,No,8695,0.21
43394,D-470,Girona,Hipoteca,Si,458,0.21
43394,A-552,Girona,Plan de jubilación,Si,1731,0.21
43394,B-704,Girona,Ahorros,Si,12023,0.21
43394,C-592,Lleida,Cuenta corriente,Si,7538,0.21
43394,C-867,Lleida,Ahorros,No,792,0.21
43394,A-538,Lleida,Plan de jubilación,No,11259,0.21
43394,A-685,Lleida,Ahorros,No,4828,0.21
43394,C-358,Lleida,Hipoteca,No,9623,0.21
43394,D-574,Lleida,Plan de jubilación,No,12778,0.21
43394,B-359,Lleida,Ahorros,Si,10391,0.21
43395,C-156,Barcelona,Fondo de inversión,No,1545,0.21
43395,C-235,Barcelona,Cuenta corriente,Si,4921,0.21
43395,D-194,Barcelona,Hipoteca,No,9059,0.21
43395,B-159,Gavà,Plan de jubilación,No,10749,0.21
43395,C-270,Gavà,Cuenta corriente,Si,12846,0.21
43395,A-853,Gavà,Cuenta corriente,Si,4303,0.21
43395,A-483,Gavà,Fondo de inversión,Si,4614,0.21
43395,C-331,Gavà,Ahorros,Si,8243,0.21
43395,C-459,Tarragona,Fondo de inversión,No,14547,0.21
43395,C-439,Tarragona,Plan de jubilación,Si,6180,0.21
43395,B-472,Tarragona,Ahorros,No,8320,0.21
43395,C-391,Tarragona,Cuenta corriente,Si,11382,0.21
43395,B-941,Tarragona,Fondo de inversión,No,12468,0.21
43395,B-524,Tarragona,Plan de jubilación,Si,2511,0.21
43395,C-171,Tarragona,Hipoteca,No,10609,0.21
43395,C-291,Tarragona,Ahorros,No,9980,0.21
43395,D-883,Tarragona,Cuenta corriente,No,7009,0.21
43395,A-595,Girona,Fondo de inversión,Si,8210,0.21
43395,A-224,Girona,Hipoteca,No,6770,0.21
43395,C-649,Girona,Hipoteca,Si,6017,0.21
43395,C-609,Girona,Fondo de inversión,No,14549,0.21
43395,A-594,Girona,Ahorros,Si,14914,0.21
43395,B-521,Girona,Plan de jubilación,No,3571,0.21
43395,D-980,Lleida,Plan de jubilación,Si,12477,0.21
43395,A-592,Lleida,Plan de jubilación,No,4444,0.21
43395,C-625,Lleida,Cuenta corriente,No,8958,0.21
43396,C-513,Barcelona,Plan de jubilación,No,6981,0.21
43396,C-291,Barcelona,Fondo de inversión,No,12068,0.21
43396,A-955,Barcelona,Hipoteca,No,449,0.21
43396,A-898,Gavà,Ahorros,Si,8726,0.21
43396,C-904,Gavà,Hipoteca,Si,5555,0.21
43396,C-449,Gavà,Ahorros,No,1579,0.21
43396,A-500,Gavà,Fondo de inversión,No,6723,0.21
43396,B-368,Gavà,Ahorros,Si,13734,0.21
43396,B-601,Gavà,Cuenta corriente,No,5163,0.21
43396,B-998,Gavà,Ahorros,Si,9417,0.21
43396,A-443,Gavà,Cuenta corriente,Si,4935,0.21
43396,A-532,Gavà,Fondo de inversión,No,10823,0.21
43396,D-469,Tarragona,Fondo de inversión,No,945,0.21
43396,C-582,Tarragona,Fondo de inversión,No,600,0.21
43396,C-911,Tarragona,Plan de jubilación,No,6503,0.21
43396,C-613,Tarragona,Fondo de inversión,No,5385,0.21
43396,B-682,Tarragona,Cuenta corriente,No,13551,0.21
43396,B-510,Tarragona,Hipoteca,No,10490,0.21
43396,B-785,Tarragona,Fondo de inversión,No,8435,0.21
43396,C-344,Tarragona,Ahorros,No,14612,0.21
43396,B-142,Tarragona,Hipoteca,Si,6727,0.21
43396,B-625,Girona,Hipoteca,No,4851,0.21
43396,D-770,Girona,Ahorros,No,7372,0.21
43396,B-948,Girona,Plan de jubilación,Si,7980,0.21
43396,A-254,Girona,Fondo de inversión,Si,5541,0.21
43396,D-561,Girona,Plan de jubilación,No,6747,0.21
43396,D-959,Lleida,Hipoteca,Si,2663,0.21
43396,B-353,Lleida,Hipoteca,No,5220,0.21
43397,A-515,Barcelona,Cuenta corriente,Si,9261,0.21
43397,A-714,Barcelona,Cuenta corriente,No,4423,0.21
43397,D-777,Barcelona,Ahorros,Si,13760,0.21
43397,A-743,Barcelona,Cuenta corriente,Si,9361,0.21
43397,D-263,Barcelona,Hipoteca,Si,4764,0.21
43397,D-200,Barcelona,Hipoteca,No,12256,0.21
43397,D-537,Barcelona,Fondo de inversión,No,9030,0.21
43397,A-530,Barcelona,Hipoteca,No,10932,0.21
43397,A-668,Gavà,Cuenta corriente,No,12566,0.21
43397,A-495,Gavà,Plan de jubilación,Si,761,0.21
43397,A-828,Gavà,Fondo de inversión,No,14696,0.21
43397,B-230,Tarragona,Hipoteca,Si,7868,0.21
43397,D-783,Tarragona,Fondo de inversión,No,14583,0.21
43397,A-698,Tarragona,Cuenta corriente,No,5660,0.21
43397,B-496,Tarragona,Plan de jubilación,No,12385,0.21
43397,C-886,Girona,Ahorros,No,12926,0.21
43397,B-132,Girona,Ahorros,No,7410,0.21
43397,C-868,Girona,Hipoteca,Si,12892,0.21
43397,B-421,Lleida,Hipoteca,No,3193,0.21
43397,A-543,Lleida,Hipoteca,No,6704,0.21
43397,A-933,Lleida,Ahorros,No,774,0.21
43397,D-780,Lleida,Cuenta corriente,No,11925,0.21
43397,B-523,Lleida,Cuenta corriente,Si,14877,0.21
43398,C-151,Barcelona,Cuenta corriente,No,3312,0.21
43398,C-407,Barcelona,Ahorros,Si,4562,0.21
43398,C-554,Barcelona,Plan de jubilación,Si,2602,0.21
43398,D-977,Barcelona,Cuenta corriente,Si,1329,0.21
43398,A-372,Barcelona,Hipoteca,Si,9035,0.21
43398,D-494,Gavà,Cuenta corriente,No,12188,0.21
43398,A-104,Gavà,Cuenta corriente,No,13210,0.21
43398,A-365,Gavà,Cuenta corriente,Si,5432,0.21
43398,D-357,Gavà,Ahorros,No,1576,0.21
43398,B-351,Tarragona,Plan de jubilación,No,6079,0.21
43398,C-889,Tarragona,Ahorros,No,2761,0.21
43398,A-639,Tarragona,Hipoteca,Si,1246,0.21
43398,B-498,Tarragona,Cuenta corriente,No,12323,0.21
43398,A-684,Girona,Plan de jubilación,No,5028,0.21
43398,D-878,Girona,Hipoteca,Si,3611,0.21
43398,B-947,Girona,Ahorros,Si,3486,0.21
43398,D-997,Lleida,Hipoteca,No,2050,0.21
43398,B-840,Lleida,Ahorros,No,4866,0.21
43398,C-474,Lleida,Plan de jubilación,No,3878,0.21
43398,C-945,Lleida,Fondo de inversión,No,9953,0.21
43399,D-369,Barcelona,Plan de jubilación,No,12392,0.21
43399,B-545,Gavà,Hipoteca,No,5302,0.21
43399,B-170,Gavà,Plan de jubilación,No,6717,0.21
43399,B-126,Gavà,Cuenta corriente,No,10352,0.21
43399,C-546,Tarragona,Cuenta corriente,Si,5018,0.21
43399,A-713,Tarragona,Plan de jubilación,Si,10586,0.21
43399,B-742,Tarragona,Fondo de inversión,No,8520,0.21
43399,A-152,Tarragona,Plan de jubilación,No,3795,0.21
43399,A-709,Girona,Hipoteca,Si,385,0.21
43399,D-773,Girona,Cuenta corriente,No,9434,0.21
43399,B-754,Girona,Plan de jubilación,Si,2301,0.21
43399,D-568,Girona,Hipoteca,No,11841,0.21
43399,D-566,Lleida,Hipoteca,Si,7338,0.21
43399,D-908,Lleida,Fondo de inversión,Si,11952,0.21
43399,C-775,Lleida,Hipoteca,Si,11029,0.21
43399,B-127,Lleida,Hipoteca,Si,9795,0.21
43400,D-480,Barcelona,Hipoteca,No,1877,0.21
43400,A-893,Barcelona,Cuenta corriente,Si,7698,0.21
43400,B-203,Barcelona,Cuenta corriente,Si,13983,0.21
43400,C-477,Barcelona,Hipoteca,No,6234,0.21
43400,B-965,Barcelona,Plan de jubilación,Si,6571,0.21
43400,B-864,Barcelona,Cuenta corriente,No,1848,0.21
43400,A-846,Gavà,Ahorros,No,12650,0.21
43400,D-100,Gavà,Fondo de inversión,Si,2663,0.21
43400,D-487,Gavà,Plan de jubilación,Si,14544,0.21
43400,B-849,Tarragona,Cuenta corriente,No,5525,0.21
43400,D-185,Tarragona,Hipoteca,Si,8981,0.21
43400,C-760,Tarragona,Plan de jubilación,Si,8309,0.21
43400,A-794,Tarragona,Plan de jubilación,Si,10914,0.21
43400,C-122,Tarragona,Plan de jubilación,Si,9283,0.21
43400,D-922,Lleida,Plan de jubilación,Si,7168,0.21
43401,B-636,Barcelona,Plan de jubilación,Si,12525,0.21
43401,B-557,Barcelona,Hipoteca,Si,9071,0.21
43401,A-317,Barcelona,Cuenta corriente,Si,13789,0.21
43401,A-667,Gavà,Fondo de inversión,Si,6946,0.21
43401,C-399,Gavà,Plan de jubilación,Si,1021,0.21
43401,C-609,Gavà,Plan de jubilación,No,11041,0.21
43401,B-157,Gavà,Hipoteca,Si,9940,0.21
43401,A-440,Gavà,Hipoteca,Si,4141,0.21
43401,A-557,Gavà,Fondo de inversión,No,7231,0.21
43401,A-328,Tarragona,Hipoteca,Si,5829,0.21
43401,D-916,Tarragona,Cuenta corriente,Si,11385,0.21
43401,B-211,Tarragona,Hipoteca,No,5435,0.21
43401,D-568,Tarragona,Ahorros,Si,9979,0.21
43401,A-808,Tarragona,Plan de jubilación,No,3297,0.21
43401,C-551,Girona,Hipoteca,Si,1784,0.21
43401,B-131,Girona,Cuenta corriente,Si,14580,0.21
43401,A-721,Girona,Hipoteca,No,13340,0.21
43401,C-585,Girona,Fondo de inversión,No,7722,0.21
43401,A-414,Girona,Plan de jubilación,No,12570,0.21
43401,D-457,Lleida,Ahorros,Si,3392,0.21
43401,A-757,Lleida,Cuenta corriente,Si,13145,0.21
43401,D-815,Lleida,Cuenta corriente,Si,10907,0.21
43401,A-844,Lleida,Cuenta corriente,No,12973,0.21
43401,B-905,Lleida,Fondo de inversión,No,8481,0.21
43401,A-461,Lleida,Plan de jubilación,No,2373,0.21
43401,D-740,Lleida,Ahorros,No,12644,0.21
43401,D-327,Lleida,Plan de jubilación,Si,7960,0.21
43401,C-211,Lleida,Cuenta corriente,No,2978,0.21
43402,D-567,Barcelona,Hipoteca,Si,6282,0.21
43402,A-655,Barcelona,Plan de jubilación,No,2637,0.21
43402,D-579,Gavà,Ahorros,No,14325,0.21
43402,A-997,Gavà,Plan de jubilación,Si,427,0.21
43402,C-625,Gavà,Hipoteca,No,12989,0.21
43402,B-120,Gavà,Ahorros,No,13771,0.21
43402,C-751,Gavà,Hipoteca,No,10027,0.21
43402,B-293,Gavà,Plan de jubilación,No,2742,0.21
43402,B-484,Gavà,Fondo de inversión,No,9092,0.21
43402,C-427,Gavà,Cuenta corriente,No,2353,0.21
43402,A-663,Gavà,Fondo de inversión,Si,13808,0.21
43402,D-943,Tarragona,Ahorros,No,9163,0.21
43402,B-834,Tarragona,Fondo de inversión,No,10186,0.21
43402,C-780,Tarragona,Fondo de inversión,No,3719,0.21
43402,B-449,Tarragona,Cuenta corriente,Si,1690,0.21
43402,C-966,Tarragona,Fondo de inversión,Si,1181,0.21
43402,A-877,Tarragona,Ahorros,Si,11931,0.21
43402,D-673,Girona,Hipoteca,Si,12110,0.21
43402,C-390,Girona,Plan de jubilación,No,7065,0.21
43402,B-471,Girona,Ahorros,No,13488,0.21
43402,C-180,Lleida,Plan de jubilación,No,233,0.21
43402,B-168,Lleida,Plan de jubilación,Si,10266,0.21
43402,B-209,Lleida,Cuenta corriente,No,795,0.21
43402,C-877,Lleida,Ahorros,Si,1397,0.21
43403,A-930,Barcelona,Fondo de inversión,No,9270,0.21
43403,A-710,Barcelona,Cuenta corriente,No,10394,0.21
43403,D-692,Barcelona,Fondo de inversión,No,3157,0.21
43403,B-950,Barcelona,Hipoteca,No,4150,0.21
43403,A-590,Barcelona,Hipoteca,Si,11789,0.21
43403,A-436,Barcelona,Fondo de inversión,Si,7785,0.21
43403,D-284,Gavà,Hipoteca,Si,14435,0.21
43403,B-546,Tarragona,Ahorros,Si,2859,0.21
43403,B-376,Tarragona,Cuenta corriente,Si,10733,0.21
43403,B-309,Tarragona,Ahorros,No,12534,0.21
43403,A-717,Girona,Cuenta corriente,Si,8398,0.21
43403,C-991,Girona,Fondo de inversión,Si,11202,0.21
43403,C-338,Girona,Hipoteca,No,5441,0.21
43403,D-514,Lleida,Plan de jubilación,Si,7913,0.21
43403,C-790,Lleida,Plan de jubilación,Si,7000,0.21
43403,D-761,Lleida,Cuenta corriente,No,5251,0.21
43404,C-717,Barcelona,Ahorros,No,7182,0.21
43404,B-618,Barcelona,Hipoteca,No,12678,0.21
43404,B-175,Barcelona,Ahorros,Si,13833,0.21
43404,D-975,Barcelona,Plan de jubilación,No,4125,0.21
43404,D-598,Tarragona,Plan de jubilación,Si,6592,0.21
43404,A-580,Tarragona,Fondo de inversión,No,9229,0.21
43404,B-566,Tarragona,Cuenta corriente,No,4970,0.21
43404,A-895,Tarragona,Hipoteca,No,1933,0.21
43404,B-232,Tarragona,Ahorros,No,2502,0.21
43404,A-474,Girona,Fondo de inversión,Si,5292,0.21
43404,A-263,Lleida,Hipoteca,No,2510,0.21
43404,C-961,Lleida,Fondo de inversión,No,6931,0.21
43404,A-373,Lleida,Plan de jubilación,Si,5629,0.21
43404,A-645,Lleida,Cuenta corriente,No,12640,0.21
43405,B-507,Barcelona,Plan de jubilación,Si,5411,0.21
43405,B-201,Gavà,Fondo de inversión,No,6939,0.21
43405,A-413,Gavà,Ahorros,Si,8476,0.21
43405,D-652,Gavà,Plan de jubilación,Si,4713,0.21
43405,A-862,Tarragona,Plan de jubilación,Si,10473,0.21
43405,D-839,Tarragona,Cuenta corriente,No,10965,0.21
43405,B-237,Girona,Ahorros,Si,14936,0.21
43405,D-648,Girona,Cuenta corriente,Si,12120,0.21
43405,D-119,Girona,Ahorros,No,13964,0.21
43405,A-448,Girona,Fondo de inversión,Si,9544,0.21
43405,C-126,Girona,Cuenta corriente,No,9680,0.21
43405,A-174,Girona,Ahorros,Si,3309,0.21
43406,D-967,Barcelona,Fondo de inversión,Si,10362,0.21
43406,B-539,Barcelona,Hipoteca,Si,3761,0.21
43406,B-141,Barcelona,Plan de jubilación,Si,5334,0.21
43406,B-890,Gavà,Plan de jubilación,No,7275,0.21
43406,C-518,Gavà,Ahorros,Si,13862,0.21
43406,D-382,Gavà,Hipoteca,No,7273,0.21
43406,D-828,Gavà,Fondo de inversión,Si,4538,0.21
43406,A-458,Tarragona,Fondo de inversión,Si,4874,0.21
43406,A-440,Girona,Hipoteca,No,1447,0.21
43406,C-310,Lleida,Fondo de inversión,No,2102,0.21
43406,C-752,Lleida,Ahorros,Si,7268,0.21
43406,A-857,Lleida,Cuenta corriente,No,11086,0.21
43406,D-942,Lleida,Cuenta corriente,Si,4893,0.21
43407,C-227,Barcelona,Hipoteca,No,4092,0.21
43407,C-448,Barcelona,Fondo de inversión,Si,484,0.21
43407,C-888,Barcelona,Cuenta corriente,No,11813,0.21
43407,B-687,Barcelona,Plan de jubilación,Si,1717,0.21
43407,D-769,Barcelona,Ahorros,No,14840,0.21
43407,C-492,Barcelona,Plan de jubilación,Si,7901,0.21
43407,B-667,Gavà,Cuenta corriente,No,13608,0.21
43407,C-865,Gavà,Hipoteca,No,711,0.21
43407,B-523,Gavà,Fondo de inversión,No,9080,0.21
43407,C-739,Gavà,Hipoteca,Si,7632,0.21
43407,A-348,Gavà,Plan de jubilación,Si,9297,0.21
43407,A-632,Tarragona,Plan de jubilación,No,465,0.21
43407,A-546,Tarragona,Cuenta corriente,Si,14170,0.21
43407,C-287,Tarragona,Fondo de inversión,No,9273,0.21
43407,D-894,Girona,Ahorros,Si,9850,0.21
43407,D-334,Girona,Plan de jubilación,No,5830,0.21
43407,A-683,Girona,Ahorros,No,5196,0.21
43407,D-110,Girona,Plan de jubilación,No,2509,0.21
43407,C-562,Girona,Plan de jubilación,No,6361,0.21
43408,D-444,Barcelona,Hipoteca,Si,8905,0.21
43408,A-654,Barcelona,Ahorros,No,14950,0.21
43408,C-286,Gavà,Cuenta corriente,Si,229,0.21
43408,D-349,Gavà,Cuenta corriente,Si,8106,0.21
43408,D-324,Gavà,Cuenta corriente,Si,13584,0.21
43408,A-264,Gavà,Plan de jubilación,No,689,0.21
43408,C-709,Gavà,Plan de jubilación,No,10706,0.21
43408,D-331,Gavà,Hipoteca,No,4086,0.21
43408,A-324,Gavà,Cuenta corriente,Si,12801,0.21
43408,D-675,Tarragona,Ahorros,No,4325,0.21
43408,C-368,Tarragona,Ahorros,No,2009,0.21
43408,C-462,Tarragona,Fondo de inversión,No,8453,0.21
43408,D-823,Girona,Hipoteca,No,6024,0.21
43408,C-283,Girona,Plan de jubilación,Si,9376,0.21
43408,D-174,Girona,Hipoteca,Si,8546,0.21
43408,C-719,Girona,Cuenta corriente,No,13157,0.21
43408,C-374,Lleida,Cuenta corriente,No,324,0.21
43408,B-833,Lleida,Plan de jubilación,No,2087,0.21
43408,D-524,Lleida,Ahorros,Si,462,0.21
43408,B-563,Lleida,Hipoteca,No,11496,0.21
43408,B-668,Lleida,Ahorros,No,12991,0.21
43408,C-279,Lleida,Ahorros,No,11276,0.21
43409,B-966,Barcelona,Ahorros,No,14073,0.21
43409,D-352,Barcelona,Ahorros,Si,856,0.21
43409,A-489,Gavà,Cuenta corriente,Si,14441,0.21
43409,A-635,Gavà,Plan de jubilación,Si,3241,0.21
43409,B-910,Gavà,Plan de jubilación,No,9680,0.21
43409,D-350,Gavà,Cuenta corriente,No,6575,0.21
43409,C-129,Gavà,Ahorros,No,11631,0.21
43409,B-858,Tarragona,Plan de jubilación,Si,4607,0.21
43409,C-117,Tarragona,Plan de jubilación,Si,4524,0.21
43409,B-529,Tarragona,Fondo de inversión,Si,7736,0.21
43409,D-424,Tarragona,Fondo de inversión,Si,8290,0.21
43409,D-152,Girona,Cuenta corriente,Si,11945,0.21
43409,C-890,Girona,Ahorros,Si,10260,0.21
43409,D-389,Girona,Cuenta corriente,Si,4564,0.21
43409,B-319,Girona,Hipoteca,No,13224,0.21
43409,D-956,Girona,Fondo de inversión,No,10599,0.21
43409,D-233,Girona,Hipoteca,No,5646,0.21
43410,A-709,Barcelona,Plan de jubilación,Si,1348,0.21
43410,D-132,Barcelona,Cuenta corriente,Si,5715,0.21
43410,A-156,Barcelona,Fondo de inversión,Si,14998,0.21
43410,B-482,Barcelona,Plan de jubilación,No,10852,0.21
43410,C-996,Barcelona,Ahorros,No,3444,0.21
43410,A-437,Barcelona,Ahorros,No,5850,0.21
43410,B-369,Gavà,Fondo de inversión,No,10494,0.21
43410,D-311,Gavà,Plan de jubilación,No,9483,0.21
43410,B-718,Gavà,Hipoteca,No,7244,0.21
43410,C-257,Gavà,Hipoteca,Si,11907,0.21
43410,A-287,Gavà,Cuenta corriente,Si,13292,0.21
43410,C-682,Tarragona,Ahorros,No,5083,0.21
43410,C-713,Girona,Fondo de inversión,No,372,0.21
43410,D-198,Girona,Ahorros,No,4237,0.21
43410,B-505,Girona,Fondo de inversión,Si,10378,0.21
43410,A-245,Girona,Cuenta corriente,Si,3627,0.21
43410,B-153,Lleida,Fondo de inversión,No,6551,0.21
43410,D-965,Lleida,Plan de jubilación,Si,12734,0.21
43410,A-543,Lleida,Hipoteca,Si,9322,0.21
43410,A-417,Lleida,Cuenta corriente,Si,5432,0.21
43410,C-474,Lleida,Hipoteca,No,7922,0.21
43410,D-565,Lleida,Plan de jubilación,Si,8769,0.21
43411,B-153,Barcelona,Plan de jubilación,No,2675,0.21
43411,D-165,Barcelona,Hipoteca,Si,4751,0.21
43411,C-793,Barcelona,Hipoteca,Si,3861,0.21
43411,D-595,Barcelona,Hipoteca,No,3976,0.21
43411,D-285,Barcelona,Cuenta corriente,Si,14956,0.21
43411,D-448,Barcelona,Ahorros,No,4964,0.21
43411,A-538,Gavà,Fondo de inversión,Si,12571,0.21
43411,D-617,Gavà,Fondo de inversión,No,1074,0.21
43411,A-961,Tarragona,Cuenta corriente,Si,5665,0.21
43411,B-827,Tarragona,Ahorros,No,11805,0.21
43411,D-188,Tarragona,Cuenta corriente,No,9471,0.21
43411,A-961,Tarragona,Plan de jubilación,No,7516,0.21
43411,A-552,Tarragona,Ahorros,No,8052,0.21
43411,B-634,Tarragona,Plan de jubilación,No,9825,0.21
43411,C-107,Tarragona,Ahorros,Si,9411,0.21
43411,D-629,Tarragona,Hipoteca,Si,6561,0.21
43411,A-842,Girona,Cuenta corriente,No,3486,0.21
43411,A-661,Girona,Hipoteca,No,13445,0.21
43411,D-786,Girona,Fondo de inversión,Si,10485,0.21
43411,C-431,Girona,Fondo de inversión,No,8556,0.21
43411,C-163,Lleida,Fondo de inversión,No,8783,0.21
43411,A-391,Lleida,Cuenta corriente,Si,10262,0.21
43411,B-397,Lleida,Fondo de inversión,No,5459,0.21
43411,D-815,Lleida,Cuenta corriente,Si,12766,0.21
43411,A-154,Lleida,Cuenta corriente,Si,10594,0.21
43411,C-360,Lleida,Ahorros,No,8801,0.21
43411,A-676,Lleida,Cuenta corriente,No,1897,0.21
43411,C-798,Lleida,Hipoteca,Si,1337,0.21
43412,B-106,Barcelona,Ahorros,No,14538,0.21
43412,B-972,Barcelona,Ahorros,Si,13066,0.21
43412,B-706,Barcelona,Cuenta corriente,Si,12106,0.21
43412,B-249,Gavà,Plan de jubilación,No,3670,0.21
43412,D-687,Gavà,Fondo de inversión,No,11932,0.21
43412,D-316,Gavà,Ahorros,Si,13644,0.21
43412,B-876,Gavà,Hipoteca,Si,9413,0.21
43412,A-956,Gavà,Cuenta corriente,No,14774,0.21
43412,C-310,Gavà,Fondo de inversión,No,13750,0.21
43412,C-713,Gavà,Fondo de inversión,No,10064,0.21
43412,B-893,Gavà,Hipoteca,Si,10799,0.21
43412,B-884,Gavà,Ahorros,No,3770,0.21
43412,A-689,Gavà,Plan de jubilación,Si,8075,0.21
43412,D-375,Tarragona,Fondo de inversión,Si,12855,0.21
43412,D-435,Tarragona,Ahorros,No,3930,0.21
43412,C-972,Tarragona,Hipoteca,No,4003,0.21
43412,B-397,Girona,Cuenta corriente,No,8563,0.21
43412,C-832,Girona,Cuenta corriente,Si,1061,0.21
43412,C-723,Girona,Fondo de inversión,Si,4850,0.21
43412,A-803,Lleida,Hipoteca,Si,1615,0.21
43412,A-953,Lleida,Ahorros,Si,196,0.21
43412,B-738,Lleida,Hipoteca,No,585,0.21
43412,B-693,Lleida,Hipoteca,Si,6324,0.21
43412,C-662,Lleida,Cuenta corriente,Si,3586,0.21
43412,D-985,Lleida,Cuenta corriente,Si,5814,0.21
43413,B-985,Barcelona,Plan de jubilación,Si,2863,0.21
43413,B-828,Barcelona,Ahorros,Si,1924,0.21
43413,C-553,Barcelona,Plan de jubilación,No,102,0.21
43413,A-690,Barcelona,Ahorros,Si,1577,0.21
43413,B-300,Barcelona,Plan de jubilación,No,6866,0.21
43413,C-861,Barcelona,Plan de jubilación,Si,14548,0.21
43413,B-991,Gavà,Hipoteca,No,1898,0.21
43413,C-226,Gavà,Ahorros,No,11451,0.21
43413,A-468,Gavà,Fondo de inversión,No,7686,0.21
43413,D-730,Tarragona,Fondo de inversión,No,572,0.21
43413,C-537,Tarragona,Ahorros,Si,8584,0.21
43413,B-993,Tarragona,Hipoteca,Si,8982,0.21
43413,B-808,Tarragona,Cuenta corriente,No,654,0.21
43413,B-932,Tarragona,Ahorros,Si,11914,0.21
43413,B-523,Tarragona,Cuenta corriente,No,5405,0.21
43413,A-378,Girona,Hipoteca,Si,14025,0.21
43413,D-728,Girona,Hipoteca,Si,7905,0.21
43413,D-526,Girona,Plan de jubilación,No,7794,0.21
43413,C-812,Girona,Ahorros,Si,6897,0.21
43413,D-992,Girona,Ahorros,No,4590,0.21
43413,D-279,Girona,Plan de jubilación,Si,11582,0.21
43413,D-764,Girona,Hipoteca,No,4127,0.21
43413,D-455,Girona,Cuenta corriente,Si,10797,0.21
43413,B-533,Girona,Plan de jubilación,No,13183,0.21
43413,D-880,Lleida,Ahorros,Si,14781,0.21
43413,D-786,Lleida,Plan de jubilación,No,11547,0.21
43413,A-105,Lleida,Hipoteca,Si,6396,0.21
43413,B-612,Lleida,Cuenta corriente,No,2551,0.21
43413,C-133,Lleida,Hipoteca,Si,5344,0.21
43414,C-699,Barcelona,Hipoteca,No,9962,0.21
43414,C-468,Barcelona,Ahorros,No,14389,0.21
43414,C-583,Barcelona,Cuenta corriente,Si,14137,0.21
43414,B-309,Barcelona,Ahorros,No,9058,0.21
43414,C-663,Barcelona,Ahorros,Si,3374,0.21
43414,C-372,Gavà,Plan de jubilación,Si,1181,0.21
43414,B-986,Gavà,Fondo de inversión,No,9353,0.21
43414,D-860,Gavà,Cuenta corriente,No,1812,0.21
43414,B-967,Tarragona,Plan de jubilación,Si,6753,0.21
43414,D-255,Tarragona,Fondo de inversión,Si,5413,0.21
43414,B-465,Tarragona,Cuenta corriente,Si,14342,0.21
43414,C-901,Tarragona,Cuenta corriente,Si,9686,0.21
43414,A-483,Tarragona,Ahorros,Si,9875,0.21
43414,A-932,Girona,Plan de jubilación,Si,662,0.21
43414,D-461,Girona,Cuenta corriente,No,13600,0.21
43414,B-546,Girona,Ahorros,No,3075,0.21
43414,B-162,Girona,Plan de jubilación,No,12052,0.21
43414,C-868,Girona,Hipoteca,Si,14057,0.21
43414,B-290,Girona,Cuenta corriente,Si,10693,0.21
43414,C-306,Lleida,Cuenta corriente,Si,11995,0.21
43414,C-995,Lleida,Fondo de inversión,No,1413,0.21
43414,D-627,Lleida,Hipoteca,No,7739,0.21
43415,B-295,Gavà,Hipoteca,No,2227,0.21
43415,C-442,Gavà,Ahorros,No,1828,0.21
43415,D-778,Gavà,Cuenta corriente,Si,3463,0.21
43415,B-449,Gavà,Plan de jubilación,Si,13282,0.21
43415,D-716,Tarragona,Ahorros,No,14710,0.21
43415,D-275,Tarragona,Ahorros,Si,10198,0.21
43415,C-157,Tarragona,Fondo de inversión,Si,2959,0.21
43415,A-167,Tarragona,Fondo de inversión,No,10765,0.21
43415,D-126,Girona,Fondo de inversión,Si,10250,0.21
43415,A-483,Girona,Cuenta corriente,Si,2627,0.21
43415,C-669,Girona,Cuenta corriente,No,14530,0.21
43415,A-791,Girona,Plan de jubilación,No,14849,0.21
43415,D-915,Lleida,Fondo de inversión,No,8159,0.21
43415,C-672,Lleida,Fondo de inversión,Si,373,0.21
43416,A-121,Barcelona,Hipoteca,No,1491,0.21
43416,D-675,Barcelona,Cuenta corriente,Si,14255,0.21
43416,B-365,Barcelona,Hipoteca,Si,9989,0.21
43416,A-328,Barcelona,Fondo de inversión,No,12823,0.21
43416,B-242,Barcelona,Ahorros,Si,14326,0.21
43416,C-729,Barcelona,Hipoteca,No,2235,0.21
43416,A-886,Gavà,Cuenta corriente,No,8788,0.21
43416,D-826,Tarragona,Cuenta corriente,Si,10088,0.21
43416,B-454,Tarragona,Fondo de inversión,No,2528,0.21
43416,A-144,Tarragona,Cuenta corriente,No,4444,0.21
43416,B-840,Tarragona,Plan de jubilación,No,4449,0.21
43416,A-232,Girona,Plan de jubilación,No,7882,0.21
43416,B-362,Girona,Plan de jubilación,Si,7827,0.21
43416,D-352,Girona,Plan de jubilación,Si,14975,0.21
43416,B-844,Lleida,Plan de jubilación,Si,10627,0.21
43417,B-657,Barcelona,Ahorros,Si,4806,0.21
43417,D-504,Barcelona,Cuenta corriente,Si,1219,0.21
43417,A-622,Barcelona,Hipoteca,Si,3582,0.21
43417,D-123,Barcelona,Plan de jubilación,Si,5780,0.21
43417,D-316,Barcelona,Plan de jubilación,No,9308,0.21
43417,A-895,Barcelona,Fondo de inversión,No,4383,0.21
43417,A-838,Barcelona,Hipoteca,No,14676,0.21
43417,C-273,Gavà,Fondo de inversión,Si,7249,0.21
43417,A-619,Gavà,Fondo de inversión,No,14249,0.21
43417,D-404,Gavà,Fondo de inversión,No,14429,0.21
43417,A-213,Gavà,Cuenta corriente,Si,6324,0.21
43417,A-946,Gavà,Hipoteca,No,3008,0.21
43417,B-328,Tarragona,Cuenta corriente,Si,5441,0.21
43417,A-807,Tarragona,Cuenta corriente,No,13849,0.21
43417,A-220,Tarragona,Hipoteca,Si,6872,0.21
43417,A-684,Tarragona,Plan de jubilación,Si,11075,0.21
43417,C-255,Girona,Plan de jubilación,No,9745,0.21
43417,C-122,Girona,Cuenta corriente,No,13090,0.21
43417,A-636,Girona,Fondo de inversión,Si,9221,0.21
43417,A-411,Girona,Fondo de inversión,Si,7163,0.21
43417,A-600,Girona,Hipoteca,No,9274,0.21
43417,D-183,Girona,Hipoteca,No,13064,0.21
43417,C-952,Lleida,Cuenta corriente,Si,9814,0.21
43417,A-226,Lleida,Fondo de inversión,No,14290,0.21
43417,B-342,Lleida,Fondo de inversión,Si,14526,0.21
43417,C-486,Lleida,Hipoteca,Si,7315,0.21
43417,D-319,Lleida,Hipoteca,No,6462,0.21
43417,D-446,Lleida,Cuenta corriente,Si,10172,0.21
43418,B-875,Barcelona,Plan de jubilación,Si,9879,0.21
43418,C-474,Barcelona,Ahorros,Si,6592,0.21
43418,B-995,Barcelona,Ahorros,Si,6337,0.21
43418,B-353,Barcelona,Hipoteca,No,12325,0.21
43418,D-748,Gavà,Hipoteca,No,13937,0.21
43418,D-356,Gavà,Ahorros,No,8105,0.21
43418,A-126,Gavà,Fondo de inversión,Si,11379,0.21
43418,B-931,Gavà,Ahorros,No,2360,0.21
43418,D-683,Gavà,Hipoteca,Si,7943,0.21
43418,D-958,Tarragona,Cuenta corriente,Si,13999,0.21
43418,D-597,Tarragona,Plan de jubilación,No,10257,0.21
43418,A-968,Girona,Ahorros,No,4422,0.21
43418,B-189,Girona,Cuenta corriente,Si,1403,0.21
43418,D-145,Girona,Ahorros,No,8493,0.21
43418,A-426,Girona,Ahorros,No,418,0.21
43418,C-348,Girona,Plan de jubilación,No,12906,0.21
43418,D-633,Girona,Fondo de inversión,Si,7713,0.21
43418,D-644,Girona,Fondo de inversión,No,2003,0.21
43418,B-855,Girona,Ahorros,No,172,0.21
43418,B-394,Girona,Ahorros,No,3273,0.21
43418,A-305,Girona,Plan de jubilación,No,4094,0.21
43418,B-837,Lleida,Ahorros,Si,11779,0.21
43418,A-569,Lleida,Fondo de inversión,Si,6118,0.21
43419,A-441,Barcelona,Fondo de inversión,No,3223,0.21
43419,D-634,Barcelona,Fondo de inversión,No,12784,0.21
43419,D-965,Barcelona,Fondo de inversión,No,9857,0.21
43419,A-769,Barcelona,Cuenta corriente,Si,2557,0.21
43419,C-390,Gavà,Cuenta corriente,Si,14075,0.21
43419,A-881,Gavà,Ahorros,No,4976,0.21
43419,B-357,Gavà,Cuenta corriente,No,3628,0.21
43419,B-565,Tarragona,Plan de jubilación,Si,14974,0.21
43419,D-855,Tarragona,Fondo de inversión,Si,5437,0.21
43419,B-419,Tarragona,Cuenta corriente,Si,9942,0.21
43419,B-476,Girona,Plan de jubilación,No,12461,0.21
43419,C-500,Girona,Cuenta corriente,No,4318,0.21
43419,B-663,Girona,Cuenta corriente,Si,3680,0.21
43419,D-356,Girona,Plan de jubilación,Si,8559,0.21
43419,D-687,Girona,Fondo de inversión,Si,11822,0.21
43419,B-684,Lleida,Cuenta corriente,No,2944,0.21
43420,C-846,Barcelona,Plan de jubilación,No,3342,0.21
43420,D-519,Barcelona,Hipoteca,No,11519,0.21
43420,B-720,Barcelona,Cuenta corriente,Si,8867,0.21
43420,D-352,Barcelona,Plan de jubilación,Si,4501,0.21
43420,A-656,Barcelona,Ahorros,Si,1838,0.21
43420,A-517,Barcelona,Fondo de inversión,Si,9854,0.21
43420,D-684,Gavà,Ahorros,No,13429,0.21
43420,D-650,Gavà,Plan de jubilación,No,14245,0.21
43420,B-292,Gavà,Cuenta corriente,No,8651,0.21
43420,C-224,Gavà,Plan de jubilación,Si,8641,0.21
43420,C-909,Gavà,Cuenta corriente,No,3616,0.21
43420,A-134,Gavà,Fondo de inversión,No,10653,0.21
43420,A-215,Tarragona,Plan de jubilación,No,5918,0.21
43420,D-816,Tarragona,Plan de jubilación,Si,10113,0.21
43420,A-614,Tarragona,Cuenta corriente,No,11332,0.21
43420,A-264,Tarragona,Ahorros,No,2929,0.21
43420,B-615,Girona,Hipoteca,Si,1352,0.21
43420,D-932,Lleida,Hipoteca,Si,154,0.21
43420,D-833,Lleida,Hipoteca,Si,10356,0.21
43420,D-921,Lleida,Ahorros,No,6863,0.21
43420,A-160,Lleida,Plan de jubilación,No,12726,0.21
43420,B-835,Lleida,Plan de jubilación,Si,11420,0.21
43421,C-270,Barcelona,Plan de jubilación,No,11743,0.21
43421,C-977,Barcelona,Fondo de inversión,No,7805,0.21
43421,C-470,Barcelona,Plan de jubilación,Si,9858,0.21
43421,C-605,Gavà,Hipoteca,Si,8103,0.21
43421,C-454,Gavà,Ahorros,No,14401,0.21
43421,C-288,Gavà,Fondo de inversión,No,3962,0.21
43421,C-910,Gavà,Cuenta corriente,No,2449,0.21
43421,C-479,Gavà,Fondo de inversión,No,3891,0.21
43421,D-593,Tarragona,Ahorros,No,9521,0.21
43421,A-838,Tarragona,Hipoteca,No,13417,0.21
43421,D-229,Tarragona,Fondo de inversión,Si,13602,0.21
43421,B-727,Girona,Fondo de inversión,No,9467,0.21
43421,D-585,Girona,Hipoteca,Si,5882,0.21
43421,D-125,Girona,Fondo de inversión,Si,2842,0.21
43421,B-266,Girona,Cuenta corriente,No,13312,0.21
43421,D-847,Girona,Cuenta corriente,No,7760,0.21
43421,B-399,Lleida,Ahorros,Si,9810,0.21
43421,B-986,Lleida,Hipoteca,No,6522,0.21
43421,C-200,Lleida,Cuenta corriente,Si,11163,0.21
43422,C-327,Barcelona,Ahorros,Si,14875,0.21
43422,C-407,Barcelona,Hipoteca,Si,7258,0.21
43422,A-781,Barcelona,Fondo de inversión,No,14439,0.21
43422,B-863,Barcelona,Hipoteca,Si,7375,0.21
43422,B-566,Barcelona,Plan de jubilación,Si,12845,0.21
43422,C-743,Gavà,Ahorros,Si,8768,0.21
43422,C-377,Gavà,Hipoteca,No,5956,0.21
43422,D-162,Gavà,Cuenta corriente,No,8862,0.21
43422,B-363,Gavà,Hipoteca,Si,7891,0.21
43422,B-277,Gavà,Cuenta corriente,Si,5013,0.21
43422,C-747,Tarragona,Cuenta corriente,No,2351,0.21
43422,D-863,Tarragona,Hipoteca,Si,4479,0.21
43422,A-684,Tarragona,Ahorros,Si,10238,0.21
43422,A-243,Tarragona,Cuenta corriente,Si,8392,0.21
43422,D-734,Tarragona,Cuenta corriente,Si,9690,0.21
43422,C-342,Girona,Plan de jubilación,Si,542,0.21
43422,C-995,Girona,Fondo de inversión,Si,5442,0.21
43422,D-146,Girona,Ahorros,Si,5343,0.21
43422,A-808,Girona,Plan de jubilación,No,13260,0.21
43422,C-291,Lleida,Hipoteca,No,14402,0.21
43422,C-210,Lleida,Fondo de inversión,Si,4273,0.21
43422,A-625,Lleida,Plan de jubilación,Si,10831,0.21
43422,A-789,Lleida,Fondo de inversión,No,12853,0.21
43422,C-560,Lleida,Fondo de inversión,Si,6351,0.21
43422,C-398,Lleida,Cuenta corriente,Si,3978,0.21
43422,A-989,Lleida,Plan de jubilación,Si,1532,0.21
43423,C-432,Barcelona,Cuenta corriente,No,11087,0.21
43423,A-992,Barcelona,Plan de jubilación,No,14693,0.21
43423,C-837,Barcelona,Ahorros,No,10139,0.21
43423,A-216,Gavà,Cuenta corriente,No,105,0.21
43423,A-826,Gavà,Cuenta corriente,No,10075,0.21
43423,A-516,Tarragona,Fondo de inversión,No,12242,0.21
43423,B-909,Tarragona,Hipoteca,No,4697,0.21
43423,B-717,Tarragona,Plan de jubilación,No,13265,0.21
43423,B-326,Tarragona,Fondo de inversión,No,5444,0.21
43423,B-713,Tarragona,Plan de jubilación,Si,13941,0.21
43423,A-275,Girona,Cuenta corriente,Si,6931,0.21
43423,D-550,Girona,Hipoteca,Si,8716,0.21
43423,A-187,Girona,Fondo de inversión,No,941,0.21
43423,D-239,Girona,Cuenta corriente,No,11365,0.21
43423,A-593,Lleida,Ahorros,No,8460,0.21
43423,D-354,Lleida,Fondo de inversión,No,2494,0.21
43423,D-588,Lleida,Cuenta corriente,Si,12554,0.21
43423,C-405,Lleida,Cuenta corriente,No,2022,0.21
43424,A-349,Barcelona,Plan de jubilación,Si,3053,0.21
43424,C-172,Barcelona,Plan de jubilación,Si,11740,0.21
43424,C-699,Barcelona,Ahorros,No,8750,0.21
43424,B-187,Barcelona,Fondo de inversión,No,14807,0.21
43424,C-635,Gavà,Hipoteca,No,2461,0.21
43424,B-983,Gavà,Plan de jubilación,No,3787,0.21
43424,C-717,Gavà,Plan de jubilación,Si,14686,0.21
43424,B-624,Tarragona,Plan de jubilación,No,7060,0.21
43424,A-167,Tarragona,Fondo de inversión,No,10608,0.21
43424,D-466,Tarragona,Ahorros,Si,7039,0.21
43424,D-570,Tarragona,Hipoteca,Si,2231,0.21
43424,A-264,Tarragona,Plan de jubilación,Si,12065,0.21
43424,D-666,Tarragona,Hipoteca,Si,460,0.21
43424,B-516,Tarragona,Hipoteca,No,1436,0.21
43424,A-785,Girona,Plan de jubilación,Si,1186,0.21
43424,D-759,Girona,Cuenta corriente,No,10148,0.21
43424,B-785,Girona,Cuenta corriente,No,7704,0.21
43424,A-989,Girona,Plan de jubilación,No,1918,0.21
43424,A-160,Lleida,Cuenta corriente,No,14272,0.21
43424,D-337,Lleida,Cuenta corriente,No,3266,0.21
43424,A-141,Lleida,Plan de jubilación,No,4354,0.21
43424,C-915,Lleida,Fondo de inversión,No,3191,0.21
43424,D-981,Lleida,Hipoteca,No,5548,0.21
43424,C-470,Lleida,Plan de jubilación,No,7116,0.21
43424,D-172,Lleida,Ahorros,Si,3309,0.21
43424,D-903,Lleida,Cuenta corriente,Si,7408,0.21
43425,C-192,Barcelona,Hipoteca,Si,12878,0.21
43425,D-429,Barcelona,Hipoteca,Si,10515,0.21
43425,C-199,Gavà,Cuenta corriente,Si,718,0.21
43425,D-138,Tarragona,Ahorros,No,14420,0.21
43425,C-338,Tarragona,Plan de jubilación,No,3468,0.21
43425,D-415,Tarragona,Ahorros,No,842,0.21
43425,B-868,Girona,Cuenta corriente,Si,1803,0.21
43425,B-188,Girona,Fondo de inversión,Si,4696,0.21
43425,B-783,Girona,Plan de jubilación,No,2579,0.21
43425,A-356,Girona,Cuenta corriente,No,8990,0.21
43425,C-444,Girona,Cuenta corriente,Si,3841,0.21
43425,D-234,Girona,Plan de jubilación,Si,12790,0.21
43425,D-474,Lleida,Plan de jubilación,Si,2217,0.21
43425,C-582,Lleida,Cuenta corriente,No,11391,0.21
43426,A-896,Barcelona,Ahorros,Si,437,0.21
43426,D-906,Barcelona,Cuenta corriente,Si,8006,0.21
43426,A-118,Barcelona,Ahorros,Si,9901,0.21
43426,C-836,Barcelona,Hipoteca,No,9164,0.21
43426,D-421,Barcelona,Hipoteca,Si,10448,0.21
43426,A-941,Barcelona,Fondo de inversión,No,1054,0.21
43426,A-394,Barcelona,Fondo de inversión,No,3519,0.21
43426,D-501,Barcelona,Fondo de inversión,No,4714,0.21
43426,D-120,Gavà,Plan de jubilación,Si,1927,0.21
43426,D-825,Gavà,Hipoteca,Si,9409,0.21
43426,A-980,Gavà,Hipoteca,No,13112,0.21
43426,B-685,Gavà,Cuenta corriente,Si,9947,0.21
43426,D-987,Gavà,Fondo de inversión,Si,13071,0.21
43426,C-685,Tarragona,Fondo de inversión,Si,6673,0.21
43426,B-799,Tarragona,Fondo de inversión,No,8704,0.21
43426,D-451,Tarragona,Ahorros,Si,7630,0.21
43426,D-133,Tarragona,Cuenta corriente,Si,1598,0.21
43426,C-763,Tarragona,Plan de jubilación,No,3441,0.21
43426,A-865,Girona,Cuenta corriente,Si,14632,0.21
43426,C-285,Girona,Fondo de inversión,Si,239,0.21
43426,B-365,Girona,Plan de jubilación,Si,13861,0.21
43426,D-741,Girona,Ahorros,No,1808,0.21
43426,D-408,Girona,Plan de jubilación,No,11857,0.21
43426,C-105,Girona,Cuenta corriente,No,11656,0.21
43426,C-227,Girona,Hipoteca,Si,927,0.21
43426,B-453,Girona,Hipoteca,Si,8466,0.21
43426,A-237,Girona,Cuenta corriente,Si,1714,0.21
43426,D-816,Lleida,Plan de jubilación,No,11826,0.21
43426,D-309,Lleida,Fondo de inversión,Si,1565,0.21
43426,C-149,Lleida,Cuenta corriente,Si,9020,0.21
43426,C-467,Lleida,Fondo de inversión,Si,4869,0.21
43426,B-192,Lleida,Fondo de inversión,No,9255,0.21
43426,A-880,Lleida,Ahorros,No,4545,0.21
43426,D-720,Lleida,Plan de jubilación,Si,14451,0.21
43426,C-996,Lleida,Hipoteca,No,8728,0.21
43426,C-715,Lleida,Cuenta corriente,Si,12243,0.21
43427,B-627,Barcelona,Fondo de inversión,No,6032,0.21
43427,A-743,Gavà,Cuenta corriente,No,7487,0.21
43427,B-835,Gavà,Plan de jubilación,Si,6616,0.21
43427,B-704,Tarragona,Ahorros,Si,5906,0.21
43427,B-112,Tarragona,Ahorros,No,14818,0.21
43427,C-599,Tarragona,Fondo de inversión,No,8655,0.21
43427,D-427,Tarragona,Fondo de inversión,No,3557,0.21
43427,D-488,Tarragona,Fondo de inversión,Si,14353,0.21
43427,D-204,Tarragona,Ahorros,No,10042,0.21
43427,A-536,Tarragona,Hipoteca,No,12625,0.21
43427,B-710,Tarragona,Fondo de inversión,No,10121,0.21
43427,A-978,Tarragona,Plan de jubilación,No,6947,0.21
43427,C-497,Girona,Hipoteca,No,7282,0.21
43427,D-584,Girona,Hipoteca,No,2468,0.21
43427,B-129,Girona,Hipoteca,No,2042,0.21
43427,D-538,Girona,Ahorros,No,5795,0.21
43427,C-682,Lleida,Plan de jubilación,Si,2872,0.21
43427,B-408,Lleida,Fondo de inversión,Si,2667,0.21
43427,D-227,Lleida,Fondo de inversión,Si,8516,0.21
43427,A-902,Lleida,Plan de jubilación,Si,14797,0.21
43427,B-141,Lleida,Hipoteca,No,2378,0.21
43427,B-773,Lleida,Hipoteca,No,8843,0.21
43428,D-151,Barcelona,Cuenta corriente,No,14105,0.21
43428,C-869,Barcelona,Fondo de inversión,Si,6179,0.21
43428,D-389,Gavà,Fondo de inversión,Si,13153,0.21
43428,C-861,Gavà,Cuenta corriente,Si,8117,0.21
43428,B-889,Tarragona,Plan de jubilación,No,14014,0.21
43428,D-863,Tarragona,Hipoteca,Si,7183,0.21
43428,B-412,Tarragona,Hipoteca,Si,2459,0.21
43428,C-514,Girona,Plan de jubilación,Si,10301,0.21
43428,A-882,Girona,Cuenta corriente,Si,13098,0.21
43428,B-429,Lleida,Plan de jubilación,Si,8925,0.21
43428,D-870,Lleida,Fondo de inversión,No,3496,0.21
43428,A-423,Lleida,Hipoteca,Si,4497,0.21
43428,C-614,Lleida,Fondo de inversión,No,12130,0.21
43428,D-346,Lleida,Ahorros,No,4395,0.21
43428,D-439,Lleida,Hipoteca,Si,9189,0.21
43428,C-828,Lleida,Hipoteca,Si,7919,0.21
43429,C-420,Barcelona,Plan de jubilación,No,10399,0.21
43429,D-389,Barcelona,Ahorros,Si,2463,0.21
43429,D-758,Barcelona,Ahorros,Si,11963,0.21
43429,D-477,Barcelona,Ahorros,No,1447,0.21
43429,D-853,Gavà,Cuenta corriente,Si,13895,0.21
43429,C-738,Gavà,Cuenta corriente,No,11482,0.21
43429,B-202,Gavà,Fondo de inversión,No,7779,0.21
43429,A-977,Gavà,Plan de jubilación,Si,6293,0.21
43429,C-255,Gavà,Hipoteca,No,3721,0.21
43429,B-728,Gavà,Cuenta corriente,Si,11147,0.21
43429,B-105,Tarragona,Cuenta corriente,Si,3285,0.21
43429,D-784,Tarragona,Cuenta corriente,No,12682,0.21
43429,D-298,Tarragona,Plan de jubilación,No,5223,0.21
43429,C-400,Girona,Ahorros,No,5208,0.21
43429,C-745,Lleida,Ahorros,Si,13319,0.21
43429,C-553,Lleida,Hipoteca,No,14567,0.21
43429,A-285,Lleida,Fondo de inversión,Si,7751,0.21
43429,C-832,Lleida,Fondo de inversión,No,2354,0.21
43430,B-964,Barcelona,Fondo de inversión,No,5884,0.21
43430,B-949,Barcelona,Fondo de inversión,Si,10844,0.21
43430,D-687,Barcelona,Hipoteca,Si,6491,0.21
43430,C-722,Barcelona,Plan de jubilación,Si,12368,0.21
43430,C-335,Barcelona,Cuenta corriente,No,9600,0.21
43430,A-518,Gavà,Ahorros,No,5749,0.21
43430,A-975,Gavà,Plan de jubilación,No,2252,0.21
43430,C-733,Gavà,Ahorros,Si,1924,0.21
43430,B-361,Gavà,Plan de jubilación,No,851,0.21
43430,D-803,Gavà,Fondo de inversión,No,12632,0.21
43430,A-151,Gavà,Plan de jubilación,No,9663,0.21
43430,A-779,Tarragona,Fondo de inversión,No,4505,0.21
43430,B-894,Tarragona,Ahorros,Si,8743,0.21
43430,B-281,Tarragona,Hipoteca,Si,4910,0.21
43430,C-991,Girona,Cuenta corriente,Si,251,0.21
43430,D-213,Girona,Fondo de inversión,Si,14327,0.21
43430,A-881,Girona,Fondo de inversión,Si,6868,0.21
43430,A-629,Girona,Fondo de inversión,Si,3916,0.21
43430,A-759,Girona,Cuenta corriente,No,14334,0.21
43430,D-796,Girona,Hipoteca,Si,6127,0.21
43430,C-616,Girona,Hipoteca,No,7806,0.21
43430,B-974,Lleida,Cuenta corriente,No,8798,0.21
43430,A-885,Lleida,Fondo de inversión,No,12369,0.21
43430,D-912,Lleida,Cuenta corriente,Si,14233,0.21
43430,C-568,Lleida,Cuenta corriente,No,2563,0.21
43430,B-160,Lleida,Plan de jubilación,Si,8585,0.21
43430,C-877,Lleida,Plan de jubilación,Si,6421,0.21
43431,C-857,Barcelona,Ahorros,Si,1858,0.21
43431,A-493,Gavà,Hipoteca,Si,214,0.21
43431,B-562,Gavà,Fondo de inversión,Si,4992,0.21
43431,D-159,Gavà,Fondo de inversión,Si,12983,0.21
43431,A-546,Gavà,Hipoteca,Si,6604,0.21
43431,A-864,Gavà,Plan de jubilación,No,747,0.21
43431,A-620,Tarragona,Ahorros,No,13366,0.21
43431,D-794,Tarragona,Ahorros,Si,4076,0.21
43431,D-311,Tarragona,Hipoteca,Si,14914,0.21
43431,A-213,Tarragona,Ahorros,No,10876,0.21
43431,C-418,Tarragona,Hipoteca,No,11605,0.21
43431,C-939,Tarragona,Hipoteca,Si,2313,0.21
43431,C-783,Girona,Fondo de inversión,No,9675,0.21
43431,D-459,Girona,Plan de jubilación,No,3076,0.21
43431,B-481,Girona,Plan de jubilación,No,14673,0.21
43431,B-160,Girona,Plan de jubilación,No,5324,0.21
43431,D-633,Lleida,Cuenta corriente,Si,6157,0.21
43431,D-889,Lleida,Hipoteca,No,3290,0.21
43431,B-739,Lleida,Fondo de inversión,Si,3876,0.21
43431,C-252,Lleida,Fondo de inversión,Si,14453,0.21
43432,D-239,Barcelona,Cuenta corriente,No,12675,0.21
43432,D-622,Barcelona,Cuenta corriente,Si,2153,0.21
43432,B-212,Barcelona,Fondo de inversión,No,14161,0.21
43432,A-160,Barcelona,Fondo de inversión,Si,12435,0.21
43432,D-710,Barcelona,Ahorros,No,7492,0.21
43432,B-885,Gavà,Plan de jubilación,No,240,0.21
43432,A-918,Gavà,Plan de jubilación,Si,10080,0.21
43432,C-595,Gavà,Fondo de inversión,No,5443,0.21
43432,A-473,Tarragona,Cuenta corriente,Si,593,0.21
43432,B-832,Girona,Hipoteca,No,11869,0.21
43432,D-637,Girona,Ahorros,No,3260,0.21
43432,D-760,Girona,Hipoteca,Si,11908,0.21
43432,A-592,Lleida,Cuenta corriente,Si,12530,0.21
43432,A-362,Lleida,Ahorros,No,13196,0.21
43432,B-149,Lleida,Cuenta corriente,Si,4231,0.21
43432,C-650,Lleida,Fondo de inversión,Si,12409,0.21
43432,D-668,Lleida,Ahorros,No,5674,0.21
43433,A-271,Barcelona,Fondo de inversión,No,7365,0.21
43433,A-261,Gavà,Plan de jubilación,No,5122,0.21
43433,B-836,Gavà,Hipoteca,No,4634,0.21
43433,A-385,Tarragona,Plan de jubilación,Si,1272,0.21
43433,B-445,Tarragona,Hipoteca,No,12528,0.21
43433,A-665,Tarragona,Cuenta corriente,Si,5735,0.21
43433,B-219,Tarragona,Ahorros,No,5790,0.21
43433,B-256,Tarragona,Hipoteca,No,1210,0.21
43433,A-892,Girona,Plan de jubilación,Si,7502,0.21
43433,B-715,Girona,Hipoteca,Si,12438,0.21
43433,B-339,Lleida,Fondo de inversión,No,2049,0.21
43433,D-916,Lleida,Ahorros,No,9492,0.21
43434,D-149,Barcelona,Fondo de inversión,Si,11516,0.21
43434,A-915,Barcelona,Cuenta corriente,Si,9833,0.21
43434,A-212,Barcelona,Ahorros,No,10207,0.21
43434,A-822,Barcelona,Hipoteca,No,10942,0.21
43434,C-681,Gavà,Plan de jubilación,No,8611,0.21
43434,B-841,Gavà,Hipoteca,Si,14804,0.21
43434,B-714,Gavà,Ahorros,No,4360,0.21
43434,B-602,Gavà,Fondo de inversión,Si,10055,0.21
43434,C-801,Gavà,Cuenta corriente,Si,12583,0.21
43434,B-996,Gavà,Fondo de inversión,Si,6487,0.21
43434,D-613,Gavà,Fondo de inversión,No,14114,0.21
43434,D-905,Tarragona,Ahorros,Si,8445,0.21
43434,B-981,Tarragona,Hipoteca,Si,7847,0.21
43434,B-354,Tarragona,Hipoteca,No,9213,0.21
43434,D-923,Tarragona,Hipoteca,Si,7756,0.21
43434,C-850,Girona,Hipoteca,Si,11931,0.21
43434,A-865,Girona,Ahorros,Si,8795,0.21
43434,C-342,Girona,Ahorros,No,11424,0.21
43435,A-667,Barcelona,Fondo de inversión,Si,2196,0.21
43435,C-499,Barcelona,Ahorros,Si,2037,0.21
43435,C-130,Gavà,Cuenta corriente,Si,13795,0.21
43435,B-141,Gavà,Hipoteca,Si,979,0.21
43435,C-507,Gavà,Ahorros,No,6028,0.21
43435,C-566,Gavà,Hipoteca,Si,11392,0.21
43435,A-260,Tarragona,Hipoteca,Si,7127,0.21
43435,B-326,Tarragona,Fondo de inversión,No,327,0.21
43435,D-758,Tarragona,Hipoteca,No,8967,0.21
43435,C-566,Tarragona,Cuenta corriente,No,8128,0.21
43435,D-632,Tarragona,Cuenta corriente,Si,2429,0.21
43435,D-377,Tarragona,Hipoteca,No,2883,0.21
43435,B-637,Tarragona,Cuenta corriente,Si,3077,0.21
43435,C-392,Tarragona,Cuenta corriente,No,8574,0.21
43435,C-809,Girona,Plan de jubilación,No,5619,0.21
43435,C-917,Girona,Fondo de inversión,No,3706,0.21
43435,B-617,Girona,Ahorros,No,400,0.21
43435,D-368,Girona,Fondo de inversión,No,6339,0.21
43435,C-976,Girona,Plan de jubilación,Si,6324,0.21
43435,D-197,Girona,Plan de jubilación,Si,9745,0.21
43435,C-595,Girona,Plan de jubilación,No,5541,0.21
43435,B-323,Lleida,Fondo de inversión,Si,5972,0.21
43435,A-817,Lleida,Plan de jubilación,Si,13338,0.21
43435,D-846,Lleida,Cuenta corriente,No,9020,0.21
43436,B-259,Barcelona,Plan de jubilación,No,8513,0.21
43436,A-463,Gavà,Ahorros,No,13585,0.21
43436,C-474,Gavà,Cuenta corriente,Si,1560,0.21
43436,B-326,Gavà,Plan de jubilación,No,11410,0.21
43436,D-896,Tarragona,Hipoteca,Si,8560,0.21
43436,D-234,Tarragona,Cuenta corriente,No,14549,0.21
43436,C-748,Girona,Plan de jubilación,No,4606,0.21
43436,B-877,Girona,Plan de jubilación,Si,379,0.21
43436,B-351,Girona,Cuenta corriente,No,4539,0.21
43436,A-831,Girona,Fondo de inversión,No,2525,0.21
43436,C-695,Girona,Cuenta corriente,No,6281,0.21
43436,C-550,Lleida,Ahorros,No,3679,0.21
43436,A-163,Lleida,Hipoteca,No,3211,0.21
43436,D-427,Lleida,Hipoteca,Si,2651,0.21
43436,A-164,Lleida,Hipoteca,Si,10870,0.21
43436,A-483,Lleida,Hipoteca,No,573,0.21
43436,A-683,Lleida,Hipoteca,No,12790,0.21
43437,B-258,Gavà,Plan de jubilación,No,12191,0.21
43437,D-304,Gavà,Fondo de inversión,Si,4020,0.21
43437,C-506,Gavà,Plan de jubilación,No,12847,0.21
43437,C-642,Gavà,Cuenta corriente,Si,11144,0.21
43437,C-646,Gavà,Cuenta corriente,Si,12323,0.21
43437,B-185,Tarragona,Cuenta corriente,No,10299,0.21
43437,A-639,Tarragona,Plan de jubilación,No,5905,0.21
43437,C-115,Tarragona,Cuenta corriente,Si,8604,0.21
43437,C-115,Tarragona,Fondo de inversión,No,9754,0.21
43437,A-747,Tarragona,Ahorros,Si,10484,0.21
43437,C-269,Girona,Plan de jubilación,Si,13794,0.21
43437,B-349,Lleida,Hipoteca,Si,8655,0.21
43437,B-635,Lleida,Fondo de inversión,No,13728,0.21
43437,C-717,Lleida,Ahorros,No,7879,0.21
43438,D-855,Barcelona,Plan de jubilación,Si,2673,0.21
43438,C-864,Barcelona,Plan de jubilación,No,14248,0.21
43438,D-668,Barcelona,Ahorros,No,3833,0.21
43438,D-108,Barcelona,Ahorros,Si,14512,0.21
43438,A-868,Barcelona,Hipoteca,Si,10067,0.21
43438,A-160,Gavà,Cuenta corriente,Si,251,0.21
43438,C-503,Tarragona,Cuenta corriente,Si,1926,0.21
43438,B-963,Tarragona,Hipoteca,No,11489,0.21
43438,C-857,Tarragona,Cuenta corriente,No,5517,0.21
43438,C-687,Tarragona,Hipoteca,Si,3371,0.21
43438,D-491,Tarragona,Fondo de inversión,Si,9319,0.21
43438,D-791,Girona,Plan de jubilación,Si,14019,0.21
43438,D-510,Girona,Ahorros,Si,7600,0.21
43438,D-648,Girona,Cuenta corriente,Si,6331,0.21
43438,C-579,Girona,Hipoteca,No,3096,0.21
43438,D-658,Girona,Hipoteca,Si,9848,0.21
43438,D-489,Girona,Cuenta corriente,No,5196,0.21
43438,A-618,Girona,Hipoteca,Si,9892,0.21
43438,C-111,Lleida,Cuenta corriente,No,8524,0.21
43439,B-759,Barcelona,Fondo de inversión,Si,14629,0.21
43439,A-378,Barcelona,Fondo de inversión,No,641,0.21
43439,A-491,Barcelona,Plan de jubilación,No,11533,0.21
43439,C-567,Gavà,Cuenta corriente,No,374,0.21
43439,A-220,Tarragona,Hipoteca,No,5419,0.21
43439,A-516,Tarragona,Plan de jubilación,Si,8399,0.21
43439,B-850,Tarragona,Cuenta corriente,No,11693,0.21
43439,A-153,Tarragona,Cuenta corriente,No,14466,0.21
43439,D-736,Tarragona,Ahorros,No,12412,0.21
43439,A-356,Tarragona,Plan de jubilación,No,7141,0.21
43439,D-417,Girona,Plan de jubilación,No,6834,0.21
43439,D-679,Girona,Hipoteca,No,10171,0.21
43439,D-262,Girona,Fondo de inversión,No,704,0.21
43439,D-669,Girona,Ahorros,No,8851,0.21
43439,A-714,Girona,Cuenta corriente,No,5181,0.21
43439,C-369,Girona,Plan de jubilación,No,11527,0.21
43439,C-425,Girona,Cuenta corriente,Si,13450,0.21
43439,A-611,Girona,Fondo de inversión,No,7768,0.21
43439,D-281,Girona,Hipoteca,No,9542,0.21
43439,B-499,Lleida,Plan de jubilación,Si,9847,0.21
43439,A-590,Lleida,Ahorros,No,12030,0.21
43440,A-162,Barcelona,Cuenta corriente,No,12704,0.21
43440,B-438,Barcelona,Ahorros,Si,5525,0.21
43440,C-197,Barcelona,Ahorros,No,5309,0.21
43440,C-867,Gavà,Hipoteca,No,10830,0.21
43440,A-319,Gavà,Cuenta corriente,No,1666,0.21
43440,B-802,Gavà,Fondo de inversión,No,1830,0.21
43440,A-175,Tarragona,Plan de jubilación,Si,13040,0.21
43440,C-925,Tarragona,Plan de jubilación,Si,14073,0.21
43440,A-570,Tarragona,Hipoteca,Si,12566,0.21
43440,D-424,Tarragona,Cuenta corriente,Si,6437,0.21
43440,D-296,Tarragona,Ahorros,Si,3732,0.21
43440,B-784,Tarragona,Ahorros,No,10133,0.21
43440,A-768,Tarragona,Hipoteca,No,1225,0.21
43440,B-866,Girona,Plan de jubilación,Si,11313,0.21
43440,B-640,Girona,Hipoteca,No,12554,0.21
43440,B-576,Lleida,Cuenta corriente,No,444,0.21
43440,A-394,Lleida,Cuenta corriente,Si,1790,0.21
43440,D-746,Lleida,Ahorros,No,8833,0.21
43441,C-474,Barcelona,Ahorros,No,8990,0.21
43441,A-521,Barcelona,Plan de jubilación,Si,12503,0.21
43441,B-468,Gavà,Fondo de inversión,Si,240,0.21
43441,C-459,Gavà,Hipoteca,No,159,0.21
43441,D-169,Gavà,Cuenta corriente,Si,8866,0.21
43441,B-383,Gavà,Plan de jubilación,Si,4704,0.21
43441,B-285,Gavà,Plan de jubilación,Si,4248,0.21
43441,B-936,Gavà,Hipoteca,No,14583,0.21
43441,D-547,Tarragona,Fondo de inversión,No,6442,0.21
43441,B-103,Tarragona,Hipoteca,No,666,0.21
43441,B-374,Tarragona,Hipoteca,No,4947,0.21
43441,A-327,Tarragona,Fondo de inversión,No,565,0.21
43441,C-321,Tarragona,Cuenta corriente,No,5947,0.21
43441,B-189,Girona,Plan de jubilación,No,12962,0.21
43441,D-310,Lleida,Plan de jubilación,No,4307,0.21
43441,D-452,Lleida,Hipoteca,No,341,0.21
43442,C-843,Barcelona,Ahorros,Si,13192,0.21
43442,D-108,Barcelona,Plan de jubilación,Si,7106,0.21
43442,A-890,Barcelona,Cuenta corriente,No,7329,0.21
43442,A-548,Barcelona,Cuenta corriente,Si,12818,0.21
43442,B-993,Barcelona,Plan de jubilación,No,7525,0.21
43442,C-451,Gavà,Cuenta corriente,Si,13712,0.21
43442,A-301,Gavà,Fondo de inversión,No,6096,0.21
43442,B-664,Gavà,Cuenta corriente,Si,6226,0.21
43442,C-727,Gavà,Plan de jubilación,No,727,0.21
43442,A-294,Gavà,Ahorros,No,12818,0.21
43442,A-800,Gavà,Cuenta corriente,Si,1223,0.21
43442,D-920,Gavà,Fondo de inversión,Si,3856,0.21
43442,C-846,Tarragona,Hipoteca,No,12145,0.21
43442,C-425,Tarragona,Hipoteca,Si,3922,0.21
43442,A-753,Tarragona,Fondo de inversión,Si,9956,0.21
43442,B-518,Tarragona,Hipoteca,No,6721,0.21
43442,B-895,Tarragona,Cuenta corriente,Si,428,0.21
43442,C-246,Tarragona,Plan de jubilación,Si,4921,0.21
43442,A-747,Tarragona,Cuenta corriente,Si,8143,0.21
43442,D-604,Tarragona,Ahorros,Si,3704,0.21
43442,B-426,Tarragona,Hipoteca,No,2219,0.21
43442,C-181,Tarragona,Hipoteca,No,3422,0.21
43442,B-947,Girona,Fondo de inversión,Si,13995,0.21
43442,A-698,Girona,Cuenta corriente,No,4205,0.21
43442,A-291,Girona,Hipoteca,Si,11163,0.21
43442,C-345,Girona,Plan de jubilación,Si,1794,0.21
43442,B-197,Lleida,Hipoteca,No,13693,0.21
43442,A-170,Lleida,Ahorros,No,2229,0.21
43443,A-950,Barcelona,Ahorros,Si,8712,0.21
43443,B-641,Barcelona,Plan de jubilación,Si,3391,0.21
43443,B-922,Barcelona,Fondo de inversión,No,984,0.21
43443,A-493,Gavà,Fondo de inversión,No,13437,0.21
43443,A-581,Gavà,Plan de jubilación,Si,2292,0.21
43443,D-933,Gavà,Hipoteca,No,7701,0.21
43443,D-920,Tarragona,Fondo de inversión,Si,13783,0.21
43443,C-556,Tarragona,Fondo de inversión,No,8114,0.21
43443,A-974,Tarragona,Fondo de inversión,No,3369,0.21
43443,A-161,Tarragona,Fondo de inversión,No,3829,0.21
43443,B-184,Girona,Plan de jubilación,No,5409,0.21
43443,D-873,Girona,Plan de jubilación,No,13974,0.21
43443,A-517,Girona,Hipoteca,No,9329,0.21
43443,B-204,Girona,Plan de jubilación,No,5678,0.21
43443,C-842,Girona,Ahorros,Si,7472,0.21
43443,D-115,Lleida,Plan de jubilación,No,8545,0.21
43443,A-834,Lleida,Plan de jubilación,No,4214,0.21
43443,B-895,Lleida,Cuenta corriente,Si,11405,0.21
43443,A-376,Lleida,Ahorros,Si,9016,0.21
43443,C-948,Lleida,Hipoteca,Si,4625,0.21
43444,A-973,Barcelona,Cuenta corriente,No,4054,0.21
43444,A-830,Barcelona,Fondo de inversión,Si,6229,0.21
43444,A-223,Barcelona,Fondo de inversión,No,12711,0.21
43444,C-371,Barcelona,Cuenta corriente,Si,7946,0.21
43444,C-430,Gavà,Fondo de inversión,No,2611,0.21
43444,D-261,Gavà,Plan de jubilación,Si,10482,0.21
43444,C-505,Gavà,Cuenta corriente,Si,4199,0.21
43444,A-784,Tarragona,Plan de jubilación,No,11864,0.21
43444,D-515,Tarragona,Cuenta corriente,Si,13240,0.21
43444,A-759,Tarragona,Fondo de inversión,Si,1872,0.21
43444,C-310,Tarragona,Plan de jubilación,Si,533,0.21
43444,A-460,Tarragona,Fondo de inversión,No,14520,0.21
43444,A-234,Tarragona,Cuenta corriente,No,232,0.21
43444,D-265,Girona,Hipoteca,No,13602,0.21
43444,D-479,Girona,Hipoteca,No,9187,0.21
43444,A-148,Girona,Plan de jubilación,Si,3494,0.21
43444,C-998,Girona,Plan de jubilación,Si,1324,0.21
43444,D-958,Girona,Plan de jubilación,No,3623,0.21
43444,B-240,Girona,Cuenta corriente,No,12342,0.21
43444,C-293,Girona,Fondo de inversión,No,12992,0.21
43444,A-346,Girona,Plan de jubilación,Si,11192,0.21
43444,A-406,Lleida,Hipoteca,Si,8000,0.21
43444,D-860,Lleida,Fondo de inversión,Si,2197,0.21
43444,C-975,Lleida,Hipoteca,Si,11841,0.21
43445,D-777,Barcelona,Fondo de inversión,Si,14513,0.21
43445,C-788,Barcelona,Fondo de inversión,Si,3132,0.21
43445,A-752,Barcelona,Cuenta corriente,Si,6150,0.21
43445,B-545,Barcelona,Fondo de inversión,Si,7362,0.21
43445,B-392,Gavà,Fondo de inversión,No,11882,0.21
43445,C-948,Gavà,Ahorros,No,7725,0.21
43445,A-866,Gavà,Fondo de inversión,Si,3163,0.21
43445,D-984,Tarragona,Cuenta corriente,Si,13413,0.21
43445,C-814,Tarragona,Ahorros,Si,11565,0.21
43445,B-853,Tarragona,Ahorros,Si,7463,0.21
43445,C-236,Tarragona,Plan de jubilación,Si,14424,0.21
43445,B-152,Tarragona,Fondo de inversión,No,9250,0.21
43445,D-981,Tarragona,Plan de jubilación,Si,14999,0.21
43445,C-938,Girona,Cuenta corriente,Si,1552,0.21
43445,C-966,Girona,Plan de jubilación,Si,4958,0.21
43445,C-504,Girona,Plan de jubilación,Si,9493,0.21
43445,A-410,Girona,Cuenta corriente,Si,10166,0.21
43445,B-564,Lleida,Hipoteca,No,1288,0.21
43445,B-992,Lleida,Hipoteca,No,4124,0.21
43445,D-271,Lleida,Plan de jubilación,No,1880,0.21
43445,C-620,Lleida,Plan de jubilación,No,9409,0.21
43446,C-514,Barcelona,Cuenta corriente,Si,14822,0.21
43446,D-720,Gavà,Ahorros,Si,7990,0.21
43446,A-913,Gavà,Fondo de inversión,No,7338,0.21
43446,B-171,Gavà,Hipoteca,No,2966,0.21
43446,D-601,Gavà,Fondo de inversión,No,2814,0.21
43446,A-740,Tarragona,Hipoteca,No,9107,0.21
43446,A-375,Tarragona,Cuenta corriente,Si,3874,0.21
43446,B-506,Girona,Cuenta corriente,No,7116,0.21
43446,D-143,Girona,Fondo de inversión,No,10078,0.21
43446,D-569,Girona,Plan de jubilación,Si,6768,0.21
43446,C-445,Lleida,Fondo de inversión,Si,6095,0.21
43446,B-151,Lleida,Fondo de inversión,Si,1749,0.21
43446,A-885,Lleida,Hipoteca,Si,8757,0.21
43446,D-616,Lleida,Cuenta corriente,Si,14868,0.21
43446,C-874,Lleida,Ahorros,Si,11001,0.21
43446,B-154,Lleida,Ahorros,No,1397,0.21
43447,C-430,Barcelona,Cuenta corriente,Si,10237,0.21
43447,A-904,Barcelona,Plan de jubilación,No,11140,0.21
43447,C-609,Barcelona,Ahorros,Si,7292,0.21
43447,C-830,Barcelona,Plan de jubilación,Si,10260,0.21
43447,B-117,Barcelona,Fondo de inversión,Si,10563,0.21
43447,A-247,Barcelona,Plan de jubilación,No,9532,0.21
43447,A-475,Gavà,Plan de jubilación,No,14223,0.21
43447,B-505,Gavà,Plan de jubilación,No,12244,0.21
43447,B-429,Tarragona,Cuenta corriente,No,11312,0.21
43447,D-872,Tarragona,Fondo de inversión,No,13431,0.21
43447,C-979,Tarragona,Plan de jubilación,Si,14754,0.21
43447,B-419,Girona,Fondo de inversión,No,1132,0.21
43447,A-976,Girona,Fondo de inversión,Si,5223,0.21
43447,D-289,Girona,Hipoteca,Si,7275,0.21
43447,A-529,Girona,Hipoteca,Si,308,0.21
43447,D-569,Girona,Hipoteca,Si,3023,0.21
43447,A-868,Girona,Fondo de inversión,Si,11334,0.21
43447,B-581,Girona,Fondo de inversión,Si,10956,0.21
43447,B-365,Girona,Fondo de inversión,Si,10075,0.21
43447,C-891,Lleida,Hipoteca,No,7918,0.21
43447,C-439,Lleida,Ahorros,Si,13765,0.21
43447,D-312,Lleida,Fondo de inversión,Si,11516,0.21
43447,D-574,Lleida,Cuenta corriente,Si,14721,0.21
43447,B-551,Lleida,Hipoteca,Si,5001,0.21
43447,A-753,Lleida,Plan de jubilación,No,13408,0.21
43448,C-136,Barcelona,Cuenta corriente,No,11803,0.21
43448,A-913,Barcelona,Fondo de inversión,No,2669,0.21
43448,D-903,Barcelona,Fondo de inversión,Si,13397,0.21
43448,A-123,Gavà,Ahorros,No,13474,0.21
43448,D-698,Gavà,Hipoteca,No,250,0.21
43448,A-550,Gavà,Fondo de inversión,No,6240,0.21
43448,C-466,Gavà,Ahorros,No,4593,0.21
43448,A-418,Tarragona,Hipoteca,Si,492,0.21
43448,D-855,Tarragona,Cuenta corriente,Si,13727,0.21
43448,D-488,Tarragona,Ahorros,Si,9226,0.21
43448,A-819,Girona,Fondo de inversión,Si,9413,0.21
43448,C-725,Girona,Ahorros,Si,7301,0.21
43448,C-316,Girona,Fondo de inversión,Si,8665,0.21
43448,D-443,Girona,Ahorros,Si,7553,0.21
43448,C-473,Lleida,Cuenta corriente,No,4321,0.21
43448,C-515,Lleida,Hipoteca,Si,121,0.21
43448,D-712,Lleida,Cuenta corriente,Si,9639,0.21
43449,A-766,Barcelona,Fondo de inversión,No,14454,0.21
43449,D-778,Barcelona,Hipoteca,No,4205,0.21
43449,D-745,Barcelona,Plan de jubilación,No,671,0.21
43449,C-289,Gavà,Ahorros,Si,8520,0.21
43449,D-967,Gavà,Ahorros,Si,5328,0.21
43449,B-739,Gavà,Ahorros,No,4331,0.21
43449,A-598,Gavà,Hipoteca,No,14053,0.21
43449,A-693,Gavà,Ahorros,Si,6539,0.21
43449,B-184,Tarragona,Plan de jubilación,No,14840,0.21
43449,B-751,Tarragona,Cuenta corriente,No,13107,0.21
43449,A-332,Girona,Plan de jubilación,Si,6173,0.21
43449,D-228,Girona,Fondo de inversión,Si,5577,0.21
43449,B-418,Girona,Cuenta corriente,No,5337,0.21
43449,C-717,Lleida,Hipoteca,No,14669,0.21
43449,B-468,Lleida,Hipoteca,No,11597,0.21
43449,B-939,Lleida,Plan de jubilación,No,7323,0.21
43449,B-264,Lleida,Ahorros,No,6936,0.21
43450,A-131,Barcelona,Plan de jubilación,No,13609,0.21
43450,D-327,Barcelona,Fondo de inversión,Si,8963,0.21
43450,D-951,Barcelona,Cuenta corriente,Si,8227,0.21
43450,C-564,Gavà,Cuenta corriente,No,8566,0.21
43450,C-563,Gavà,Cuenta corriente,Si,832,0.21
43450,A-118,Gavà,Fondo de inversión,Si,8455,0.21
43450,B-123,Gavà,Fondo de inversión,No,9247,0.21
43450,C-897,Gavà,Hipoteca,Si,13538,0.21
43450,C-270,Gavà,Cuenta corriente,No,1778,0.21
43450,D-787,Tarragona,Plan de jubilación,Si,13502,0.21
43450,B-586,Tarragona,Ahorros,Si,11148,0.21
43450,D-466,Tarragona,Hipoteca,No,7704,0.21
43450,B-434,Tarragona,Cuenta corriente,Si,3868,0.21
43450,B-849,Tarragona,Hipoteca,Si,6007,0.21
43450,B-248,Tarragona,Cuenta corriente,Si,6538,0.21
43450,A-326,Girona,Cuenta corriente,Si,3880,0.21
43450,D-832,Girona,Plan de jubilación,Si,12778,0.21
43450,A-487,Girona,Fondo de inversión,No,11720,0.21
43450,A-657,Lleida,Cuenta corriente,No,1506,0.21
43450,B-505,Lleida,Plan de jubilación,Si,7600,0.21
43450,D-189,Lleida,Cuenta corriente,Si,1835,0.21
43450,A-283,Lleida,Hipoteca,Si,6823,0.21
43451,C-450,Barcelona,Plan de jubilación,No,1995,0.21
43451,D-485,Barcelona,Fondo de inversión,No,9739,0.21
43451,A-897,Barcelona,Ahorros,No,3041,0.21
43451,D-467,Gavà,Cuenta corriente,Si,7447,0.21
43451,B-198,Gavà,Plan de jubilación,Si,10153,0.21
43451,A-768,Gavà,Hipoteca,No,14908,0.21
43451,A-551,Tarragona,Ahorros,No,5194,0.21
43451,C-979,Tarragona,Plan de jubilación,Si,9590,0.21
43451,D-533,Girona,Fondo de inversión,Si,6659,0.21
43451,D-497,Girona,Fondo de inversión,Si,8575,0.21
43451,D-447,Girona,Ahorros,No,8844,0.21
43451,B-514,Lleida,Ahorros,Si,2766,0.21
43451,C-263,Lleida,Ahorros,No,11887,0.21
43452,C-852,Barcelona,Hipoteca,No,9386,0.21
43452,D-525,Barcelona,Fondo de inversión,No,9240,0.21
43452,B-351,Gavà,Ahorros,Si,2616,0.21
43452,B-976,Gavà,Cuenta corriente,Si,705,0.21
43452,A-903,Gavà,Plan de jubilación,Si,295,0.21
43452,D-518,Gavà,Cuenta corriente,No,3301,0.21
43452,C-723,Tarragona,Plan de jubilación,No,2424,0.21
43452,D-518,Tarragona,Fondo de inversión,Si,1409,0.21
43452,A-489,Tarragona,Hipoteca,Si,5463,0.21
43452,C-369,Tarragona,Fondo de inversión,No,1732,0.21
43452,D-878,Tarragona,Hipoteca,Si,3386,0.21
43452,A-471,Girona,Plan de jubilación,Si,1551,0.21
43452,A-841,Girona,Cuenta corriente,No,12679,0.21
43452,A-691,Girona,Plan de jubilación,No,3783,0.21
43452,D-939,Girona,Plan de jubilación,Si,2088,0.21
43452,D-278,Lleida,Cuenta corriente,No,2793,0.21
43452,C-113,Lleida,Ahorros,No,13173,0.21
43452,C-357,Lleida,Plan de jubilación,No,8190,0.21
43452,B-161,Lleida,Plan de jubilación,No,256,0.21
43452,A-199,Lleida,Ahorros,No,1022,0.21
43453,A-173,Barcelona,Ahorros,No,7873,0.21
43453,C-315,Barcelona,Plan de jubilación,Si,11992,0.21
43453,A-800,Gavà,Cuenta corriente,Si,3973,0.21
43453,D-272,Gavà,Fondo de inversión,No,517,0.21
43453,B-798,Gavà,Cuenta corriente,Si,11987,0.21
43453,A-302,Gavà,Plan de jubilación,Si,8643,0.21
43453,B-644,Gavà,Plan de jubilación,No,13191,0.21
43453,D-157,Tarragona,Ahorros,Si,13034,0.21
43453,A-757,Girona,Cuenta corriente,Si,2175,0.21
43453,D-728,Girona,Hipoteca,Si,1558,0.21
43453,D-405,Girona,Plan de jubilación,Si,5349,0.21
43453,D-894,Girona,Fondo de inversión,Si,14610,0.21
43453,B-788,Girona,Hipoteca,Si,470,0.21
43453,D-259,Lleida,Plan de jubilación,No,1304,0.21
43453,D-523,Lleida,Fondo de inversión,Si,10539,0.21
43453,B-623,Lleida,Plan de jubilación,Si,1976,0.21
43453,C-363,Lleida,Plan de jubilación,Si,13477,0.21
43453,C-645,Lleida,Cuenta corriente,No,8268,0.21
43454,A-459,Barcelona,Fondo de inversión,Si,3242,0.21
43454,C-477,Barcelona,Ahorros,Si,4206,0.21
43454,A-442,Gavà,Hipoteca,Si,4750,0.21
43454,D-651,Gavà,Hipoteca,Si,12678,0.21
43454,C-256,Gavà,Hipoteca,No,8037,0.21
43454,C-954,Tarragona,Fondo de inversión,No,3481,0.21
43454,A-175,Girona,Cuenta corriente,Si,13829,0.21
43454,A-720,Girona,Plan de jubilación,Si,2273,0.21
43454,B-780,Girona,Hipoteca,No,12089,0.21
43454,B-507,Girona,Plan de jubilación,No,13044,0.21
43454,C-844,Girona,Ahorros,No,10762,0.21
43454,B-724,Lleida,Ahorros,No,9528,0.21
43454,C-624,Lleida,Cuenta corriente,No,9121,0.21
43454,B-616,Lleida,Plan de jubilación,Si,12026,0.21
43454,B-129,Lleida,Cuenta corriente,No,9679,0.21
43454,B-558,Lleida,Cuenta corriente,No,14023,0.21
43454,C-725,Lleida,Hipoteca,Si,12582,0.21
43454,D-563,Lleida,Hipoteca,Si,7790,0.21
43454,A-356,Lleida,Plan de jubilación,No,1040,0.21
43454,D-748,Lleida,Ahorros,Si,2006,0.21
43455,C-171,Barcelona,Fondo de inversión,Si,10524,0.21
43455,C-812,Gavà,Hipoteca,Si,11436,0.21
43455,A-828,Gavà,Plan de jubilación,Si,9240,0.21
43455,C-743,Tarragona,Plan de jubilación,No,1044,0.21
43455,C-823,Tarragona,Cuenta corriente,No,14503,0.21
43455,C-699,Tarragona,Cuenta corriente,Si,4984,0.21
43455,B-623,Girona,Fondo de inversión,No,9469,0.21
43455,A-157,Girona,Plan de jubilación,Si,3172,0.21
43455,A-221,Lleida,Ahorros,No,2533,0.21
43455,C-383,Lleida,Plan de jubilación,Si,10828,0.21
43455,D-287,Lleida,Fondo de inversión,Si,5845,0.21
43455,D-323,Lleida,Hipoteca,Si,8061,0.21
43455,D-740,Lleida,Fondo de inversión,No,11736,0.21
43455,A-855,Lleida,Hipoteca,No,7872,0.21
43455,A-547,Lleida,Fondo de inversión,Si,12260,0.21
43455,C-631,Lleida,Ahorros,Si,1799,0.21
43455,A-294,Lleida,Fondo de inversión,Si,8832,0.21
43455,A-119,Lleida,Plan de jubilación,Si,11053,0.21
43456,B-312,Gavà,Ahorros,No,11684,0.21
43456,B-223,Gavà,Ahorros,No,2332,0.21
43456,B-229,Gavà,Hipoteca,Si,10037,0.21
43456,C-168,Gavà,Hipoteca,Si,3233,0.21
43456,D-605,Gavà,Plan de jubilación,Si,915,0.21
43456,C-627,Tarragona,Hipoteca,No,1349,0.21
43456,D-451,Tarragona,Hipoteca,Si,5754,0.21
43456,A-187,Tarragona,Plan de jubilación,No,8007,0.21
43456,A-976,Girona,Hipoteca,No,355,0.21
43456,A-342,Girona,Ahorros,No,6519,0.21
43456,B-146,Girona,Hipoteca,Si,7015,0.21
43456,D-883,Girona,Fondo de inversión,No,206,0.21
43456,D-989,Girona,Ahorros,Si,14711,0.21
43456,B-207,Lleida,Hipoteca,Si,9626,0.21
43457,C-433,Barcelona,Plan de jubilación,Si,8189,0.21
43457,C-185,Barcelona,Cuenta corriente,Si,14883,0.21
43457,B-263,Barcelona,Cuenta corriente,Si,11004,0.21
43457,C-702,Barcelona,Ahorros,Si,5982,0.21
43457,C-722,Barcelona,Hipoteca,No,7224,0.21
43457,C-747,Gavà,Hipoteca,No,5752,0.21
43457,C-197,Gavà,Hipoteca,No,12167,0.21
43457,C-270,Gavà,Hipoteca,No,11268,0.21
43457,D-973,Gavà,Hipoteca,Si,816,0.21
43457,D-719,Tarragona,Cuenta corriente,No,2091,0.21
43457,A-754,Tarragona,Cuenta corriente,Si,3346,0.21
43457,D-381,Tarragona,Plan de jubilación,No,10936,0.21
43457,C-487,Girona,Cuenta corriente,No,9784,0.21
43457,A-381,Girona,Plan de jubilación,Si,7507,0.21
43457,C-908,Girona,Fondo de inversión,Si,1348,0.21
43457,B-103,Lleida,Fondo de inversión,No,6780,0.21
43457,B-915,Lleida,Cuenta corriente,No,8958,0.21
43457,C-731,Lleida,Fondo de inversión,Si,14804,0.21
43458,A-495,Barcelona,Plan de jubilación,Si,11719,0.21
43458,C-111,Barcelona,Plan de jubilación,Si,7968,0.21
43458,D-858,Barcelona,Ahorros,Si,9882,0.21
43458,A-228,Barcelona,Ahorros,Si,13109,0.21
43458,C-429,Barcelona,Ahorros,Si,7124,0.21
43458,B-320,Barcelona,Cuenta corriente,No,14356,0.21
43458,C-427,Barcelona,Ahorros,Si,2030,0.21
43458,C-781,Gavà,Cuenta corriente,Si,3694,0.21
43458,A-353,Gavà,Cuenta corriente,No,3791,0.21
43458,D-776,Tarragona,Hipoteca,Si,1044,0.21
43458,B-563,Tarragona,Hipoteca,No,3503,0.21
43458,A-679,Tarragona,Plan de jubilación,No,5726,0.21
43458,A-741,Tarragona,Plan de jubilación,No,3818,0.21
43458,B-606,Girona,Plan de jubilación,No,8933,0.21
43458,D-233,Girona,Ahorros,Si,9596,0.21
43458,A-445,Lleida,Plan de jubilación,Si,12615,0.21
43458,B-208,Lleida,Fondo de inversión,Si,7232,0.21
43458,B-132,Lleida,Fondo de inversión,No,10171,0.21
43458,A-158,Lleida,Cuenta corriente,No,6552,0.21
43459,B-339,Barcelona,Cuenta corriente,No,14651,0.21
43459,A-406,Barcelona,Fondo de inversión,No,736,0.21
43459,C-644,Barcelona,Fondo de inversión,No,3217,0.21
43459,B-395,Barcelona,Ahorros,Si,8157,0.21
43459,C-409,Barcelona,Ahorros,Si,5403,0.21
43459,A-487,Gavà,Plan de jubilación,Si,12925,0.21
43459,A-717,Gavà,Fondo de inversión,Si,119,0.21
43459,B-135,Gavà,Hipoteca,No,3351,0.21
43459,B-856,Tarragona,Plan de jubilación,No,6037,0.21
43459,B-859,Tarragona,Hipoteca,Si,10218,0.21
43459,A-865,Tarragona,Hipoteca,No,8641,0.21
43459,B-440,Tarragona,Ahorros,Si,14782,0.21
43459,B-441,Tarragona,Plan de jubilación,Si,6211,0.21
43459,B-299,Girona,Fondo de inversión,No,4288,0.21
43459,C-837,Girona,Hipoteca,Si,5225,0.21
43459,A-922,Girona,Plan de jubilación,Si,5894,0.21
43459,D-378,Girona,Ahorros,Si,6849,0.21
43459,C-914,Lleida,Hipoteca,Si,5083,0.21
43459,B-560,Lleida,Cuenta corriente,No,9991,0.21
43459,D-844,Lleida,Ahorros,No,10909,0.21
43460,C-801,Barcelona,Hipoteca,No,10817,0.21
43460,C-303,Barcelona,Hipoteca,Si,11081,0.21
43460,B-113,Barcelona,Ahorros,Si,1505,0.21
43460,D-856,Gavà,Hipoteca,Si,8779,0.21
43460,A-158,Gavà,Plan de jubilación,Si,5191,0.21
43460,D-280,Gavà,Hipoteca,Si,7510,0.21
43460,D-142,Gavà,Cuenta corriente,Si,11039,0.21
43460,C-719,Gavà,Hipoteca,Si,6313,0.21
43460,D-802,Gavà,Fondo de inversión,No,9953,0.21
43460,B-794,Tarragona,Fondo de inversión,No,8133,0.21
43460,B-927,Tarragona,Hipoteca,No,2804,0.21
43460,C-968,Tarragona,Ahorros,Si,9132,0.21
43460,D-214,Tarragona,Fondo de inversión,No,14795,0.21
43460,D-980,Girona,Ahorros,No,9279,0.21
43460,B-668,Girona,Plan de jubilación,Si,5494,0.21
43460,A-963,Girona,Ahorros,No,1857,0.21
43460,C-689,Lleida,Plan de jubilación,Si,1528,0.21
43460,A-178,Lleida,Plan de jubilación,Si,9434,0.21
43460,B-102,Lleida,Hipoteca,No,8779,0.21
43461,C-430,Barcelona,Hipoteca,Si,12038,0.21
43461,B-417,Barcelona,Cuenta corriente,Si,3289,0.21
43461,D-997,Barcelona,Cuenta corriente,No,10975,0.21
43461,C-781,Barcelona,Hipoteca,Si,12820,0.21
43461,B-416,Barcelona,Hipoteca,No,13472,0.21
43461,C-230,Barcelona,Plan de jubilación,No,1633,0.21
43461,B-585,Gavà,Hipoteca,No,11093,0.21
43461,C-734,Gavà,Cuenta corriente,No,8289,0.21
43461,C-755,Gavà,Cuenta corriente,Si,1182,0.21
43461,B-590,Tarragona,Hipoteca,No,4000,0.21
43461,B-289,Tarragona,Plan de jubilación,No,13102,0.21
43461,B-590,Tarragona,Ahorros,Si,13346,0.21
43461,B-995,Tarragona,Fondo de inversión,No,578,0.21
43461,C-484,Girona,Cuenta corriente,No,3315,0.21
43461,C-197,Girona,Cuenta corriente,Si,5109,0.21
43461,B-518,Girona,Cuenta corriente,No,12669,0.21
43461,B-508,Girona,Hipoteca,No,7772,0.21
43461,C-700,Lleida,Plan de jubilación,Si,4459,0.21
43461,B-661,Lleida,Plan de jubilación,No,2728,0.21
43461,C-502,Lleida,Ahorros,Si,9913,0.21
43462,A-186,Barcelona,Fondo de inversión,Si,1741,0.21
43462,D-655,Barcelona,Plan de jubilación,No,4265,0.21
43462,D-250,Barcelona,Ahorros,No,733,0.21
43462,D-777,Barcelona,Plan de jubilación,No,8431,0.21
43462,C-780,Gavà,Hipoteca,Si,9584,0.21
43462,A-474,Gavà,Plan de jubilación,Si,3572,0.21
43462,C-134,Gavà,Hipoteca,Si,960,0.21
43462,A-911,Gavà,Ahorros,No,1622,0.21
43462,B-867,Gavà,Hipoteca,Si,5073,0.21
43462,B-365,Gavà,Hipoteca,No,13922,0.21
43462,D-797,Gavà,Fondo de inversión,No,5373,0.21
43462,D-830,Gavà,Fondo de inversión,Si,13703,0.21
43462,D-938,Tarragona,Ahorros,No,14817,0.21
43462,A-446,Tarragona,Fondo de inversión,Si,9306,0.21
43462,C-768,Girona,Ahorros,Si,11205,0.21
43462,B-120,Girona,Fondo de inversión,Si,13069,0.21
43462,D-128,Lleida,Ahorros,Si,8628,0.21
43462,B-925,Lleida,Fondo de inversión,No,4234,0.21
43462,D-799,Lleida,Hipoteca,Si,7207,0.21
43462,D-237,Lleida,Ahorros,No,4686,0.21
43463,D-949,Barcelona,Ahorros,No,7999,0.21
43463,C-740,Barcelona,Cuenta corriente,Si,6321,0.21
43463,B-275,Barcelona,Fondo de inversión,No,12783,0.21
43463,B-112,Barcelona,Cuenta corriente,No,13306,0.21
43463,C-511,Gavà,Ahorros,Si,6962,0.21
43463,D-251,Gavà,Cuenta corriente,Si,4319,0.21
43463,D-956,Tarragona,Cuenta corriente,No,10091,0.21
43463,B-308,Tarragona,Ahorros,Si,173,0.21
43463,C-440,Tarragona,Hipoteca,Si,9454,0.21
43463,D-496,Tarragona,Plan de jubilación,No,5365,0.21
43463,B-713,Girona,Hipoteca,Si,9286,0.21
43463,A-616,Girona,Cuenta corriente,No,12336,0.21
43463,B-469,Lleida,Fondo de inversión,No,11308,0.21
43463,C-525,Lleida,Hipoteca,No,7369,0.21
43463,A-651,Lleida,Fondo de inversión,No,8070,0.21
43463,C-748,Lleida,Fondo de inversión,No,2859,0.21
43463,A-822,Lleida,Fondo de inversión,Si,7958,0.21
43463,A-421,Lleida,Cuenta corriente,No,575,0.21
43464,A-623,Barcelona,Plan de jubilación,No,11883,0.21
43464,A-870,Barcelona,Ahorros,Si,12500,0.21
43464,A-823,Barcelona,Hipoteca,Si,6407,0.21
43464,A-865,Gavà,Cuenta corriente,No,3389,0.21
43464,C-638,Gavà,Plan de jubilación,Si,9441,0.21
43464,D-611,Gavà,Cuenta corriente,No,14111,0.21
43464,A-833,Tarragona,Plan de jubilación,No,5870,0.21
43464,B-248,Tarragona,Fondo de inversión,Si,4738,0.21
43464,B-181,Girona,Fondo de inversión,No,11796,0.21
43464,C-542,Girona,Plan de jubilación,No,5564,0.21
43464,C-432,Girona,Fondo de inversión,Si,8765,0.21
43464,C-325,Girona,Cuenta corriente,No,2983,0.21
43464,A-818,Girona,Fondo de inversión,No,3070,0.21
43464,B-638,Lleida,Plan de jubilación,No,2538,0.21
43464,C-204,Lleida,Ahorros,No,9206,0.21
43464,C-106,Lleida,Hipoteca,No,9621,0.21
43464,B-208,Lleida,Hipoteca,No,3504,0.21
43465,B-916,Barcelona,Ahorros,No,13562,0.21
43465,D-409,Barcelona,Cuenta corriente,Si,10902,0.21
43465,C-556,Barcelona,Cuenta corriente,Si,14066,0.21
43465,C-223,Barcelona,Hipoteca,No,14115,0.21
43465,B-736,Barcelona,Fondo de inversión,No,8812,0.21
43465,C-803,Barcelona,Cuenta corriente,Si,10751,0.21
43465,C-626,Barcelona,Cuenta corriente,No,14159,0.21
43465,A-125,Barcelona,Plan de jubilación,Si,3115,0.21
43465,C-933,Gavà,Fondo de inversión,No,7273,0.21
43465,A-623,Gavà,Cuenta corriente,Si,11307,0.21
43465,A-861,Gavà,Hipoteca,Si,14770,0.21
43465,D-236,Gavà,Ahorros,No,12949,0.21
43465,B-337,Gavà,Plan de jubilación,Si,1249,0.21
43465,D-966,Tarragona,Cuenta corriente,No,9925,0.21
43465,A-639,Girona,Fondo de inversión,Si,11445,0.21
43465,A-213,Girona,Ahorros,No,14314,0.21
43465,B-331,Girona,Plan de jubilación,No,14986,0.21
43465,C-963,Lleida,Fondo de inversión,Si,12454,0.21
43465,C-481,Lleida,Cuenta corriente,Si,11655,0.21
43465,A-387,Lleida,Fondo de inversión,Si,9597,0.21
43466,A-578,Barcelona,Plan de jubilación,Si,5158,0.21
43466,A-292,Barcelona,Ahorros,Si,14325,0.21
43466,B-451,Barcelona,Cuenta corriente,Si,4716,0.21
43466,C-275,Barcelona,Plan de jubilación,Si,6235,0.21
43466,D-752,Gavà,Ahorros,No,6297,0.21
43466,D-338,Gavà,Cuenta corriente,Si,8831,0.21
43466,A-354,Gavà,Hipoteca,Si,7813,0.21
43466,B-588,Gavà,Cuenta corriente,No,9534,0.21
43466,D-555,Gavà,Hipoteca,Si,10992,0.21
43466,D-596,Gavà,Cuenta corriente,Si,14996,0.21
43466,C-136,Gavà,Plan de jubilación,Si,2873,0.21
43466,D-250,Gavà,Hipoteca,Si,3164,0.21
43466,A-421,Tarragona,Ahorros,Si,5903,0.21
43466,D-106,Tarragona,Ahorros,Si,805,0.21
43466,D-715,Tarragona,Plan de jubilación,Si,10216,0.21
43466,A-876,Tarragona,Ahorros,Si,8035,0.21
43466,A-445,Tarragona,Plan de jubilación,No,10325,0.21
43466,A-492,Tarragona,Plan de jubilación,Si,5040,0.21
43466,C-837,Tarragona,Fondo de inversión,No,7975,0.21
43466,D-904,Tarragona,Cuenta corriente,No,7030,0.21
43466,C-879,Girona,Plan de jubilación,Si,7973,0.21
43466,A-931,Girona,Ahorros,Si,843,0.21
43466,C-516,Girona,Plan de jubilación,No,4986,0.21
43466,C-738,Girona,Ahorros,No,5888,0.21
43466,D-140,Girona,Ahorros,Si,2913,0.21
43466,B-501,Girona,Ahorros,No,3711,0.21
43466,D-798,Lleida,Fondo de inversión,Si,2281,0.21
43466,D-679,Lleida,Hipoteca,No,7627,0.21
43466,D-351,Lleida,Ahorros,Si,1708,0.21
43466,A-920,Lleida,Hipoteca,Si,3078,0.21
43467,D-654,Barcelona,Fondo de inversión,Si,14776,0.21
43467,B-974,Barcelona,Cuenta corriente,Si,1616,0.21
43467,D-886,Barcelona,Hipoteca,Si,4951,0.21
43467,C-194,Barcelona,Plan de jubilación,No,1142,0.21
43467,C-777,Barcelona,Cuenta corriente,Si,6691,0.21
43467,C-642,Barcelona,Hipoteca,No,11798,0.21
43467,C-562,Barcelona,Ahorros,Si,12022,0.21
43467,C-886,Gavà,Cuenta corriente,Si,733,0.21
43467,A-817,Gavà,Ahorros,No,10261,0.21
43467,C-780,Tarragona,Cuenta corriente,Si,3500,0.21
43467,A-672,Tarragona,Ahorros,Si,4007,0.21
43467,D-470,Tarragona,Hipoteca,Si,1550,0.21
43467,C-838,Tarragona,Hipoteca,No,7377,0.21
43467,C-285,Tarragona,Fondo de inversión,No,10601,0.21
43467,A-716,Girona,Fondo de inversión,No,771,0.21
43467,B-928,Girona,Ahorros,Si,9933,0.21
43467,A-325,Girona,Plan de jubilación,No,10800,0.21
43467,A-321,Girona,Plan de jubilación,Si,10497,0.21
43467,D-197,Lleida,Ahorros,Si,11977,0.21
43467,A-894,Lleida,Cuenta corriente,No,13986,0.21
43467,B-453,Lleida,Fondo de inversión,No,11791,0.21
43468,A-221,Barcelona,Hipoteca,No,14256,0.21
43468,C-160,Barcelona,Hipoteca,No,12578,0.21
43468,D-192,Gavà,Hipoteca,Si,12429,0.21
43468,C-404,Gavà,Plan de jubilación,Si,2142,0.21
43468,D-925,Gavà,Cuenta corriente,No,13197,0.21
43468,D-910,Tarragona,Hipoteca,Si,718,0.21
43468,A-750,Tarragona,Cuenta corriente,Si,12273,0.21
43468,D-191,Girona,Hipoteca,No,8916,0.21
43468,D-788,Girona,Ahorros,Si,7191,0.21
43468,A-639,Girona,Fondo de inversión,Si,12610,0.21
43468,B-394,Girona,Ahorros,Si,4186,0.21
43468,C-863,Lleida,Fondo de inversión,Si,2907,0.21
43468,A-295,Lleida,Hipoteca,Si,14300,0.21
43468,B-307,Lleida,Fondo de inversión,Si,3466,0.21
43468,A-780,Lleida,Cuenta corriente,No,3047,0.21
43468,A-936,Lleida,Hipoteca,No,2812,0.21
43468,A-512,Lleida,Hipoteca,Si,174,0.21
43469,A-243,Barcelona,Plan de jubilación,No,14452,0.21
43469,B-715,Barcelona,Fondo de inversión,No,7676,0.21
43469,D-311,Barcelona,Hipoteca,Si,3225,0.21
43469,D-624,Barcelona,Cuenta corriente,Si,4586,0.21
43469,C-509,Barcelona,Fondo de inversión,Si,14103,0.21
43469,B-289,Barcelona,Plan de jubilación,Si,13382,0.21
43469,C-569,Gavà,Hipoteca,No,12218,0.21
43469,A-303,Gavà,Plan de jubilación,No,13741,0.21
43469,B-823,Gavà,Cuenta corriente,No,13594,0.21
43469,A-313,Tarragona,Fondo de inversión,No,524,0.21
43469,C-993,Tarragona,Cuenta corriente,No,7302,0.21
43469,D-642,Girona,Ahorros,Si,731,0.21
43469,A-777,Girona,Plan de jubilación,No,9722,0.21
43469,A-184,Girona,Hipoteca,Si,6417,0.21
43469,B-459,Girona,Cuenta corriente,Si,9173,0.21
43469,A-589,Lleida,Cuenta corriente,No,8311,0.21
43469,C-965,Lleida,Cuenta corriente,Si,5872,0.21
43469,A-966,Lleida,Hipoteca,No,13527,0.21
43469,D-320,Lleida,Fondo de inversión,Si,6563,0.21
43469,B-701,Lleida,Cuenta corriente,Si,9767,0.21
43469,B-353,Lleida,Hipoteca,Si,12994,0.21
43469,B-123,Lleida,Cuenta corriente,Si,14259,0.21
